ISO-10303-21;
HEADER;
FILE_DESCRIPTION((''),'2;1');
FILE_NAME('LED_WD16D_ASM','2026-04-18T08:39:41',('admin'),(''),
'CREO PARAMETRIC BY PTC INC, 2024374','CREO PARAMETRIC BY PTC INC, 2024374','');
FILE_SCHEMA(('AUTOMOTIVE_DESIGN { 1 0 10303 214 1 1 1 1 }'));
ENDSEC;
DATA;
#72=CARTESIAN_POINT('',(0.E0,0.E0,1.5E0));
#73=DIRECTION('',(0.E0,0.E0,1.E0));
#74=DIRECTION('',(1.E0,0.E0,0.E0));
#75=AXIS2_PLACEMENT_3D('',#72,#73,#74);
#77=DRAUGHTING_PRE_DEFINED_CURVE_FONT('continuous');
#78=CURVE_STYLE('',#77,POSITIVE_LENGTH_MEASURE(2.E-2),#67);
#79=PRESENTATION_STYLE_ASSIGNMENT((#78));
#80=STYLED_ITEM('',(#79),#76);
#81=CARTESIAN_POINT('',(0.E0,0.E0,1.5E0));
#82=DIRECTION('',(0.E0,0.E0,1.E0));
#83=DIRECTION('',(-1.E0,0.E0,0.E0));
#84=AXIS2_PLACEMENT_3D('',#81,#82,#83);
#86=CURVE_STYLE('',#77,POSITIVE_LENGTH_MEASURE(2.E-2),#67);
#87=PRESENTATION_STYLE_ASSIGNMENT((#86));
#88=STYLED_ITEM('',(#87),#85);
#89=CARTESIAN_POINT('',(0.E0,0.E0,1.5E0));
#90=DIRECTION('',(0.E0,0.E0,-1.E0));
#91=DIRECTION('',(1.E0,0.E0,0.E0));
#92=AXIS2_PLACEMENT_3D('',#89,#90,#91);
#94=CURVE_STYLE('',#77,POSITIVE_LENGTH_MEASURE(2.E-2),#67);
#95=PRESENTATION_STYLE_ASSIGNMENT((#94));
#96=STYLED_ITEM('',(#95),#93);
#97=CARTESIAN_POINT('',(0.E0,0.E0,1.5E0));
#98=DIRECTION('',(0.E0,0.E0,-1.E0));
#99=DIRECTION('',(-1.E0,0.E0,0.E0));
#100=AXIS2_PLACEMENT_3D('',#97,#98,#99);
#102=CURVE_STYLE('',#77,POSITIVE_LENGTH_MEASURE(2.E-2),#67);
#103=PRESENTATION_STYLE_ASSIGNMENT((#102));
#104=STYLED_ITEM('',(#103),#101);
#105=CARTESIAN_POINT('',(0.E0,0.E0,1.482737733357E0));
#106=DIRECTION('',(0.E0,0.E0,1.E0));
#107=DIRECTION('',(1.E0,0.E0,0.E0));
#108=AXIS2_PLACEMENT_3D('',#105,#106,#107);
#110=CURVE_STYLE('',#77,POSITIVE_LENGTH_MEASURE(2.E-2),#67);
#111=PRESENTATION_STYLE_ASSIGNMENT((#110));
#112=STYLED_ITEM('',(#111),#109);
#113=CARTESIAN_POINT('',(6.962936341696E0,0.E0,1.35E0));
#114=DIRECTION('',(0.E0,1.E0,0.E0));
#115=DIRECTION('',(0.E0,0.E0,1.E0));
#116=AXIS2_PLACEMENT_3D('',#113,#114,#115);
#118=CURVE_STYLE('',#77,POSITIVE_LENGTH_MEASURE(2.E-2),#67);
#119=PRESENTATION_STYLE_ASSIGNMENT((#118));
#120=STYLED_ITEM('',(#119),#117);
#121=DIRECTION('',(8.849182223820E-1,0.E0,4.657464328326E-1));
#122=VECTOR('',#121,2.019467576895E0);
#123=CARTESIAN_POINT('',(-8.819861964925E0,0.E0,5.421779131974E-1));
#124=LINE('',#123,#122);
#125=CURVE_STYLE('',#77,POSITIVE_LENGTH_MEASURE(2.E-2),#67);
#126=PRESENTATION_STYLE_ASSIGNMENT((#125));
#127=STYLED_ITEM('',(#126),#124);
#128=DIRECTION('',(-8.849182223820E-1,0.E0,4.657464328326E-1));
#129=VECTOR('',#128,2.019467576895E0);
#130=CARTESIAN_POINT('',(8.819861964925E0,0.E0,5.421779131974E-1));
#131=LINE('',#130,#129);
#132=CURVE_STYLE('',#77,POSITIVE_LENGTH_MEASURE(2.E-2),#67);
#133=PRESENTATION_STYLE_ASSIGNMENT((#132));
#134=STYLED_ITEM('',(#133),#131);
#135=CARTESIAN_POINT('',(8.75E0,0.E0,4.094401798401E-1));
#136=DIRECTION('',(0.E0,-1.E0,0.E0));
#137=DIRECTION('',(1.E0,0.E0,0.E0));
#138=AXIS2_PLACEMENT_3D('',#135,#136,#137);
#140=CURVE_STYLE('',#77,POSITIVE_LENGTH_MEASURE(2.E-2),#67);
#141=PRESENTATION_STYLE_ASSIGNMENT((#140));
#142=STYLED_ITEM('',(#141),#139);
#143=CARTESIAN_POINT('',(0.E0,0.E0,4.094401798401E-1));
#144=DIRECTION('',(0.E0,0.E0,1.E0));
#145=DIRECTION('',(-1.E0,0.E0,0.E0));
#146=AXIS2_PLACEMENT_3D('',#143,#144,#145);
#148=CURVE_STYLE('',#77,POSITIVE_LENGTH_MEASURE(2.E-2),#67);
#149=PRESENTATION_STYLE_ASSIGNMENT((#148));
#150=STYLED_ITEM('',(#149),#147);
#151=CARTESIAN_POINT('',(0.E0,0.E0,5.421779131974E-1));
#152=DIRECTION('',(0.E0,0.E0,-1.E0));
#153=DIRECTION('',(1.E0,0.E0,0.E0));
#154=AXIS2_PLACEMENT_3D('',#151,#152,#153);
#156=CURVE_STYLE('',#77,POSITIVE_LENGTH_MEASURE(2.E-2),#67);
#157=PRESENTATION_STYLE_ASSIGNMENT((#156));
#158=STYLED_ITEM('',(#157),#155);
#159=CARTESIAN_POINT('',(0.E0,0.E0,5.421779131974E-1));
#160=DIRECTION('',(0.E0,0.E0,-1.E0));
#161=DIRECTION('',(-1.E0,0.E0,0.E0));
#162=AXIS2_PLACEMENT_3D('',#159,#160,#161);
#164=CURVE_STYLE('',#77,POSITIVE_LENGTH_MEASURE(2.E-2),#67);
#165=PRESENTATION_STYLE_ASSIGNMENT((#164));
#166=STYLED_ITEM('',(#165),#163);
#167=CARTESIAN_POINT('',(-8.75E0,0.E0,4.094401798401E-1));
#168=DIRECTION('',(0.E0,1.E0,0.E0));
#169=DIRECTION('',(-1.E0,0.E0,0.E0));
#170=AXIS2_PLACEMENT_3D('',#167,#168,#169);
#172=CURVE_STYLE('',#77,POSITIVE_LENGTH_MEASURE(2.E-2),#67);
#173=PRESENTATION_STYLE_ASSIGNMENT((#172));
#174=STYLED_ITEM('',(#173),#171);
#175=CARTESIAN_POINT('',(0.E0,0.E0,4.094401798401E-1));
#176=DIRECTION('',(0.E0,0.E0,1.E0));
#177=DIRECTION('',(1.E0,0.E0,0.E0));
#178=AXIS2_PLACEMENT_3D('',#175,#176,#177);
#180=CURVE_STYLE('',#77,POSITIVE_LENGTH_MEASURE(2.E-2),#67);
#181=PRESENTATION_STYLE_ASSIGNMENT((#180));
#182=STYLED_ITEM('',(#181),#179);
#183=CARTESIAN_POINT('',(0.E0,0.E0,1.5E-1));
#184=DIRECTION('',(0.E0,0.E0,1.E0));
#185=DIRECTION('',(1.E0,0.E0,0.E0));
#186=AXIS2_PLACEMENT_3D('',#183,#184,#185);
#188=CURVE_STYLE('',#77,POSITIVE_LENGTH_MEASURE(2.E-2),#67);
#189=PRESENTATION_STYLE_ASSIGNMENT((#188));
#190=STYLED_ITEM('',(#189),#187);
#191=DIRECTION('',(0.E0,1.595198481093E-12,1.E0));
#192=VECTOR('',#191,2.594401798401E-1);
#193=CARTESIAN_POINT('',(8.9E0,-4.138585808155E-13,1.5E-1));
#194=LINE('',#193,#192);
#195=CURVE_STYLE('',#77,POSITIVE_LENGTH_MEASURE(2.E-2),#67);
#196=PRESENTATION_STYLE_ASSIGNMENT((#195));
#197=STYLED_ITEM('',(#196),#194);
#198=DIRECTION('',(0.E0,1.595819807197E-12,-1.E0));
#199=VECTOR('',#198,2.594401798401E-1);
#200=CARTESIAN_POINT('',(-8.9E0,0.E0,4.094401798401E-1));
#201=LINE('',#200,#199);
#202=CURVE_STYLE('',#77,POSITIVE_LENGTH_MEASURE(2.E-2),#67);
#203=PRESENTATION_STYLE_ASSIGNMENT((#202));
#204=STYLED_ITEM('',(#203),#201);
#205=CARTESIAN_POINT('',(8.75E0,-6.782491235313E-12,1.5E-1));
#206=DIRECTION('',(7.751412359203E-13,1.E0,0.E0));
#207=DIRECTION('',(1.E0,-7.751412359203E-13,0.E0));
#208=AXIS2_PLACEMENT_3D('',#205,#206,#207);
#210=CURVE_STYLE('',#77,POSITIVE_LENGTH_MEASURE(2.E-2),#67);
#211=PRESENTATION_STYLE_ASSIGNMENT((#210));
#212=STYLED_ITEM('',(#211),#209);
#213=CARTESIAN_POINT('',(-8.75E0,6.785558226419E-12,1.5E-1));
#214=DIRECTION('',(-7.754916500624E-13,-1.E0,0.E0));
#215=DIRECTION('',(-1.E0,7.754916500624E-13,0.E0));
#216=AXIS2_PLACEMENT_3D('',#213,#214,#215);
#218=CURVE_STYLE('',#77,POSITIVE_LENGTH_MEASURE(2.E-2),#67);
#219=PRESENTATION_STYLE_ASSIGNMENT((#218));
#220=STYLED_ITEM('',(#219),#217);
#221=CARTESIAN_POINT('',(0.E0,0.E0,1.5E-1));
#222=DIRECTION('',(0.E0,0.E0,1.E0));
#223=DIRECTION('',(-1.E0,0.E0,0.E0));
#224=AXIS2_PLACEMENT_3D('',#221,#222,#223);
#226=CURVE_STYLE('',#77,POSITIVE_LENGTH_MEASURE(2.E-2),#67);
#227=PRESENTATION_STYLE_ASSIGNMENT((#226));
#228=STYLED_ITEM('',(#227),#225);
#229=CARTESIAN_POINT('',(0.E0,0.E0,0.E0));
#230=DIRECTION('',(0.E0,0.E0,1.E0));
#231=DIRECTION('',(1.E0,0.E0,0.E0));
#232=AXIS2_PLACEMENT_3D('',#229,#230,#231);
#234=CURVE_STYLE('',#77,POSITIVE_LENGTH_MEASURE(2.E-2),#67);
#235=PRESENTATION_STYLE_ASSIGNMENT((#234));
#236=STYLED_ITEM('',(#235),#233);
#237=CARTESIAN_POINT('',(0.E0,0.E0,0.E0));
#238=DIRECTION('',(0.E0,0.E0,1.E0));
#239=DIRECTION('',(-1.E0,0.E0,0.E0));
#240=AXIS2_PLACEMENT_3D('',#237,#238,#239);
#242=CURVE_STYLE('',#77,POSITIVE_LENGTH_MEASURE(2.E-2),#67);
#243=PRESENTATION_STYLE_ASSIGNMENT((#242));
#244=STYLED_ITEM('',(#243),#241);
#245=CARTESIAN_POINT('',(0.E0,0.E0,0.E0));
#246=DIRECTION('',(0.E0,0.E0,1.E0));
#247=DIRECTION('',(-1.E0,0.E0,0.E0));
#248=AXIS2_PLACEMENT_3D('',#245,#246,#247);
#250=CURVE_STYLE('',#77,POSITIVE_LENGTH_MEASURE(2.E-2),#67);
#251=PRESENTATION_STYLE_ASSIGNMENT((#250));
#252=STYLED_ITEM('',(#251),#249);
#253=CARTESIAN_POINT('',(0.E0,0.E0,0.E0));
#254=DIRECTION('',(0.E0,0.E0,1.E0));
#255=DIRECTION('',(1.E0,0.E0,0.E0));
#256=AXIS2_PLACEMENT_3D('',#253,#254,#255);
#258=CURVE_STYLE('',#77,POSITIVE_LENGTH_MEASURE(2.E-2),#67);
#259=PRESENTATION_STYLE_ASSIGNMENT((#258));
#260=STYLED_ITEM('',(#259),#257);
#261=CARTESIAN_POINT('',(0.E0,0.E0,-1.E0));
#262=DIRECTION('',(0.E0,0.E0,1.E0));
#263=DIRECTION('',(1.E0,0.E0,0.E0));
#264=AXIS2_PLACEMENT_3D('',#261,#262,#263);
#266=CURVE_STYLE('',#77,POSITIVE_LENGTH_MEASURE(2.E-2),#67);
#267=PRESENTATION_STYLE_ASSIGNMENT((#266));
#268=STYLED_ITEM('',(#267),#265);
#269=DIRECTION('',(-1.315703102196E-10,-2.630186175634E-9,-1.E0));
#270=VECTOR('',#269,9.999999998684E-1);
#271=CARTESIAN_POINT('',(7.5E0,0.E0,0.E0));
#272=LINE('',#271,#270);
#273=CURVE_STYLE('',#77,POSITIVE_LENGTH_MEASURE(2.E-2),#67);
#274=PRESENTATION_STYLE_ASSIGNMENT((#273));
#275=STYLED_ITEM('',(#274),#272);
#276=DIRECTION('',(7.071067811865E-1,-2.479747212611E-10,-7.071067811865E-1));
#277=VECTOR('',#276,7.071067811741E-1);
#278=CARTESIAN_POINT('',(7.499999999868E0,-2.630186787611E-9,
-9.999999998684E-1));
#279=LINE('',#278,#277);
#280=CURVE_STYLE('',#77,POSITIVE_LENGTH_MEASURE(2.E-2),#67);
#281=PRESENTATION_STYLE_ASSIGNMENT((#280));
#282=STYLED_ITEM('',(#281),#279);
#283=DIRECTION('',(-7.071067811865E-1,2.479731188047E-10,-7.071067811865E-1));
#284=VECTOR('',#283,7.071067811741E-1);
#285=CARTESIAN_POINT('',(-7.499999999868E0,2.630187474154E-9,
-9.999999998684E-1));
#286=LINE('',#285,#284);
#287=CURVE_STYLE('',#77,POSITIVE_LENGTH_MEASURE(2.E-2),#67);
#288=PRESENTATION_STYLE_ASSIGNMENT((#287));
#289=STYLED_ITEM('',(#288),#286);
#290=CARTESIAN_POINT('',(0.E0,0.E0,-1.E0));
#291=DIRECTION('',(0.E0,0.E0,1.E0));
#292=DIRECTION('',(-1.E0,0.E0,0.E0));
#293=AXIS2_PLACEMENT_3D('',#290,#291,#292);
#295=CURVE_STYLE('',#77,POSITIVE_LENGTH_MEASURE(2.E-2),#67);
#296=PRESENTATION_STYLE_ASSIGNMENT((#295));
#297=STYLED_ITEM('',(#296),#294);
#298=DIRECTION('',(1.315703102196E-10,2.630186556015E-9,-1.E0));
#299=VECTOR('',#298,9.999999998684E-1);
#300=CARTESIAN_POINT('',(-7.5E0,0.E0,0.E0));
#301=LINE('',#300,#299);
#302=CURVE_STYLE('',#77,POSITIVE_LENGTH_MEASURE(2.E-2),#67);
#303=PRESENTATION_STYLE_ASSIGNMENT((#302));
#304=STYLED_ITEM('',(#303),#301);
#305=CARTESIAN_POINT('',(0.E0,0.E0,-1.31E1));
#306=DIRECTION('',(0.E0,0.E0,-1.E0));
#307=DIRECTION('',(1.E0,0.E0,0.E0));
#308=AXIS2_PLACEMENT_3D('',#305,#306,#307);
#310=CURVE_STYLE('',#77,POSITIVE_LENGTH_MEASURE(2.E-2),#67);
#311=PRESENTATION_STYLE_ASSIGNMENT((#310));
#312=STYLED_ITEM('',(#311),#309);
#313=CARTESIAN_POINT('',(0.E0,0.E0,-1.5E0));
#314=DIRECTION('',(0.E0,0.E0,1.E0));
#315=DIRECTION('',(-1.E0,0.E0,0.E0));
#316=AXIS2_PLACEMENT_3D('',#313,#314,#315);
#318=CURVE_STYLE('',#77,POSITIVE_LENGTH_MEASURE(2.E-2),#67);
#319=PRESENTATION_STYLE_ASSIGNMENT((#318));
#320=STYLED_ITEM('',(#319),#317);
#321=DIRECTION('',(5.789851356866E-12,1.253015633165E-10,-1.E0));
#322=VECTOR('',#321,1.160000000021E1);
#323=CARTESIAN_POINT('',(7.999999999860E0,-2.805531394575E-9,
-1.499999999860E0));
#324=LINE('',#323,#322);
#325=CURVE_STYLE('',#77,POSITIVE_LENGTH_MEASURE(2.E-2),#67);
#326=PRESENTATION_STYLE_ASSIGNMENT((#325));
#327=STYLED_ITEM('',(#326),#324);
#328=DIRECTION('',(7.071067811865E-1,-1.195031262797E-10,7.071067811865E-1));
#329=VECTOR('',#328,7.071067811801E-1);
#330=CARTESIAN_POINT('',(7.499999999931E0,-1.267531789112E-9,
-1.360000000007E1));
#331=LINE('',#330,#329);
#332=CURVE_STYLE('',#77,POSITIVE_LENGTH_MEASURE(2.E-2),#67);
#333=PRESENTATION_STYLE_ASSIGNMENT((#332));
#334=STYLED_ITEM('',(#333),#331);
#335=CARTESIAN_POINT('',(0.E0,0.E0,-1.36E1));
#336=DIRECTION('',(0.E0,0.E0,-1.E0));
#337=DIRECTION('',(1.E0,0.E0,0.E0));
#338=AXIS2_PLACEMENT_3D('',#335,#336,#337);
#340=CURVE_STYLE('',#77,POSITIVE_LENGTH_MEASURE(2.E-2),#67);
#341=PRESENTATION_STYLE_ASSIGNMENT((#340));
#342=STYLED_ITEM('',(#341),#339);
#343=DIRECTION('',(1.294353513247E-11,-6.168222079839E-10,-1.E0));
#344=VECTOR('',#343,3.200000000029E0);
#345=CARTESIAN_POINT('',(7.499999999931E0,-1.267531789112E-9,
-1.360000000007E1));
#346=LINE('',#345,#344);
#347=CURVE_STYLE('',#77,POSITIVE_LENGTH_MEASURE(2.E-2),#67);
#348=PRESENTATION_STYLE_ASSIGNMENT((#347));
#349=STYLED_ITEM('',(#348),#346);
#350=CARTESIAN_POINT('',(0.E0,0.E0,-1.68E1));
#351=DIRECTION('',(0.E0,0.E0,-1.E0));
#352=DIRECTION('',(1.E0,0.E0,0.E0));
#353=AXIS2_PLACEMENT_3D('',#350,#351,#352);
#355=CURVE_STYLE('',#77,POSITIVE_LENGTH_MEASURE(2.E-2),#67);
#356=PRESENTATION_STYLE_ASSIGNMENT((#355));
#357=STYLED_ITEM('',(#356),#354);
#358=CARTESIAN_POINT('',(0.E0,0.E0,-1.36E1));
#359=DIRECTION('',(0.E0,0.E0,-1.E0));
#360=DIRECTION('',(-1.E0,0.E0,0.E0));
#361=AXIS2_PLACEMENT_3D('',#358,#359,#360);
#363=CURVE_STYLE('',#77,POSITIVE_LENGTH_MEASURE(2.E-2),#67);
#364=PRESENTATION_STYLE_ASSIGNMENT((#363));
#365=STYLED_ITEM('',(#364),#362);
#366=DIRECTION('',(-1.294242490945E-11,6.168226772686E-10,-1.E0));
#367=VECTOR('',#366,3.200000000029E0);
#368=CARTESIAN_POINT('',(-7.499999999931E0,1.267530658505E-9,
-1.360000000007E1));
#369=LINE('',#368,#367);
#370=CURVE_STYLE('',#77,POSITIVE_LENGTH_MEASURE(2.E-2),#67);
#371=PRESENTATION_STYLE_ASSIGNMENT((#370));
#372=STYLED_ITEM('',(#371),#369);
#373=CARTESIAN_POINT('',(0.E0,0.E0,-1.68E1));
#374=DIRECTION('',(0.E0,0.E0,-1.E0));
#375=DIRECTION('',(-1.E0,0.E0,0.E0));
#376=AXIS2_PLACEMENT_3D('',#373,#374,#375);
#378=CURVE_STYLE('',#77,POSITIVE_LENGTH_MEASURE(2.E-2),#67);
#379=PRESENTATION_STYLE_ASSIGNMENT((#378));
#380=STYLED_ITEM('',(#379),#377);
#381=DIRECTION('',(-7.071067811865E-1,1.195019876943E-10,7.071067811865E-1));
#382=VECTOR('',#381,7.071067811801E-1);
#383=CARTESIAN_POINT('',(-7.499999999931E0,1.267530658505E-9,
-1.360000000007E1));
#384=LINE('',#383,#382);
#385=CURVE_STYLE('',#77,POSITIVE_LENGTH_MEASURE(2.E-2),#67);
#386=PRESENTATION_STYLE_ASSIGNMENT((#385));
#387=STYLED_ITEM('',(#386),#384);
#388=CARTESIAN_POINT('',(0.E0,0.E0,-1.31E1));
#389=DIRECTION('',(0.E0,0.E0,-1.E0));
#390=DIRECTION('',(-1.E0,0.E0,0.E0));
#391=AXIS2_PLACEMENT_3D('',#388,#389,#390);
#393=CURVE_STYLE('',#77,POSITIVE_LENGTH_MEASURE(2.E-2),#67);
#394=PRESENTATION_STYLE_ASSIGNMENT((#393));
#395=STYLED_ITEM('',(#394),#392);
#396=CARTESIAN_POINT('',(0.E0,0.E0,-1.5E0));
#397=DIRECTION('',(0.E0,0.E0,1.E0));
#398=DIRECTION('',(1.E0,0.E0,0.E0));
#399=AXIS2_PLACEMENT_3D('',#396,#397,#398);
#401=CURVE_STYLE('',#77,POSITIVE_LENGTH_MEASURE(2.E-2),#67);
#402=PRESENTATION_STYLE_ASSIGNMENT((#401));
#403=STYLED_ITEM('',(#402),#400);
#404=DIRECTION('',(-5.789851356866E-12,-1.253016916910E-10,-1.E0));
#405=VECTOR('',#404,1.160000000021E1);
#406=CARTESIAN_POINT('',(-7.999999999860E0,2.805530948010E-9,
-1.499999999860E0));
#407=LINE('',#406,#405);
#408=CURVE_STYLE('',#77,POSITIVE_LENGTH_MEASURE(2.E-2),#67);
#409=PRESENTATION_STYLE_ASSIGNMENT((#408));
#410=STYLED_ITEM('',(#409),#407);
#411=DIRECTION('',(-2.676438637861E-1,1.156707755874E-10,9.635179096299E-1));
#412=VECTOR('',#411,1.868154169220E0);
#413=CARTESIAN_POINT('',(-6.999999999975E0,3.025272384112E-9,
-1.860000000009E1));
#414=LINE('',#413,#412);
#415=CURVE_STYLE('',#77,POSITIVE_LENGTH_MEASURE(2.E-2),#67);
#416=PRESENTATION_STYLE_ASSIGNMENT((#415));
#417=STYLED_ITEM('',(#416),#414);
#418=CARTESIAN_POINT('',(0.E0,0.E0,-2.6E1));
#419=DIRECTION('',(0.E0,0.E0,-1.E0));
#420=DIRECTION('',(-1.E0,0.E0,0.E0));
#421=AXIS2_PLACEMENT_3D('',#418,#419,#420);
#423=CURVE_STYLE('',#77,POSITIVE_LENGTH_MEASURE(2.E-2),#67);
#424=PRESENTATION_STYLE_ASSIGNMENT((#423));
#425=STYLED_ITEM('',(#424),#422);
#426=CARTESIAN_POINT('',(0.E0,0.E0,-1.86E1));
#427=DIRECTION('',(0.E0,0.E0,-1.E0));
#428=DIRECTION('',(-1.E0,0.E0,0.E0));
#429=AXIS2_PLACEMENT_3D('',#426,#427,#428);
#431=CURVE_STYLE('',#77,POSITIVE_LENGTH_MEASURE(2.E-2),#67);
#432=PRESENTATION_STYLE_ASSIGNMENT((#431));
#433=STYLED_ITEM('',(#432),#430);
#434=DIRECTION('',(-3.429568941193E-12,-4.086939891989E-10,-1.E0));
#435=VECTOR('',#434,7.399999999909E0);
#436=CARTESIAN_POINT('',(-6.999999999975E0,3.025272384112E-9,
-1.860000000009E1));
#437=LINE('',#436,#435);
#438=CURVE_STYLE('',#77,POSITIVE_LENGTH_MEASURE(2.E-2),#67);
#439=PRESENTATION_STYLE_ASSIGNMENT((#438));
#440=STYLED_ITEM('',(#439),#437);
#441=CARTESIAN_POINT('',(-6.5E0,-4.330216740733E-12,-2.6E1));
#442=DIRECTION('',(-6.661858564794E-13,1.E0,0.E0));
#443=DIRECTION('',(0.E0,0.E0,-1.E0));
#444=AXIS2_PLACEMENT_3D('',#441,#442,#443);
#446=CURVE_STYLE('',#77,POSITIVE_LENGTH_MEASURE(2.E-2),#67);
#447=PRESENTATION_STYLE_ASSIGNMENT((#446));
#448=STYLED_ITEM('',(#447),#445);
#449=CARTESIAN_POINT('',(0.E0,0.E0,-2.65E1));
#450=DIRECTION('',(0.E0,0.E0,-1.E0));
#451=DIRECTION('',(1.E0,0.E0,0.E0));
#452=AXIS2_PLACEMENT_3D('',#449,#450,#451);
#454=CURVE_STYLE('',#77,POSITIVE_LENGTH_MEASURE(2.E-2),#67);
#455=PRESENTATION_STYLE_ASSIGNMENT((#454));
#456=STYLED_ITEM('',(#455),#453);
#457=CARTESIAN_POINT('',(0.E0,0.E0,-2.65E1));
#458=DIRECTION('',(0.E0,0.E0,-1.E0));
#459=DIRECTION('',(-1.E0,0.E0,0.E0));
#460=AXIS2_PLACEMENT_3D('',#457,#458,#459);
#462=CURVE_STYLE('',#77,POSITIVE_LENGTH_MEASURE(2.E-2),#67);
#463=PRESENTATION_STYLE_ASSIGNMENT((#462));
#464=STYLED_ITEM('',(#463),#461);
#465=DIRECTION('',(0.E0,-1.E0,0.E0));
#466=VECTOR('',#465,5.E-1);
#467=CARTESIAN_POINT('',(2.4E0,5.75E0,-2.65E1));
#468=LINE('',#467,#466);
#469=CURVE_STYLE('',#77,POSITIVE_LENGTH_MEASURE(2.E-2),#67);
#470=PRESENTATION_STYLE_ASSIGNMENT((#469));
#471=STYLED_ITEM('',(#470),#468);
#472=DIRECTION('',(-1.E0,0.E0,0.E0));
#473=VECTOR('',#472,4.8E0);
#474=CARTESIAN_POINT('',(2.4E0,5.25E0,-2.65E1));
#475=LINE('',#474,#473);
#476=CURVE_STYLE('',#77,POSITIVE_LENGTH_MEASURE(2.E-2),#67);
#477=PRESENTATION_STYLE_ASSIGNMENT((#476));
#478=STYLED_ITEM('',(#477),#475);
#479=DIRECTION('',(0.E0,1.E0,0.E0));
#480=VECTOR('',#479,5.E-1);
#481=CARTESIAN_POINT('',(-2.4E0,5.25E0,-2.65E1));
#482=LINE('',#481,#480);
#483=CURVE_STYLE('',#77,POSITIVE_LENGTH_MEASURE(2.E-2),#67);
#484=PRESENTATION_STYLE_ASSIGNMENT((#483));
#485=STYLED_ITEM('',(#484),#482);
#486=DIRECTION('',(1.E0,0.E0,0.E0));
#487=VECTOR('',#486,4.8E0);
#488=CARTESIAN_POINT('',(-2.4E0,5.75E0,-2.65E1));
#489=LINE('',#488,#487);
#490=CURVE_STYLE('',#77,POSITIVE_LENGTH_MEASURE(2.E-2),#67);
#491=PRESENTATION_STYLE_ASSIGNMENT((#490));
#492=STYLED_ITEM('',(#491),#489);
#493=DIRECTION('',(0.E0,-1.E0,0.E0));
#494=VECTOR('',#493,2.8E0);
#495=CARTESIAN_POINT('',(-5.E0,1.4E0,-2.65E1));
#496=LINE('',#495,#494);
#497=CURVE_STYLE('',#77,POSITIVE_LENGTH_MEASURE(2.E-2),#67);
#498=PRESENTATION_STYLE_ASSIGNMENT((#497));
#499=STYLED_ITEM('',(#498),#496);
#500=DIRECTION('',(-1.E0,0.E0,0.E0));
#501=VECTOR('',#500,5.E-1);
#502=CARTESIAN_POINT('',(-5.E0,-1.4E0,-2.65E1));
#503=LINE('',#502,#501);
#504=CURVE_STYLE('',#77,POSITIVE_LENGTH_MEASURE(2.E-2),#67);
#505=PRESENTATION_STYLE_ASSIGNMENT((#504));
#506=STYLED_ITEM('',(#505),#503);
#507=DIRECTION('',(0.E0,1.E0,0.E0));
#508=VECTOR('',#507,2.8E0);
#509=CARTESIAN_POINT('',(-5.5E0,-1.4E0,-2.65E1));
#510=LINE('',#509,#508);
#511=CURVE_STYLE('',#77,POSITIVE_LENGTH_MEASURE(2.E-2),#67);
#512=PRESENTATION_STYLE_ASSIGNMENT((#511));
#513=STYLED_ITEM('',(#512),#510);
#514=DIRECTION('',(1.E0,0.E0,0.E0));
#515=VECTOR('',#514,5.E-1);
#516=CARTESIAN_POINT('',(-5.5E0,1.4E0,-2.65E1));
#517=LINE('',#516,#515);
#518=CURVE_STYLE('',#77,POSITIVE_LENGTH_MEASURE(2.E-2),#67);
#519=PRESENTATION_STYLE_ASSIGNMENT((#518));
#520=STYLED_ITEM('',(#519),#517);
#521=DIRECTION('',(1.E0,0.E0,0.E0));
#522=VECTOR('',#521,5.E-1);
#523=CARTESIAN_POINT('',(5.E0,1.4E0,-2.65E1));
#524=LINE('',#523,#522);
#525=CURVE_STYLE('',#77,POSITIVE_LENGTH_MEASURE(2.E-2),#67);
#526=PRESENTATION_STYLE_ASSIGNMENT((#525));
#527=STYLED_ITEM('',(#526),#524);
#528=DIRECTION('',(0.E0,-1.E0,0.E0));
#529=VECTOR('',#528,2.8E0);
#530=CARTESIAN_POINT('',(5.5E0,1.4E0,-2.65E1));
#531=LINE('',#530,#529);
#532=CURVE_STYLE('',#77,POSITIVE_LENGTH_MEASURE(2.E-2),#67);
#533=PRESENTATION_STYLE_ASSIGNMENT((#532));
#534=STYLED_ITEM('',(#533),#531);
#535=DIRECTION('',(-1.E0,0.E0,0.E0));
#536=VECTOR('',#535,5.E-1);
#537=CARTESIAN_POINT('',(5.5E0,-1.4E0,-2.65E1));
#538=LINE('',#537,#536);
#539=CURVE_STYLE('',#77,POSITIVE_LENGTH_MEASURE(2.E-2),#67);
#540=PRESENTATION_STYLE_ASSIGNMENT((#539));
#541=STYLED_ITEM('',(#540),#538);
#542=DIRECTION('',(0.E0,1.E0,0.E0));
#543=VECTOR('',#542,2.8E0);
#544=CARTESIAN_POINT('',(5.E0,-1.4E0,-2.65E1));
#545=LINE('',#544,#543);
#546=CURVE_STYLE('',#77,POSITIVE_LENGTH_MEASURE(2.E-2),#67);
#547=PRESENTATION_STYLE_ASSIGNMENT((#546));
#548=STYLED_ITEM('',(#547),#545);
#549=DIRECTION('',(-1.E0,0.E0,0.E0));
#550=VECTOR('',#549,4.8E0);
#551=CARTESIAN_POINT('',(2.4E0,-5.75E0,-2.65E1));
#552=LINE('',#551,#550);
#553=CURVE_STYLE('',#77,POSITIVE_LENGTH_MEASURE(2.E-2),#67);
#554=PRESENTATION_STYLE_ASSIGNMENT((#553));
#555=STYLED_ITEM('',(#554),#552);
#556=DIRECTION('',(0.E0,1.E0,0.E0));
#557=VECTOR('',#556,5.E-1);
#558=CARTESIAN_POINT('',(-2.4E0,-5.75E0,-2.65E1));
#559=LINE('',#558,#557);
#560=CURVE_STYLE('',#77,POSITIVE_LENGTH_MEASURE(2.E-2),#67);
#561=PRESENTATION_STYLE_ASSIGNMENT((#560));
#562=STYLED_ITEM('',(#561),#559);
#563=DIRECTION('',(1.E0,0.E0,0.E0));
#564=VECTOR('',#563,4.8E0);
#565=CARTESIAN_POINT('',(-2.4E0,-5.25E0,-2.65E1));
#566=LINE('',#565,#564);
#567=CURVE_STYLE('',#77,POSITIVE_LENGTH_MEASURE(2.E-2),#67);
#568=PRESENTATION_STYLE_ASSIGNMENT((#567));
#569=STYLED_ITEM('',(#568),#566);
#570=DIRECTION('',(0.E0,-1.E0,0.E0));
#571=VECTOR('',#570,5.E-1);
#572=CARTESIAN_POINT('',(2.4E0,-5.25E0,-2.65E1));
#573=LINE('',#572,#571);
#574=CURVE_STYLE('',#77,POSITIVE_LENGTH_MEASURE(2.E-2),#67);
#575=PRESENTATION_STYLE_ASSIGNMENT((#574));
#576=STYLED_ITEM('',(#575),#573);
#577=CARTESIAN_POINT('',(6.5E0,4.328704061862E-12,-2.6E1));
#578=DIRECTION('',(6.659534035336E-13,-1.E0,0.E0));
#579=DIRECTION('',(0.E0,0.E0,-1.E0));
#580=AXIS2_PLACEMENT_3D('',#577,#578,#579);
#582=CURVE_STYLE('',#77,POSITIVE_LENGTH_MEASURE(2.E-2),#67);
#583=PRESENTATION_STYLE_ASSIGNMENT((#582));
#584=STYLED_ITEM('',(#583),#581);
#585=CARTESIAN_POINT('',(0.E0,0.E0,-2.6E1));
#586=DIRECTION('',(0.E0,0.E0,-1.E0));
#587=DIRECTION('',(1.E0,0.E0,0.E0));
#588=AXIS2_PLACEMENT_3D('',#585,#586,#587);
#590=CURVE_STYLE('',#77,POSITIVE_LENGTH_MEASURE(2.E-2),#67);
#591=PRESENTATION_STYLE_ASSIGNMENT((#590));
#592=STYLED_ITEM('',(#591),#589);
#593=CARTESIAN_POINT('',(0.E0,0.E0,-1.86E1));
#594=DIRECTION('',(0.E0,0.E0,-1.E0));
#595=DIRECTION('',(1.E0,0.E0,0.E0));
#596=AXIS2_PLACEMENT_3D('',#593,#594,#595);
#598=CURVE_STYLE('',#77,POSITIVE_LENGTH_MEASURE(2.E-2),#67);
#599=PRESENTATION_STYLE_ASSIGNMENT((#598));
#600=STYLED_ITEM('',(#599),#597);
#601=DIRECTION('',(3.429088844749E-12,4.086938066222E-10,-1.E0));
#602=VECTOR('',#601,7.399999999909E0);
#603=CARTESIAN_POINT('',(6.999999999975E0,-3.025272171965E-9,
-1.860000000009E1));
#604=LINE('',#603,#602);
#605=CURVE_STYLE('',#77,POSITIVE_LENGTH_MEASURE(2.E-2),#67);
#606=PRESENTATION_STYLE_ASSIGNMENT((#605));
#607=STYLED_ITEM('',(#606),#604);
#608=DIRECTION('',(2.676438637861E-1,-1.156706904998E-10,9.635179096299E-1));
#609=VECTOR('',#608,1.868154169220E0);
#610=CARTESIAN_POINT('',(6.999999999975E0,-3.025272171965E-9,
-1.860000000009E1));
#611=LINE('',#610,#609);
#612=CURVE_STYLE('',#77,POSITIVE_LENGTH_MEASURE(2.E-2),#67);
#613=PRESENTATION_STYLE_ASSIGNMENT((#612));
#614=STYLED_ITEM('',(#613),#611);
#615=DIRECTION('',(0.E0,1.E0,0.E0));
#616=VECTOR('',#615,5.E-1);
#617=CARTESIAN_POINT('',(2.4E0,5.25E0,-3.218196601125E1));
#618=LINE('',#617,#616);
#619=CURVE_STYLE('',#77,POSITIVE_LENGTH_MEASURE(2.E-2),#67);
#620=PRESENTATION_STYLE_ASSIGNMENT((#619));
#621=STYLED_ITEM('',(#620),#618);
#622=DIRECTION('',(0.E0,0.E0,-1.E0));
#623=VECTOR('',#622,5.681966011250E0);
#624=CARTESIAN_POINT('',(2.4E0,5.75E0,-2.65E1));
#625=LINE('',#624,#623);
#626=CURVE_STYLE('',#77,POSITIVE_LENGTH_MEASURE(2.E-2),#67);
#627=PRESENTATION_STYLE_ASSIGNMENT((#626));
#628=STYLED_ITEM('',(#627),#625);
#629=CARTESIAN_POINT('',(-1.9E0,5.75E0,-3.218196601125E1));
#630=DIRECTION('',(0.E0,1.E0,0.E0));
#631=DIRECTION('',(-8.944271909999E-1,0.E0,-4.472135954999E-1));
#632=AXIS2_PLACEMENT_3D('',#629,#630,#631);
#634=CURVE_STYLE('',#77,POSITIVE_LENGTH_MEASURE(2.E-2),#67);
#635=PRESENTATION_STYLE_ASSIGNMENT((#634));
#636=STYLED_ITEM('',(#635),#633);
#637=DIRECTION('',(-4.472135955E-1,0.E0,8.944271909999E-1));
#638=VECTOR('',#637,6.909830056251E-1);
#639=CARTESIAN_POINT('',(-2.038196601125E0,5.75E0,-3.302360679775E1));
#640=LINE('',#639,#638);
#641=CURVE_STYLE('',#77,POSITIVE_LENGTH_MEASURE(2.E-2),#67);
#642=PRESENTATION_STYLE_ASSIGNMENT((#641));
#643=STYLED_ITEM('',(#642),#640);
#644=CARTESIAN_POINT('',(-1.590983005625E0,5.75E0,-3.28E1));
#645=DIRECTION('',(0.E0,1.E0,0.E0));
#646=DIRECTION('',(-1.243449787580E-14,0.E0,-1.E0));
#647=AXIS2_PLACEMENT_3D('',#644,#645,#646);
#649=CURVE_STYLE('',#77,POSITIVE_LENGTH_MEASURE(2.E-2),#67);
#650=PRESENTATION_STYLE_ASSIGNMENT((#649));
#651=STYLED_ITEM('',(#650),#648);
#652=CARTESIAN_POINT('',(1.590983005625E0,5.75E0,-3.28E1));
#653=DIRECTION('',(0.E0,1.E0,0.E0));
#654=DIRECTION('',(8.944271909999E-1,0.E0,-4.472135955E-1));
#655=AXIS2_PLACEMENT_3D('',#652,#653,#654);
#657=CURVE_STYLE('',#77,POSITIVE_LENGTH_MEASURE(2.E-2),#67);
#658=PRESENTATION_STYLE_ASSIGNMENT((#657));
#659=STYLED_ITEM('',(#658),#656);
#660=DIRECTION('',(-4.472135955E-1,0.E0,-8.944271909999E-1));
#661=VECTOR('',#660,6.909830056250E-1);
#662=CARTESIAN_POINT('',(2.347213595500E0,5.75E0,-3.240557280900E1));
#663=LINE('',#662,#661);
#664=CURVE_STYLE('',#77,POSITIVE_LENGTH_MEASURE(2.E-2),#67);
#665=PRESENTATION_STYLE_ASSIGNMENT((#664));
#666=STYLED_ITEM('',(#665),#663);
#667=CARTESIAN_POINT('',(1.9E0,5.75E0,-3.218196601125E1));
#668=DIRECTION('',(0.E0,1.E0,0.E0));
#669=DIRECTION('',(1.E0,0.E0,0.E0));
#670=AXIS2_PLACEMENT_3D('',#667,#668,#669);
#672=CURVE_STYLE('',#77,POSITIVE_LENGTH_MEASURE(2.E-2),#67);
#673=PRESENTATION_STYLE_ASSIGNMENT((#672));
#674=STYLED_ITEM('',(#673),#671);
#675=DIRECTION('',(0.E0,0.E0,-1.E0));
#676=VECTOR('',#675,5.681966011250E0);
#677=CARTESIAN_POINT('',(-2.4E0,5.75E0,-2.65E1));
#678=LINE('',#677,#676);
#679=CURVE_STYLE('',#77,POSITIVE_LENGTH_MEASURE(2.E-2),#67);
#680=PRESENTATION_STYLE_ASSIGNMENT((#679));
#681=STYLED_ITEM('',(#680),#678);
#682=CARTESIAN_POINT('',(0.E0,5.75E0,-3.12E1));
#683=DIRECTION('',(0.E0,1.E0,0.E0));
#684=DIRECTION('',(-1.E0,0.E0,0.E0));
#685=AXIS2_PLACEMENT_3D('',#682,#683,#684);
#687=CURVE_STYLE('',#77,POSITIVE_LENGTH_MEASURE(2.E-2),#67);
#688=PRESENTATION_STYLE_ASSIGNMENT((#687));
#689=STYLED_ITEM('',(#688),#686);
#690=DIRECTION('',(0.E0,0.E0,1.E0));
#691=VECTOR('',#690,7.E-1);
#692=CARTESIAN_POINT('',(4.E-1,5.75E0,-3.19E1));
#693=LINE('',#692,#691);
#694=CURVE_STYLE('',#77,POSITIVE_LENGTH_MEASURE(2.E-2),#67);
#695=PRESENTATION_STYLE_ASSIGNMENT((#694));
#696=STYLED_ITEM('',(#695),#693);
#697=CARTESIAN_POINT('',(0.E0,5.75E0,-3.19E1));
#698=DIRECTION('',(0.E0,1.E0,0.E0));
#699=DIRECTION('',(1.E0,0.E0,0.E0));
#700=AXIS2_PLACEMENT_3D('',#697,#698,#699);
#702=CURVE_STYLE('',#77,POSITIVE_LENGTH_MEASURE(2.E-2),#67);
#703=PRESENTATION_STYLE_ASSIGNMENT((#702));
#704=STYLED_ITEM('',(#703),#701);
#705=DIRECTION('',(0.E0,0.E0,-1.E0));
#706=VECTOR('',#705,7.E-1);
#707=CARTESIAN_POINT('',(-4.E-1,5.75E0,-3.12E1));
#708=LINE('',#707,#706);
#709=CURVE_STYLE('',#77,POSITIVE_LENGTH_MEASURE(2.E-2),#67);
#710=PRESENTATION_STYLE_ASSIGNMENT((#709));
#711=STYLED_ITEM('',(#710),#708);
#712=CARTESIAN_POINT('',(-1.9E0,5.25E0,-3.218196601125E1));
#713=DIRECTION('',(0.E0,-1.E0,0.E0));
#714=DIRECTION('',(-1.E0,0.E0,0.E0));
#715=AXIS2_PLACEMENT_3D('',#712,#713,#714);
#717=CURVE_STYLE('',#77,POSITIVE_LENGTH_MEASURE(2.E-2),#67);
#718=PRESENTATION_STYLE_ASSIGNMENT((#717));
#719=STYLED_ITEM('',(#718),#716);
#720=DIRECTION('',(0.E0,0.E0,-1.E0));
#721=VECTOR('',#720,5.681966011250E0);
#722=CARTESIAN_POINT('',(2.4E0,5.25E0,-2.65E1));
#723=LINE('',#722,#721);
#724=CURVE_STYLE('',#77,POSITIVE_LENGTH_MEASURE(2.E-2),#67);
#725=PRESENTATION_STYLE_ASSIGNMENT((#724));
#726=STYLED_ITEM('',(#725),#723);
#727=CARTESIAN_POINT('',(1.9E0,5.25E0,-3.218196601125E1));
#728=DIRECTION('',(0.E0,-1.E0,0.E0));
#729=DIRECTION('',(8.944271909999E-1,0.E0,-4.472135954999E-1));
#730=AXIS2_PLACEMENT_3D('',#727,#728,#729);
#732=CURVE_STYLE('',#77,POSITIVE_LENGTH_MEASURE(2.E-2),#67);
#733=PRESENTATION_STYLE_ASSIGNMENT((#732));
#734=STYLED_ITEM('',(#733),#731);
#735=DIRECTION('',(4.472135955E-1,0.E0,8.944271909999E-1));
#736=VECTOR('',#735,6.909830056251E-1);
#737=CARTESIAN_POINT('',(2.038196601125E0,5.25E0,-3.302360679775E1));
#738=LINE('',#737,#736);
#739=CURVE_STYLE('',#77,POSITIVE_LENGTH_MEASURE(2.E-2),#67);
#740=PRESENTATION_STYLE_ASSIGNMENT((#739));
#741=STYLED_ITEM('',(#740),#738);
#742=CARTESIAN_POINT('',(1.590983005625E0,5.25E0,-3.28E1));
#743=DIRECTION('',(0.E0,-1.E0,0.E0));
#744=DIRECTION('',(1.243449787580E-14,0.E0,-1.E0));
#745=AXIS2_PLACEMENT_3D('',#742,#743,#744);
#747=CURVE_STYLE('',#77,POSITIVE_LENGTH_MEASURE(2.E-2),#67);
#748=PRESENTATION_STYLE_ASSIGNMENT((#747));
#749=STYLED_ITEM('',(#748),#746);
#750=CARTESIAN_POINT('',(-1.590983005625E0,5.25E0,-3.28E1));
#751=DIRECTION('',(0.E0,-1.E0,0.E0));
#752=DIRECTION('',(-8.944271909999E-1,0.E0,-4.472135955E-1));
#753=AXIS2_PLACEMENT_3D('',#750,#751,#752);
#755=CURVE_STYLE('',#77,POSITIVE_LENGTH_MEASURE(2.E-2),#67);
#756=PRESENTATION_STYLE_ASSIGNMENT((#755));
#757=STYLED_ITEM('',(#756),#754);
#758=DIRECTION('',(4.472135955E-1,0.E0,-8.944271909999E-1));
#759=VECTOR('',#758,6.909830056250E-1);
#760=CARTESIAN_POINT('',(-2.347213595500E0,5.25E0,-3.240557280900E1));
#761=LINE('',#760,#759);
#762=CURVE_STYLE('',#77,POSITIVE_LENGTH_MEASURE(2.E-2),#67);
#763=PRESENTATION_STYLE_ASSIGNMENT((#762));
#764=STYLED_ITEM('',(#763),#761);
#765=DIRECTION('',(0.E0,0.E0,1.E0));
#766=VECTOR('',#765,7.E-1);
#767=CARTESIAN_POINT('',(4.E-1,5.25E0,-3.19E1));
#768=LINE('',#767,#766);
#769=CURVE_STYLE('',#77,POSITIVE_LENGTH_MEASURE(2.E-2),#67);
#770=PRESENTATION_STYLE_ASSIGNMENT((#769));
#771=STYLED_ITEM('',(#770),#768);
#772=CARTESIAN_POINT('',(0.E0,5.25E0,-3.12E1));
#773=DIRECTION('',(0.E0,-1.E0,0.E0));
#774=DIRECTION('',(1.E0,0.E0,0.E0));
#775=AXIS2_PLACEMENT_3D('',#772,#773,#774);
#777=CURVE_STYLE('',#77,POSITIVE_LENGTH_MEASURE(2.E-2),#67);
#778=PRESENTATION_STYLE_ASSIGNMENT((#777));
#779=STYLED_ITEM('',(#778),#776);
#780=DIRECTION('',(0.E0,0.E0,-1.E0));
#781=VECTOR('',#780,7.E-1);
#782=CARTESIAN_POINT('',(-4.E-1,5.25E0,-3.12E1));
#783=LINE('',#782,#781);
#784=CURVE_STYLE('',#77,POSITIVE_LENGTH_MEASURE(2.E-2),#67);
#785=PRESENTATION_STYLE_ASSIGNMENT((#784));
#786=STYLED_ITEM('',(#785),#783);
#787=CARTESIAN_POINT('',(0.E0,5.25E0,-3.19E1));
#788=DIRECTION('',(0.E0,-1.E0,0.E0));
#789=DIRECTION('',(-1.E0,0.E0,0.E0));
#790=AXIS2_PLACEMENT_3D('',#787,#788,#789);
#792=CURVE_STYLE('',#77,POSITIVE_LENGTH_MEASURE(2.E-2),#67);
#793=PRESENTATION_STYLE_ASSIGNMENT((#792));
#794=STYLED_ITEM('',(#793),#791);
#795=DIRECTION('',(0.E0,-1.E0,0.E0));
#796=VECTOR('',#795,5.E-1);
#797=CARTESIAN_POINT('',(-2.4E0,5.75E0,-3.218196601125E1));
#798=LINE('',#797,#796);
#799=CURVE_STYLE('',#77,POSITIVE_LENGTH_MEASURE(2.E-2),#67);
#800=PRESENTATION_STYLE_ASSIGNMENT((#799));
#801=STYLED_ITEM('',(#800),#798);
#802=DIRECTION('',(0.E0,0.E0,-1.E0));
#803=VECTOR('',#802,5.681966011250E0);
#804=CARTESIAN_POINT('',(-2.4E0,5.25E0,-2.65E1));
#805=LINE('',#804,#803);
#806=CURVE_STYLE('',#77,POSITIVE_LENGTH_MEASURE(2.E-2),#67);
#807=PRESENTATION_STYLE_ASSIGNMENT((#806));
#808=STYLED_ITEM('',(#807),#805);
#809=DIRECTION('',(0.E0,1.E0,-1.421085471520E-14));
#810=VECTOR('',#809,5.E-1);
#811=CARTESIAN_POINT('',(2.347213595500E0,5.25E0,-3.240557280900E1));
#812=LINE('',#811,#810);
#813=CURVE_STYLE('',#77,POSITIVE_LENGTH_MEASURE(2.E-2),#67);
#814=PRESENTATION_STYLE_ASSIGNMENT((#813));
#815=STYLED_ITEM('',(#814),#812);
#816=DIRECTION('',(0.E0,-1.E0,0.E0));
#817=VECTOR('',#816,5.E-1);
#818=CARTESIAN_POINT('',(2.038196601125E0,5.75E0,-3.302360679775E1));
#819=LINE('',#818,#817);
#820=CURVE_STYLE('',#77,POSITIVE_LENGTH_MEASURE(2.E-2),#67);
#821=PRESENTATION_STYLE_ASSIGNMENT((#820));
#822=STYLED_ITEM('',(#821),#819);
#823=DIRECTION('',(0.E0,-1.E0,0.E0));
#824=VECTOR('',#823,5.E-1);
#825=CARTESIAN_POINT('',(1.590983005625E0,-5.25E0,-3.33E1));
#826=LINE('',#825,#824);
#827=CURVE_STYLE('',#77,POSITIVE_LENGTH_MEASURE(2.E-2),#67);
#828=PRESENTATION_STYLE_ASSIGNMENT((#827));
#829=STYLED_ITEM('',(#828),#826);
#830=DIRECTION('',(1.E0,0.E0,0.E0));
#831=VECTOR('',#830,3.181966011250E0);
#832=CARTESIAN_POINT('',(-1.590983005625E0,-5.25E0,-3.33E1));
#833=LINE('',#832,#831);
#834=CURVE_STYLE('',#77,POSITIVE_LENGTH_MEASURE(2.E-2),#67);
#835=PRESENTATION_STYLE_ASSIGNMENT((#834));
#836=STYLED_ITEM('',(#835),#833);
#837=DIRECTION('',(0.E0,1.E0,0.E0));
#838=VECTOR('',#837,5.E-1);
#839=CARTESIAN_POINT('',(-1.590983005625E0,-5.75E0,-3.33E1));
#840=LINE('',#839,#838);
#841=CURVE_STYLE('',#77,POSITIVE_LENGTH_MEASURE(2.E-2),#67);
#842=PRESENTATION_STYLE_ASSIGNMENT((#841));
#843=STYLED_ITEM('',(#842),#840);
#844=DIRECTION('',(-1.E0,0.E0,0.E0));
#845=VECTOR('',#844,3.181966011250E0);
#846=CARTESIAN_POINT('',(1.590983005625E0,-5.75E0,-3.33E1));
#847=LINE('',#846,#845);
#848=CURVE_STYLE('',#77,POSITIVE_LENGTH_MEASURE(2.E-2),#67);
#849=PRESENTATION_STYLE_ASSIGNMENT((#848));
#850=STYLED_ITEM('',(#849),#847);
#851=DIRECTION('',(-1.E0,0.E0,0.E0));
#852=VECTOR('',#851,5.E-1);
#853=CARTESIAN_POINT('',(-5.E0,-5.909830056251E-1,-3.33E1));
#854=LINE('',#853,#852);
#855=CURVE_STYLE('',#77,POSITIVE_LENGTH_MEASURE(2.E-2),#67);
#856=PRESENTATION_STYLE_ASSIGNMENT((#855));
#857=STYLED_ITEM('',(#856),#854);
#858=DIRECTION('',(0.E0,-1.E0,0.E0));
#859=VECTOR('',#858,1.181966011250E0);
#860=CARTESIAN_POINT('',(-5.E0,5.909830056251E-1,-3.33E1));
#861=LINE('',#860,#859);
#862=CURVE_STYLE('',#77,POSITIVE_LENGTH_MEASURE(2.E-2),#67);
#863=PRESENTATION_STYLE_ASSIGNMENT((#862));
#864=STYLED_ITEM('',(#863),#861);
#865=DIRECTION('',(1.E0,0.E0,0.E0));
#866=VECTOR('',#865,5.E-1);
#867=CARTESIAN_POINT('',(-5.5E0,5.909830056251E-1,-3.33E1));
#868=LINE('',#867,#866);
#869=CURVE_STYLE('',#77,POSITIVE_LENGTH_MEASURE(2.E-2),#67);
#870=PRESENTATION_STYLE_ASSIGNMENT((#869));
#871=STYLED_ITEM('',(#870),#868);
#872=DIRECTION('',(0.E0,1.E0,0.E0));
#873=VECTOR('',#872,1.181966011250E0);
#874=CARTESIAN_POINT('',(-5.5E0,-5.909830056251E-1,-3.33E1));
#875=LINE('',#874,#873);
#876=CURVE_STYLE('',#77,POSITIVE_LENGTH_MEASURE(2.E-2),#67);
#877=PRESENTATION_STYLE_ASSIGNMENT((#876));
#878=STYLED_ITEM('',(#877),#875);
#879=DIRECTION('',(-1.E0,0.E0,0.E0));
#880=VECTOR('',#879,5.E-1);
#881=CARTESIAN_POINT('',(5.5E0,-5.909830056251E-1,-3.33E1));
#882=LINE('',#881,#880);
#883=CURVE_STYLE('',#77,POSITIVE_LENGTH_MEASURE(2.E-2),#67);
#884=PRESENTATION_STYLE_ASSIGNMENT((#883));
#885=STYLED_ITEM('',(#884),#882);
#886=DIRECTION('',(0.E0,-1.E0,0.E0));
#887=VECTOR('',#886,1.181966011250E0);
#888=CARTESIAN_POINT('',(5.5E0,5.909830056251E-1,-3.33E1));
#889=LINE('',#888,#887);
#890=CURVE_STYLE('',#77,POSITIVE_LENGTH_MEASURE(2.E-2),#67);
#891=PRESENTATION_STYLE_ASSIGNMENT((#890));
#892=STYLED_ITEM('',(#891),#889);
#893=DIRECTION('',(1.E0,0.E0,0.E0));
#894=VECTOR('',#893,5.E-1);
#895=CARTESIAN_POINT('',(5.E0,5.909830056251E-1,-3.33E1));
#896=LINE('',#895,#894);
#897=CURVE_STYLE('',#77,POSITIVE_LENGTH_MEASURE(2.E-2),#67);
#898=PRESENTATION_STYLE_ASSIGNMENT((#897));
#899=STYLED_ITEM('',(#898),#896);
#900=DIRECTION('',(0.E0,1.E0,0.E0));
#901=VECTOR('',#900,1.181966011250E0);
#902=CARTESIAN_POINT('',(5.E0,-5.909830056251E-1,-3.33E1));
#903=LINE('',#902,#901);
#904=CURVE_STYLE('',#77,POSITIVE_LENGTH_MEASURE(2.E-2),#67);
#905=PRESENTATION_STYLE_ASSIGNMENT((#904));
#906=STYLED_ITEM('',(#905),#903);
#907=DIRECTION('',(0.E0,-1.E0,0.E0));
#908=VECTOR('',#907,5.E-1);
#909=CARTESIAN_POINT('',(1.590983005625E0,5.75E0,-3.33E1));
#910=LINE('',#909,#908);
#911=CURVE_STYLE('',#77,POSITIVE_LENGTH_MEASURE(2.E-2),#67);
#912=PRESENTATION_STYLE_ASSIGNMENT((#911));
#913=STYLED_ITEM('',(#912),#910);
#914=DIRECTION('',(1.E0,0.E0,0.E0));
#915=VECTOR('',#914,3.181966011250E0);
#916=CARTESIAN_POINT('',(-1.590983005625E0,5.75E0,-3.33E1));
#917=LINE('',#916,#915);
#918=CURVE_STYLE('',#77,POSITIVE_LENGTH_MEASURE(2.E-2),#67);
#919=PRESENTATION_STYLE_ASSIGNMENT((#918));
#920=STYLED_ITEM('',(#919),#917);
#921=DIRECTION('',(0.E0,1.E0,0.E0));
#922=VECTOR('',#921,5.E-1);
#923=CARTESIAN_POINT('',(-1.590983005625E0,5.25E0,-3.33E1));
#924=LINE('',#923,#922);
#925=CURVE_STYLE('',#77,POSITIVE_LENGTH_MEASURE(2.E-2),#67);
#926=PRESENTATION_STYLE_ASSIGNMENT((#925));
#927=STYLED_ITEM('',(#926),#924);
#928=DIRECTION('',(-1.E0,0.E0,0.E0));
#929=VECTOR('',#928,3.181966011250E0);
#930=CARTESIAN_POINT('',(1.590983005625E0,5.25E0,-3.33E1));
#931=LINE('',#930,#929);
#932=CURVE_STYLE('',#77,POSITIVE_LENGTH_MEASURE(2.E-2),#67);
#933=PRESENTATION_STYLE_ASSIGNMENT((#932));
#934=STYLED_ITEM('',(#933),#931);
#935=CARTESIAN_POINT('',(1.9E0,-5.75E0,-3.218196601125E1));
#936=DIRECTION('',(0.E0,-1.E0,0.E0));
#937=DIRECTION('',(8.944271909999E-1,0.E0,-4.472135954999E-1));
#938=AXIS2_PLACEMENT_3D('',#935,#936,#937);
#940=CURVE_STYLE('',#77,POSITIVE_LENGTH_MEASURE(2.E-2),#67);
#941=PRESENTATION_STYLE_ASSIGNMENT((#940));
#942=STYLED_ITEM('',(#941),#939);
#943=DIRECTION('',(4.472135955E-1,0.E0,8.944271909999E-1));
#944=VECTOR('',#943,6.909830056251E-1);
#945=CARTESIAN_POINT('',(2.038196601125E0,-5.75E0,-3.302360679775E1));
#946=LINE('',#945,#944);
#947=CURVE_STYLE('',#77,POSITIVE_LENGTH_MEASURE(2.E-2),#67);
#948=PRESENTATION_STYLE_ASSIGNMENT((#947));
#949=STYLED_ITEM('',(#948),#946);
#950=CARTESIAN_POINT('',(1.590983005625E0,-5.75E0,-3.28E1));
#951=DIRECTION('',(0.E0,-1.E0,0.E0));
#952=DIRECTION('',(2.575717417130E-14,0.E0,-1.E0));
#953=AXIS2_PLACEMENT_3D('',#950,#951,#952);
#955=CURVE_STYLE('',#77,POSITIVE_LENGTH_MEASURE(2.E-2),#67);
#956=PRESENTATION_STYLE_ASSIGNMENT((#955));
#957=STYLED_ITEM('',(#956),#954);
#958=CARTESIAN_POINT('',(-1.590983005625E0,-5.75E0,-3.28E1));
#959=DIRECTION('',(0.E0,-1.E0,0.E0));
#960=DIRECTION('',(-8.944271909999E-1,0.E0,-4.472135955E-1));
#961=AXIS2_PLACEMENT_3D('',#958,#959,#960);
#963=CURVE_STYLE('',#77,POSITIVE_LENGTH_MEASURE(2.E-2),#67);
#964=PRESENTATION_STYLE_ASSIGNMENT((#963));
#965=STYLED_ITEM('',(#964),#962);
#966=DIRECTION('',(4.472135955E-1,0.E0,-8.944271909999E-1));
#967=VECTOR('',#966,6.909830056250E-1);
#968=CARTESIAN_POINT('',(-2.347213595500E0,-5.75E0,-3.240557280900E1));
#969=LINE('',#968,#967);
#970=CURVE_STYLE('',#77,POSITIVE_LENGTH_MEASURE(2.E-2),#67);
#971=PRESENTATION_STYLE_ASSIGNMENT((#970));
#972=STYLED_ITEM('',(#971),#969);
#973=CARTESIAN_POINT('',(-1.9E0,-5.75E0,-3.218196601125E1));
#974=DIRECTION('',(0.E0,-1.E0,0.E0));
#975=DIRECTION('',(-1.E0,0.E0,0.E0));
#976=AXIS2_PLACEMENT_3D('',#973,#974,#975);
#978=CURVE_STYLE('',#77,POSITIVE_LENGTH_MEASURE(2.E-2),#67);
#979=PRESENTATION_STYLE_ASSIGNMENT((#978));
#980=STYLED_ITEM('',(#979),#977);
#981=DIRECTION('',(0.E0,0.E0,-1.E0));
#982=VECTOR('',#981,5.681966011250E0);
#983=CARTESIAN_POINT('',(2.4E0,-5.75E0,-2.65E1));
#984=LINE('',#983,#982);
#985=CURVE_STYLE('',#77,POSITIVE_LENGTH_MEASURE(2.E-2),#67);
#986=PRESENTATION_STYLE_ASSIGNMENT((#985));
#987=STYLED_ITEM('',(#986),#984);
#988=DIRECTION('',(0.E0,0.E0,1.E0));
#989=VECTOR('',#988,7.E-1);
#990=CARTESIAN_POINT('',(4.E-1,-5.75E0,-3.19E1));
#991=LINE('',#990,#989);
#992=CURVE_STYLE('',#77,POSITIVE_LENGTH_MEASURE(2.E-2),#67);
#993=PRESENTATION_STYLE_ASSIGNMENT((#992));
#994=STYLED_ITEM('',(#993),#991);
#995=CARTESIAN_POINT('',(0.E0,-5.75E0,-3.12E1));
#996=DIRECTION('',(0.E0,-1.E0,0.E0));
#997=DIRECTION('',(1.E0,0.E0,0.E0));
#998=AXIS2_PLACEMENT_3D('',#995,#996,#997);
#1000=CURVE_STYLE('',#77,POSITIVE_LENGTH_MEASURE(2.E-2),#67);
#1001=PRESENTATION_STYLE_ASSIGNMENT((#1000));
#1002=STYLED_ITEM('',(#1001),#999);
#1003=DIRECTION('',(0.E0,0.E0,-1.E0));
#1004=VECTOR('',#1003,7.E-1);
#1005=CARTESIAN_POINT('',(-4.E-1,-5.75E0,-3.12E1));
#1006=LINE('',#1005,#1004);
#1007=CURVE_STYLE('',#77,POSITIVE_LENGTH_MEASURE(2.E-2),#67);
#1008=PRESENTATION_STYLE_ASSIGNMENT((#1007));
#1009=STYLED_ITEM('',(#1008),#1006);
#1010=CARTESIAN_POINT('',(0.E0,-5.75E0,-3.19E1));
#1011=DIRECTION('',(0.E0,-1.E0,0.E0));
#1012=DIRECTION('',(-1.E0,0.E0,0.E0));
#1013=AXIS2_PLACEMENT_3D('',#1010,#1011,#1012);
#1015=CURVE_STYLE('',#77,POSITIVE_LENGTH_MEASURE(2.E-2),#67);
#1016=PRESENTATION_STYLE_ASSIGNMENT((#1015));
#1017=STYLED_ITEM('',(#1016),#1014);
#1018=CARTESIAN_POINT('',(1.9E0,-5.25E0,-3.218196601125E1));
#1019=DIRECTION('',(0.E0,1.E0,0.E0));
#1020=DIRECTION('',(1.E0,0.E0,0.E0));
#1021=AXIS2_PLACEMENT_3D('',#1018,#1019,#1020);
#1023=CURVE_STYLE('',#77,POSITIVE_LENGTH_MEASURE(2.E-2),#67);
#1024=PRESENTATION_STYLE_ASSIGNMENT((#1023));
#1025=STYLED_ITEM('',(#1024),#1022);
#1026=DIRECTION('',(0.E0,0.E0,-1.E0));
#1027=VECTOR('',#1026,5.681966011250E0);
#1028=CARTESIAN_POINT('',(-2.4E0,-5.25E0,-2.65E1));
#1029=LINE('',#1028,#1027);
#1030=CURVE_STYLE('',#77,POSITIVE_LENGTH_MEASURE(2.E-2),#67);
#1031=PRESENTATION_STYLE_ASSIGNMENT((#1030));
#1032=STYLED_ITEM('',(#1031),#1029);
#1033=CARTESIAN_POINT('',(-1.9E0,-5.25E0,-3.218196601125E1));
#1034=DIRECTION('',(0.E0,1.E0,0.E0));
#1035=DIRECTION('',(-8.944271909999E-1,0.E0,-4.472135954999E-1));
#1036=AXIS2_PLACEMENT_3D('',#1033,#1034,#1035);
#1038=CURVE_STYLE('',#77,POSITIVE_LENGTH_MEASURE(2.E-2),#67);
#1039=PRESENTATION_STYLE_ASSIGNMENT((#1038));
#1040=STYLED_ITEM('',(#1039),#1037);
#1041=DIRECTION('',(-4.472135955E-1,0.E0,8.944271909999E-1));
#1042=VECTOR('',#1041,6.909830056251E-1);
#1043=CARTESIAN_POINT('',(-2.038196601125E0,-5.25E0,-3.302360679775E1));
#1044=LINE('',#1043,#1042);
#1045=CURVE_STYLE('',#77,POSITIVE_LENGTH_MEASURE(2.E-2),#67);
#1046=PRESENTATION_STYLE_ASSIGNMENT((#1045));
#1047=STYLED_ITEM('',(#1046),#1044);
#1048=CARTESIAN_POINT('',(-1.590983005625E0,-5.25E0,-3.28E1));
#1049=DIRECTION('',(0.E0,1.E0,0.E0));
#1050=DIRECTION('',(-1.243449787580E-14,0.E0,-1.E0));
#1051=AXIS2_PLACEMENT_3D('',#1048,#1049,#1050);
#1053=CURVE_STYLE('',#77,POSITIVE_LENGTH_MEASURE(2.E-2),#67);
#1054=PRESENTATION_STYLE_ASSIGNMENT((#1053));
#1055=STYLED_ITEM('',(#1054),#1052);
#1056=CARTESIAN_POINT('',(1.590983005625E0,-5.25E0,-3.28E1));
#1057=DIRECTION('',(0.E0,1.E0,0.E0));
#1058=DIRECTION('',(8.944271909999E-1,0.E0,-4.472135955E-1));
#1059=AXIS2_PLACEMENT_3D('',#1056,#1057,#1058);
#1061=CURVE_STYLE('',#77,POSITIVE_LENGTH_MEASURE(2.E-2),#67);
#1062=PRESENTATION_STYLE_ASSIGNMENT((#1061));
#1063=STYLED_ITEM('',(#1062),#1060);
#1064=DIRECTION('',(-4.472135955E-1,0.E0,-8.944271909999E-1));
#1065=VECTOR('',#1064,6.909830056250E-1);
#1066=CARTESIAN_POINT('',(2.347213595500E0,-5.25E0,-3.240557280900E1));
#1067=LINE('',#1066,#1065);
#1068=CURVE_STYLE('',#77,POSITIVE_LENGTH_MEASURE(2.E-2),#67);
#1069=PRESENTATION_STYLE_ASSIGNMENT((#1068));
#1070=STYLED_ITEM('',(#1069),#1067);
#1071=CARTESIAN_POINT('',(0.E0,-5.25E0,-3.12E1));
#1072=DIRECTION('',(0.E0,1.E0,0.E0));
#1073=DIRECTION('',(-1.E0,0.E0,0.E0));
#1074=AXIS2_PLACEMENT_3D('',#1071,#1072,#1073);
#1076=CURVE_STYLE('',#77,POSITIVE_LENGTH_MEASURE(2.E-2),#67);
#1077=PRESENTATION_STYLE_ASSIGNMENT((#1076));
#1078=STYLED_ITEM('',(#1077),#1075);
#1079=DIRECTION('',(0.E0,0.E0,1.E0));
#1080=VECTOR('',#1079,7.E-1);
#1081=CARTESIAN_POINT('',(4.E-1,-5.25E0,-3.19E1));
#1082=LINE('',#1081,#1080);
#1083=CURVE_STYLE('',#77,POSITIVE_LENGTH_MEASURE(2.E-2),#67);
#1084=PRESENTATION_STYLE_ASSIGNMENT((#1083));
#1085=STYLED_ITEM('',(#1084),#1082);
#1086=CARTESIAN_POINT('',(0.E0,-5.25E0,-3.19E1));
#1087=DIRECTION('',(0.E0,1.E0,0.E0));
#1088=DIRECTION('',(1.E0,0.E0,0.E0));
#1089=AXIS2_PLACEMENT_3D('',#1086,#1087,#1088);
#1091=CURVE_STYLE('',#77,POSITIVE_LENGTH_MEASURE(2.E-2),#67);
#1092=PRESENTATION_STYLE_ASSIGNMENT((#1091));
#1093=STYLED_ITEM('',(#1092),#1090);
#1094=DIRECTION('',(0.E0,0.E0,-1.E0));
#1095=VECTOR('',#1094,7.E-1);
#1096=CARTESIAN_POINT('',(-4.E-1,-5.25E0,-3.12E1));
#1097=LINE('',#1096,#1095);
#1098=CURVE_STYLE('',#77,POSITIVE_LENGTH_MEASURE(2.E-2),#67);
#1099=PRESENTATION_STYLE_ASSIGNMENT((#1098));
#1100=STYLED_ITEM('',(#1099),#1097);
#1101=DIRECTION('',(0.E0,1.E0,0.E0));
#1102=VECTOR('',#1101,5.E-1);
#1103=CARTESIAN_POINT('',(2.4E0,-5.75E0,-3.218196601125E1));
#1104=LINE('',#1103,#1102);
#1105=CURVE_STYLE('',#77,POSITIVE_LENGTH_MEASURE(2.E-2),#67);
#1106=PRESENTATION_STYLE_ASSIGNMENT((#1105));
#1107=STYLED_ITEM('',(#1106),#1104);
#1108=DIRECTION('',(0.E0,0.E0,-1.E0));
#1109=VECTOR('',#1108,5.681966011250E0);
#1110=CARTESIAN_POINT('',(2.4E0,-5.25E0,-2.65E1));
#1111=LINE('',#1110,#1109);
#1112=CURVE_STYLE('',#77,POSITIVE_LENGTH_MEASURE(2.E-2),#67);
#1113=PRESENTATION_STYLE_ASSIGNMENT((#1112));
#1114=STYLED_ITEM('',(#1113),#1111);
#1115=DIRECTION('',(0.E0,-1.E0,0.E0));
#1116=VECTOR('',#1115,5.E-1);
#1117=CARTESIAN_POINT('',(-2.4E0,-5.25E0,-3.218196601125E1));
#1118=LINE('',#1117,#1116);
#1119=CURVE_STYLE('',#77,POSITIVE_LENGTH_MEASURE(2.E-2),#67);
#1120=PRESENTATION_STYLE_ASSIGNMENT((#1119));
#1121=STYLED_ITEM('',(#1120),#1118);
#1122=DIRECTION('',(0.E0,0.E0,-1.E0));
#1123=VECTOR('',#1122,5.681966011250E0);
#1124=CARTESIAN_POINT('',(-2.4E0,-5.75E0,-2.65E1));
#1125=LINE('',#1124,#1123);
#1126=CURVE_STYLE('',#77,POSITIVE_LENGTH_MEASURE(2.E-2),#67);
#1127=PRESENTATION_STYLE_ASSIGNMENT((#1126));
#1128=STYLED_ITEM('',(#1127),#1125);
#1129=DIRECTION('',(0.E0,-1.E0,-1.421085471520E-14));
#1130=VECTOR('',#1129,5.E-1);
#1131=CARTESIAN_POINT('',(-2.347213595500E0,-5.25E0,-3.240557280900E1));
#1132=LINE('',#1131,#1130);
#1133=CURVE_STYLE('',#77,POSITIVE_LENGTH_MEASURE(2.E-2),#67);
#1134=PRESENTATION_STYLE_ASSIGNMENT((#1133));
#1135=STYLED_ITEM('',(#1134),#1132);
#1136=DIRECTION('',(0.E0,1.E0,0.E0));
#1137=VECTOR('',#1136,5.E-1);
#1138=CARTESIAN_POINT('',(-2.038196601125E0,-5.75E0,-3.302360679775E1));
#1139=LINE('',#1138,#1137);
#1140=CURVE_STYLE('',#77,POSITIVE_LENGTH_MEASURE(2.E-2),#67);
#1141=PRESENTATION_STYLE_ASSIGNMENT((#1140));
#1142=STYLED_ITEM('',(#1141),#1139);
#1143=DIRECTION('',(0.E0,1.E0,-1.421085471520E-14));
#1144=VECTOR('',#1143,5.E-1);
#1145=CARTESIAN_POINT('',(2.347213595500E0,-5.75E0,-3.240557280900E1));
#1146=LINE('',#1145,#1144);
#1147=CURVE_STYLE('',#77,POSITIVE_LENGTH_MEASURE(2.E-2),#67);
#1148=PRESENTATION_STYLE_ASSIGNMENT((#1147));
#1149=STYLED_ITEM('',(#1148),#1146);
#1150=DIRECTION('',(0.E0,-1.E0,-1.421085471520E-14));
#1151=VECTOR('',#1150,5.E-1);
#1152=CARTESIAN_POINT('',(2.038196601125E0,-5.25E0,-3.302360679775E1));
#1153=LINE('',#1152,#1151);
#1154=CURVE_STYLE('',#77,POSITIVE_LENGTH_MEASURE(2.E-2),#67);
#1155=PRESENTATION_STYLE_ASSIGNMENT((#1154));
#1156=STYLED_ITEM('',(#1155),#1153);
#1157=DIRECTION('',(0.E0,1.E0,0.E0));
#1158=VECTOR('',#1157,5.E-1);
#1159=CARTESIAN_POINT('',(-4.E-1,-5.75E0,-3.12E1));
#1160=LINE('',#1159,#1158);
#1161=CURVE_STYLE('',#77,POSITIVE_LENGTH_MEASURE(2.E-2),#67);
#1162=PRESENTATION_STYLE_ASSIGNMENT((#1161));
#1163=STYLED_ITEM('',(#1162),#1160);
#1164=DIRECTION('',(0.E0,1.E0,0.E0));
#1165=VECTOR('',#1164,5.E-1);
#1166=CARTESIAN_POINT('',(-4.E-1,-5.75E0,-3.19E1));
#1167=LINE('',#1166,#1165);
#1168=CURVE_STYLE('',#77,POSITIVE_LENGTH_MEASURE(2.E-2),#67);
#1169=PRESENTATION_STYLE_ASSIGNMENT((#1168));
#1170=STYLED_ITEM('',(#1169),#1167);
#1171=DIRECTION('',(0.E0,1.E0,0.E0));
#1172=VECTOR('',#1171,5.E-1);
#1173=CARTESIAN_POINT('',(-4.E-1,5.25E0,-3.12E1));
#1174=LINE('',#1173,#1172);
#1175=CURVE_STYLE('',#77,POSITIVE_LENGTH_MEASURE(2.E-2),#67);
#1176=PRESENTATION_STYLE_ASSIGNMENT((#1175));
#1177=STYLED_ITEM('',(#1176),#1174);
#1178=DIRECTION('',(0.E0,1.E0,0.E0));
#1179=VECTOR('',#1178,5.E-1);
#1180=CARTESIAN_POINT('',(-4.E-1,5.25E0,-3.19E1));
#1181=LINE('',#1180,#1179);
#1182=CURVE_STYLE('',#77,POSITIVE_LENGTH_MEASURE(2.E-2),#67);
#1183=PRESENTATION_STYLE_ASSIGNMENT((#1182));
#1184=STYLED_ITEM('',(#1183),#1181);
#1185=DIRECTION('',(0.E0,1.E0,0.E0));
#1186=VECTOR('',#1185,5.E-1);
#1187=CARTESIAN_POINT('',(4.E-1,-5.75E0,-3.12E1));
#1188=LINE('',#1187,#1186);
#1189=CURVE_STYLE('',#77,POSITIVE_LENGTH_MEASURE(2.E-2),#67);
#1190=PRESENTATION_STYLE_ASSIGNMENT((#1189));
#1191=STYLED_ITEM('',(#1190),#1188);
#1192=DIRECTION('',(0.E0,1.E0,0.E0));
#1193=VECTOR('',#1192,5.E-1);
#1194=CARTESIAN_POINT('',(4.E-1,-5.75E0,-3.19E1));
#1195=LINE('',#1194,#1193);
#1196=CURVE_STYLE('',#77,POSITIVE_LENGTH_MEASURE(2.E-2),#67);
#1197=PRESENTATION_STYLE_ASSIGNMENT((#1196));
#1198=STYLED_ITEM('',(#1197),#1195);
#1199=DIRECTION('',(0.E0,1.E0,0.E0));
#1200=VECTOR('',#1199,5.E-1);
#1201=CARTESIAN_POINT('',(4.E-1,5.25E0,-3.12E1));
#1202=LINE('',#1201,#1200);
#1203=CURVE_STYLE('',#77,POSITIVE_LENGTH_MEASURE(2.E-2),#67);
#1204=PRESENTATION_STYLE_ASSIGNMENT((#1203));
#1205=STYLED_ITEM('',(#1204),#1202);
#1206=DIRECTION('',(0.E0,1.E0,0.E0));
#1207=VECTOR('',#1206,5.E-1);
#1208=CARTESIAN_POINT('',(4.E-1,5.25E0,-3.19E1));
#1209=LINE('',#1208,#1207);
#1210=CURVE_STYLE('',#77,POSITIVE_LENGTH_MEASURE(2.E-2),#67);
#1211=PRESENTATION_STYLE_ASSIGNMENT((#1210));
#1212=STYLED_ITEM('',(#1211),#1209);
#1213=CARTESIAN_POINT('',(-5.5E0,9.E-1,-3.218196601125E1));
#1214=DIRECTION('',(-1.E0,0.E0,0.E0));
#1215=DIRECTION('',(0.E0,1.E0,0.E0));
#1216=AXIS2_PLACEMENT_3D('',#1213,#1214,#1215);
#1218=CURVE_STYLE('',#77,POSITIVE_LENGTH_MEASURE(2.E-2),#67);
#1219=PRESENTATION_STYLE_ASSIGNMENT((#1218));
#1220=STYLED_ITEM('',(#1219),#1217);
#1221=DIRECTION('',(0.E0,0.E0,-1.E0));
#1222=VECTOR('',#1221,5.681966011250E0);
#1223=CARTESIAN_POINT('',(-5.5E0,-1.4E0,-2.65E1));
#1224=LINE('',#1223,#1222);
#1225=CURVE_STYLE('',#77,POSITIVE_LENGTH_MEASURE(2.E-2),#67);
#1226=PRESENTATION_STYLE_ASSIGNMENT((#1225));
#1227=STYLED_ITEM('',(#1226),#1224);
#1228=CARTESIAN_POINT('',(-5.5E0,-9.E-1,-3.218196601125E1));
#1229=DIRECTION('',(-1.E0,0.E0,0.E0));
#1230=DIRECTION('',(0.E0,-8.944271909999E-1,-4.472135954999E-1));
#1231=AXIS2_PLACEMENT_3D('',#1228,#1229,#1230);
#1233=CURVE_STYLE('',#77,POSITIVE_LENGTH_MEASURE(2.E-2),#67);
#1234=PRESENTATION_STYLE_ASSIGNMENT((#1233));
#1235=STYLED_ITEM('',(#1234),#1232);
#1236=DIRECTION('',(0.E0,-4.472135955E-1,8.944271909999E-1));
#1237=VECTOR('',#1236,6.909830056251E-1);
#1238=CARTESIAN_POINT('',(-5.5E0,-1.038196601125E0,-3.302360679775E1));
#1239=LINE('',#1238,#1237);
#1240=CURVE_STYLE('',#77,POSITIVE_LENGTH_MEASURE(2.E-2),#67);
#1241=PRESENTATION_STYLE_ASSIGNMENT((#1240));
#1242=STYLED_ITEM('',(#1241),#1239);
#1243=CARTESIAN_POINT('',(-5.5E0,-5.909830056251E-1,-3.28E1));
#1244=DIRECTION('',(-1.E0,0.E0,0.E0));
#1245=DIRECTION('',(0.E0,-2.553512956638E-14,-1.E0));
#1246=AXIS2_PLACEMENT_3D('',#1243,#1244,#1245);
#1248=CURVE_STYLE('',#77,POSITIVE_LENGTH_MEASURE(2.E-2),#67);
#1249=PRESENTATION_STYLE_ASSIGNMENT((#1248));
#1250=STYLED_ITEM('',(#1249),#1247);
#1251=CARTESIAN_POINT('',(-5.5E0,5.909830056251E-1,-3.28E1));
#1252=DIRECTION('',(-1.E0,0.E0,0.E0));
#1253=DIRECTION('',(0.E0,8.944271909999E-1,-4.472135955E-1));
#1254=AXIS2_PLACEMENT_3D('',#1251,#1252,#1253);
#1256=CURVE_STYLE('',#77,POSITIVE_LENGTH_MEASURE(2.E-2),#67);
#1257=PRESENTATION_STYLE_ASSIGNMENT((#1256));
#1258=STYLED_ITEM('',(#1257),#1255);
#1259=DIRECTION('',(0.E0,-4.472135955E-1,-8.944271909999E-1));
#1260=VECTOR('',#1259,6.909830056251E-1);
#1261=CARTESIAN_POINT('',(-5.5E0,1.347213595500E0,-3.240557280900E1));
#1262=LINE('',#1261,#1260);
#1263=CURVE_STYLE('',#77,POSITIVE_LENGTH_MEASURE(2.E-2),#67);
#1264=PRESENTATION_STYLE_ASSIGNMENT((#1263));
#1265=STYLED_ITEM('',(#1264),#1262);
#1266=CARTESIAN_POINT('',(-5.5E0,0.E0,-3.18E1));
#1267=DIRECTION('',(1.E0,0.E0,0.E0));
#1268=DIRECTION('',(0.E0,1.E0,0.E0));
#1269=AXIS2_PLACEMENT_3D('',#1266,#1267,#1268);
#1271=CURVE_STYLE('',#77,POSITIVE_LENGTH_MEASURE(2.E-2),#67);
#1272=PRESENTATION_STYLE_ASSIGNMENT((#1271));
#1273=STYLED_ITEM('',(#1272),#1270);
#1274=CARTESIAN_POINT('',(-5.5E0,0.E0,-3.18E1));
#1275=DIRECTION('',(1.E0,0.E0,0.E0));
#1276=DIRECTION('',(0.E0,-1.E0,0.E0));
#1277=AXIS2_PLACEMENT_3D('',#1274,#1275,#1276);
#1279=CURVE_STYLE('',#77,POSITIVE_LENGTH_MEASURE(2.E-2),#67);
#1280=PRESENTATION_STYLE_ASSIGNMENT((#1279));
#1281=STYLED_ITEM('',(#1280),#1278);
#1282=DIRECTION('',(-1.E0,0.E0,-1.421085471520E-14));
#1283=VECTOR('',#1282,5.E-1);
#1284=CARTESIAN_POINT('',(-5.E0,1.347213595500E0,-3.240557280900E1));
#1285=LINE('',#1284,#1283);
#1286=CURVE_STYLE('',#77,POSITIVE_LENGTH_MEASURE(2.E-2),#67);
#1287=PRESENTATION_STYLE_ASSIGNMENT((#1286));
#1288=STYLED_ITEM('',(#1287),#1285);
#1289=DIRECTION('',(1.E0,0.E0,0.E0));
#1290=VECTOR('',#1289,5.E-1);
#1291=CARTESIAN_POINT('',(-5.5E0,1.038196601125E0,-3.302360679775E1));
#1292=LINE('',#1291,#1290);
#1293=CURVE_STYLE('',#77,POSITIVE_LENGTH_MEASURE(2.E-2),#67);
#1294=PRESENTATION_STYLE_ASSIGNMENT((#1293));
#1295=STYLED_ITEM('',(#1294),#1292);
#1296=CARTESIAN_POINT('',(-5.E0,9.E-1,-3.218196601125E1));
#1297=DIRECTION('',(1.E0,0.E0,0.E0));
#1298=DIRECTION('',(0.E0,8.944271909999E-1,-4.472135954999E-1));
#1299=AXIS2_PLACEMENT_3D('',#1296,#1297,#1298);
#1301=CURVE_STYLE('',#77,POSITIVE_LENGTH_MEASURE(2.E-2),#67);
#1302=PRESENTATION_STYLE_ASSIGNMENT((#1301));
#1303=STYLED_ITEM('',(#1302),#1300);
#1304=DIRECTION('',(0.E0,4.472135955E-1,8.944271909999E-1));
#1305=VECTOR('',#1304,6.909830056251E-1);
#1306=CARTESIAN_POINT('',(-5.E0,1.038196601125E0,-3.302360679775E1));
#1307=LINE('',#1306,#1305);
#1308=CURVE_STYLE('',#77,POSITIVE_LENGTH_MEASURE(2.E-2),#67);
#1309=PRESENTATION_STYLE_ASSIGNMENT((#1308));
#1310=STYLED_ITEM('',(#1309),#1307);
#1311=CARTESIAN_POINT('',(-5.E0,5.909830056251E-1,-3.28E1));
#1312=DIRECTION('',(1.E0,0.E0,0.E0));
#1313=DIRECTION('',(0.E0,1.265654248073E-14,-1.E0));
#1314=AXIS2_PLACEMENT_3D('',#1311,#1312,#1313);
#1316=CURVE_STYLE('',#77,POSITIVE_LENGTH_MEASURE(2.E-2),#67);
#1317=PRESENTATION_STYLE_ASSIGNMENT((#1316));
#1318=STYLED_ITEM('',(#1317),#1315);
#1319=CARTESIAN_POINT('',(-5.E0,-5.909830056251E-1,-3.28E1));
#1320=DIRECTION('',(1.E0,0.E0,0.E0));
#1321=DIRECTION('',(0.E0,-8.944271909999E-1,-4.472135955E-1));
#1322=AXIS2_PLACEMENT_3D('',#1319,#1320,#1321);
#1324=CURVE_STYLE('',#77,POSITIVE_LENGTH_MEASURE(2.E-2),#67);
#1325=PRESENTATION_STYLE_ASSIGNMENT((#1324));
#1326=STYLED_ITEM('',(#1325),#1323);
#1327=DIRECTION('',(0.E0,4.472135955E-1,-8.944271909999E-1));
#1328=VECTOR('',#1327,6.909830056251E-1);
#1329=CARTESIAN_POINT('',(-5.E0,-1.347213595500E0,-3.240557280900E1));
#1330=LINE('',#1329,#1328);
#1331=CURVE_STYLE('',#77,POSITIVE_LENGTH_MEASURE(2.E-2),#67);
#1332=PRESENTATION_STYLE_ASSIGNMENT((#1331));
#1333=STYLED_ITEM('',(#1332),#1330);
#1334=CARTESIAN_POINT('',(-5.E0,-9.E-1,-3.218196601125E1));
#1335=DIRECTION('',(1.E0,0.E0,0.E0));
#1336=DIRECTION('',(0.E0,-1.E0,0.E0));
#1337=AXIS2_PLACEMENT_3D('',#1334,#1335,#1336);
#1339=CURVE_STYLE('',#77,POSITIVE_LENGTH_MEASURE(2.E-2),#67);
#1340=PRESENTATION_STYLE_ASSIGNMENT((#1339));
#1341=STYLED_ITEM('',(#1340),#1338);
#1342=DIRECTION('',(0.E0,0.E0,-1.E0));
#1343=VECTOR('',#1342,5.681966011250E0);
#1344=CARTESIAN_POINT('',(-5.E0,1.4E0,-2.65E1));
#1345=LINE('',#1344,#1343);
#1346=CURVE_STYLE('',#77,POSITIVE_LENGTH_MEASURE(2.E-2),#67);
#1347=PRESENTATION_STYLE_ASSIGNMENT((#1346));
#1348=STYLED_ITEM('',(#1347),#1345);
#1349=CARTESIAN_POINT('',(-5.E0,0.E0,-3.18E1));
#1350=DIRECTION('',(1.E0,0.E0,0.E0));
#1351=DIRECTION('',(0.E0,1.E0,0.E0));
#1352=AXIS2_PLACEMENT_3D('',#1349,#1350,#1351);
#1354=CURVE_STYLE('',#77,POSITIVE_LENGTH_MEASURE(2.E-2),#67);
#1355=PRESENTATION_STYLE_ASSIGNMENT((#1354));
#1356=STYLED_ITEM('',(#1355),#1353);
#1357=CARTESIAN_POINT('',(-5.E0,0.E0,-3.18E1));
#1358=DIRECTION('',(1.E0,0.E0,0.E0));
#1359=DIRECTION('',(0.E0,-1.E0,0.E0));
#1360=AXIS2_PLACEMENT_3D('',#1357,#1358,#1359);
#1362=CURVE_STYLE('',#77,POSITIVE_LENGTH_MEASURE(2.E-2),#67);
#1363=PRESENTATION_STYLE_ASSIGNMENT((#1362));
#1364=STYLED_ITEM('',(#1363),#1361);
#1365=DIRECTION('',(1.E0,0.E0,-1.421085471520E-14));
#1366=VECTOR('',#1365,5.E-1);
#1367=CARTESIAN_POINT('',(-5.5E0,-1.347213595500E0,-3.240557280900E1));
#1368=LINE('',#1367,#1366);
#1369=CURVE_STYLE('',#77,POSITIVE_LENGTH_MEASURE(2.E-2),#67);
#1370=PRESENTATION_STYLE_ASSIGNMENT((#1369));
#1371=STYLED_ITEM('',(#1370),#1368);
#1372=DIRECTION('',(-1.E0,0.E0,-1.421085471520E-14));
#1373=VECTOR('',#1372,5.E-1);
#1374=CARTESIAN_POINT('',(-5.E0,-1.038196601125E0,-3.302360679775E1));
#1375=LINE('',#1374,#1373);
#1376=CURVE_STYLE('',#77,POSITIVE_LENGTH_MEASURE(2.E-2),#67);
#1377=PRESENTATION_STYLE_ASSIGNMENT((#1376));
#1378=STYLED_ITEM('',(#1377),#1375);
#1379=DIRECTION('',(1.E0,0.E0,0.E0));
#1380=VECTOR('',#1379,5.E-1);
#1381=CARTESIAN_POINT('',(-5.5E0,-1.4E0,-3.218196601125E1));
#1382=LINE('',#1381,#1380);
#1383=CURVE_STYLE('',#77,POSITIVE_LENGTH_MEASURE(2.E-2),#67);
#1384=PRESENTATION_STYLE_ASSIGNMENT((#1383));
#1385=STYLED_ITEM('',(#1384),#1382);
#1386=DIRECTION('',(0.E0,0.E0,-1.E0));
#1387=VECTOR('',#1386,5.681966011250E0);
#1388=CARTESIAN_POINT('',(-5.E0,-1.4E0,-2.65E1));
#1389=LINE('',#1388,#1387);
#1390=CURVE_STYLE('',#77,POSITIVE_LENGTH_MEASURE(2.E-2),#67);
#1391=PRESENTATION_STYLE_ASSIGNMENT((#1390));
#1392=STYLED_ITEM('',(#1391),#1389);
#1393=DIRECTION('',(-1.E0,0.E0,0.E0));
#1394=VECTOR('',#1393,5.E-1);
#1395=CARTESIAN_POINT('',(-5.E0,1.4E0,-3.218196601125E1));
#1396=LINE('',#1395,#1394);
#1397=CURVE_STYLE('',#77,POSITIVE_LENGTH_MEASURE(2.E-2),#67);
#1398=PRESENTATION_STYLE_ASSIGNMENT((#1397));
#1399=STYLED_ITEM('',(#1398),#1396);
#1400=DIRECTION('',(0.E0,0.E0,-1.E0));
#1401=VECTOR('',#1400,5.681966011250E0);
#1402=CARTESIAN_POINT('',(-5.5E0,1.4E0,-2.65E1));
#1403=LINE('',#1402,#1401);
#1404=CURVE_STYLE('',#77,POSITIVE_LENGTH_MEASURE(2.E-2),#67);
#1405=PRESENTATION_STYLE_ASSIGNMENT((#1404));
#1406=STYLED_ITEM('',(#1405),#1403);
#1407=DIRECTION('',(-1.E0,0.E0,0.E0));
#1408=VECTOR('',#1407,5.E-1);
#1409=CARTESIAN_POINT('',(5.5E0,4.E-1,-3.18E1));
#1410=LINE('',#1409,#1408);
#1411=CURVE_STYLE('',#77,POSITIVE_LENGTH_MEASURE(2.E-2),#67);
#1412=PRESENTATION_STYLE_ASSIGNMENT((#1411));
#1413=STYLED_ITEM('',(#1412),#1410);
#1414=DIRECTION('',(-1.E0,0.E0,0.E0));
#1415=VECTOR('',#1414,5.E-1);
#1416=CARTESIAN_POINT('',(-5.E0,4.E-1,-3.18E1));
#1417=LINE('',#1416,#1415);
#1418=CURVE_STYLE('',#77,POSITIVE_LENGTH_MEASURE(2.E-2),#67);
#1419=PRESENTATION_STYLE_ASSIGNMENT((#1418));
#1420=STYLED_ITEM('',(#1419),#1417);
#1421=CARTESIAN_POINT('',(5.5E0,-9.E-1,-3.218196601125E1));
#1422=DIRECTION('',(1.E0,0.E0,0.E0));
#1423=DIRECTION('',(0.E0,-1.E0,0.E0));
#1424=AXIS2_PLACEMENT_3D('',#1421,#1422,#1423);
#1426=CURVE_STYLE('',#77,POSITIVE_LENGTH_MEASURE(2.E-2),#67);
#1427=PRESENTATION_STYLE_ASSIGNMENT((#1426));
#1428=STYLED_ITEM('',(#1427),#1425);
#1429=DIRECTION('',(0.E0,0.E0,-1.E0));
#1430=VECTOR('',#1429,5.681966011250E0);
#1431=CARTESIAN_POINT('',(5.5E0,1.4E0,-2.65E1));
#1432=LINE('',#1431,#1430);
#1433=CURVE_STYLE('',#77,POSITIVE_LENGTH_MEASURE(2.E-2),#67);
#1434=PRESENTATION_STYLE_ASSIGNMENT((#1433));
#1435=STYLED_ITEM('',(#1434),#1432);
#1436=CARTESIAN_POINT('',(5.5E0,9.E-1,-3.218196601125E1));
#1437=DIRECTION('',(1.E0,0.E0,0.E0));
#1438=DIRECTION('',(0.E0,8.944271909999E-1,-4.472135954999E-1));
#1439=AXIS2_PLACEMENT_3D('',#1436,#1437,#1438);
#1441=CURVE_STYLE('',#77,POSITIVE_LENGTH_MEASURE(2.E-2),#67);
#1442=PRESENTATION_STYLE_ASSIGNMENT((#1441));
#1443=STYLED_ITEM('',(#1442),#1440);
#1444=DIRECTION('',(0.E0,4.472135955E-1,8.944271909999E-1));
#1445=VECTOR('',#1444,6.909830056251E-1);
#1446=CARTESIAN_POINT('',(5.5E0,1.038196601125E0,-3.302360679775E1));
#1447=LINE('',#1446,#1445);
#1448=CURVE_STYLE('',#77,POSITIVE_LENGTH_MEASURE(2.E-2),#67);
#1449=PRESENTATION_STYLE_ASSIGNMENT((#1448));
#1450=STYLED_ITEM('',(#1449),#1447);
#1451=CARTESIAN_POINT('',(5.5E0,5.909830056251E-1,-3.28E1));
#1452=DIRECTION('',(1.E0,0.E0,0.E0));
#1453=DIRECTION('',(0.E0,1.243449787580E-14,-1.E0));
#1454=AXIS2_PLACEMENT_3D('',#1451,#1452,#1453);
#1456=CURVE_STYLE('',#77,POSITIVE_LENGTH_MEASURE(2.E-2),#67);
#1457=PRESENTATION_STYLE_ASSIGNMENT((#1456));
#1458=STYLED_ITEM('',(#1457),#1455);
#1459=CARTESIAN_POINT('',(5.5E0,-5.909830056251E-1,-3.28E1));
#1460=DIRECTION('',(1.E0,0.E0,0.E0));
#1461=DIRECTION('',(0.E0,-8.944271909999E-1,-4.472135955E-1));
#1462=AXIS2_PLACEMENT_3D('',#1459,#1460,#1461);
#1464=CURVE_STYLE('',#77,POSITIVE_LENGTH_MEASURE(2.E-2),#67);
#1465=PRESENTATION_STYLE_ASSIGNMENT((#1464));
#1466=STYLED_ITEM('',(#1465),#1463);
#1467=DIRECTION('',(0.E0,4.472135955E-1,-8.944271909999E-1));
#1468=VECTOR('',#1467,6.909830056251E-1);
#1469=CARTESIAN_POINT('',(5.5E0,-1.347213595500E0,-3.240557280900E1));
#1470=LINE('',#1469,#1468);
#1471=CURVE_STYLE('',#77,POSITIVE_LENGTH_MEASURE(2.E-2),#67);
#1472=PRESENTATION_STYLE_ASSIGNMENT((#1471));
#1473=STYLED_ITEM('',(#1472),#1470);
#1474=CARTESIAN_POINT('',(5.5E0,0.E0,-3.18E1));
#1475=DIRECTION('',(1.E0,0.E0,0.E0));
#1476=DIRECTION('',(0.E0,1.E0,0.E0));
#1477=AXIS2_PLACEMENT_3D('',#1474,#1475,#1476);
#1479=CURVE_STYLE('',#77,POSITIVE_LENGTH_MEASURE(2.E-2),#67);
#1480=PRESENTATION_STYLE_ASSIGNMENT((#1479));
#1481=STYLED_ITEM('',(#1480),#1478);
#1482=CARTESIAN_POINT('',(5.5E0,0.E0,-3.18E1));
#1483=DIRECTION('',(1.E0,0.E0,0.E0));
#1484=DIRECTION('',(0.E0,-1.E0,0.E0));
#1485=AXIS2_PLACEMENT_3D('',#1482,#1483,#1484);
#1487=CURVE_STYLE('',#77,POSITIVE_LENGTH_MEASURE(2.E-2),#67);
#1488=PRESENTATION_STYLE_ASSIGNMENT((#1487));
#1489=STYLED_ITEM('',(#1488),#1486);
#1490=DIRECTION('',(1.E0,0.E0,-1.421085471520E-14));
#1491=VECTOR('',#1490,5.E-1);
#1492=CARTESIAN_POINT('',(5.E0,-1.347213595500E0,-3.240557280900E1));
#1493=LINE('',#1492,#1491);
#1494=CURVE_STYLE('',#77,POSITIVE_LENGTH_MEASURE(2.E-2),#67);
#1495=PRESENTATION_STYLE_ASSIGNMENT((#1494));
#1496=STYLED_ITEM('',(#1495),#1493);
#1497=DIRECTION('',(-1.E0,0.E0,0.E0));
#1498=VECTOR('',#1497,5.E-1);
#1499=CARTESIAN_POINT('',(5.5E0,-1.038196601125E0,-3.302360679775E1));
#1500=LINE('',#1499,#1498);
#1501=CURVE_STYLE('',#77,POSITIVE_LENGTH_MEASURE(2.E-2),#67);
#1502=PRESENTATION_STYLE_ASSIGNMENT((#1501));
#1503=STYLED_ITEM('',(#1502),#1500);
#1504=CARTESIAN_POINT('',(5.E0,-9.E-1,-3.218196601125E1));
#1505=DIRECTION('',(-1.E0,0.E0,0.E0));
#1506=DIRECTION('',(0.E0,-8.944271909999E-1,-4.472135954999E-1));
#1507=AXIS2_PLACEMENT_3D('',#1504,#1505,#1506);
#1509=CURVE_STYLE('',#77,POSITIVE_LENGTH_MEASURE(2.E-2),#67);
#1510=PRESENTATION_STYLE_ASSIGNMENT((#1509));
#1511=STYLED_ITEM('',(#1510),#1508);
#1512=DIRECTION('',(0.E0,-4.472135955E-1,8.944271909999E-1));
#1513=VECTOR('',#1512,6.909830056251E-1);
#1514=CARTESIAN_POINT('',(5.E0,-1.038196601125E0,-3.302360679775E1));
#1515=LINE('',#1514,#1513);
#1516=CURVE_STYLE('',#77,POSITIVE_LENGTH_MEASURE(2.E-2),#67);
#1517=PRESENTATION_STYLE_ASSIGNMENT((#1516));
#1518=STYLED_ITEM('',(#1517),#1515);
#1519=CARTESIAN_POINT('',(5.E0,-5.909830056251E-1,-3.28E1));
#1520=DIRECTION('',(-1.E0,0.E0,0.E0));
#1521=DIRECTION('',(0.E0,-1.265654248073E-14,-1.E0));
#1522=AXIS2_PLACEMENT_3D('',#1519,#1520,#1521);
#1524=CURVE_STYLE('',#77,POSITIVE_LENGTH_MEASURE(2.E-2),#67);
#1525=PRESENTATION_STYLE_ASSIGNMENT((#1524));
#1526=STYLED_ITEM('',(#1525),#1523);
#1527=CARTESIAN_POINT('',(5.E0,5.909830056251E-1,-3.28E1));
#1528=DIRECTION('',(-1.E0,0.E0,0.E0));
#1529=DIRECTION('',(0.E0,8.944271909999E-1,-4.472135955E-1));
#1530=AXIS2_PLACEMENT_3D('',#1527,#1528,#1529);
#1532=CURVE_STYLE('',#77,POSITIVE_LENGTH_MEASURE(2.E-2),#67);
#1533=PRESENTATION_STYLE_ASSIGNMENT((#1532));
#1534=STYLED_ITEM('',(#1533),#1531);
#1535=DIRECTION('',(0.E0,-4.472135955E-1,-8.944271909999E-1));
#1536=VECTOR('',#1535,6.909830056251E-1);
#1537=CARTESIAN_POINT('',(5.E0,1.347213595500E0,-3.240557280900E1));
#1538=LINE('',#1537,#1536);
#1539=CURVE_STYLE('',#77,POSITIVE_LENGTH_MEASURE(2.E-2),#67);
#1540=PRESENTATION_STYLE_ASSIGNMENT((#1539));
#1541=STYLED_ITEM('',(#1540),#1538);
#1542=CARTESIAN_POINT('',(5.E0,9.E-1,-3.218196601125E1));
#1543=DIRECTION('',(-1.E0,0.E0,0.E0));
#1544=DIRECTION('',(0.E0,1.E0,0.E0));
#1545=AXIS2_PLACEMENT_3D('',#1542,#1543,#1544);
#1547=CURVE_STYLE('',#77,POSITIVE_LENGTH_MEASURE(2.E-2),#67);
#1548=PRESENTATION_STYLE_ASSIGNMENT((#1547));
#1549=STYLED_ITEM('',(#1548),#1546);
#1550=DIRECTION('',(0.E0,0.E0,-1.E0));
#1551=VECTOR('',#1550,5.681966011250E0);
#1552=CARTESIAN_POINT('',(5.E0,-1.4E0,-2.65E1));
#1553=LINE('',#1552,#1551);
#1554=CURVE_STYLE('',#77,POSITIVE_LENGTH_MEASURE(2.E-2),#67);
#1555=PRESENTATION_STYLE_ASSIGNMENT((#1554));
#1556=STYLED_ITEM('',(#1555),#1553);
#1557=CARTESIAN_POINT('',(5.E0,0.E0,-3.18E1));
#1558=DIRECTION('',(1.E0,0.E0,0.E0));
#1559=DIRECTION('',(0.E0,1.E0,0.E0));
#1560=AXIS2_PLACEMENT_3D('',#1557,#1558,#1559);
#1562=CURVE_STYLE('',#77,POSITIVE_LENGTH_MEASURE(2.E-2),#67);
#1563=PRESENTATION_STYLE_ASSIGNMENT((#1562));
#1564=STYLED_ITEM('',(#1563),#1561);
#1565=CARTESIAN_POINT('',(5.E0,0.E0,-3.18E1));
#1566=DIRECTION('',(1.E0,0.E0,0.E0));
#1567=DIRECTION('',(0.E0,-1.E0,0.E0));
#1568=AXIS2_PLACEMENT_3D('',#1565,#1566,#1567);
#1570=CURVE_STYLE('',#77,POSITIVE_LENGTH_MEASURE(2.E-2),#67);
#1571=PRESENTATION_STYLE_ASSIGNMENT((#1570));
#1572=STYLED_ITEM('',(#1571),#1569);
#1573=DIRECTION('',(-1.E0,0.E0,0.E0));
#1574=VECTOR('',#1573,5.E-1);
#1575=CARTESIAN_POINT('',(5.5E0,1.347213595500E0,-3.240557280900E1));
#1576=LINE('',#1575,#1574);
#1577=CURVE_STYLE('',#77,POSITIVE_LENGTH_MEASURE(2.E-2),#67);
#1578=PRESENTATION_STYLE_ASSIGNMENT((#1577));
#1579=STYLED_ITEM('',(#1578),#1576);
#1580=DIRECTION('',(1.E0,0.E0,0.E0));
#1581=VECTOR('',#1580,5.E-1);
#1582=CARTESIAN_POINT('',(5.E0,1.038196601125E0,-3.302360679775E1));
#1583=LINE('',#1582,#1581);
#1584=CURVE_STYLE('',#77,POSITIVE_LENGTH_MEASURE(2.E-2),#67);
#1585=PRESENTATION_STYLE_ASSIGNMENT((#1584));
#1586=STYLED_ITEM('',(#1585),#1583);
#1587=DIRECTION('',(-1.E0,0.E0,0.E0));
#1588=VECTOR('',#1587,5.E-1);
#1589=CARTESIAN_POINT('',(5.5E0,1.4E0,-3.218196601125E1));
#1590=LINE('',#1589,#1588);
#1591=CURVE_STYLE('',#77,POSITIVE_LENGTH_MEASURE(2.E-2),#67);
#1592=PRESENTATION_STYLE_ASSIGNMENT((#1591));
#1593=STYLED_ITEM('',(#1592),#1590);
#1594=DIRECTION('',(0.E0,0.E0,-1.E0));
#1595=VECTOR('',#1594,5.681966011250E0);
#1596=CARTESIAN_POINT('',(5.E0,1.4E0,-2.65E1));
#1597=LINE('',#1596,#1595);
#1598=CURVE_STYLE('',#77,POSITIVE_LENGTH_MEASURE(2.E-2),#67);
#1599=PRESENTATION_STYLE_ASSIGNMENT((#1598));
#1600=STYLED_ITEM('',(#1599),#1597);
#1601=DIRECTION('',(1.E0,0.E0,0.E0));
#1602=VECTOR('',#1601,5.E-1);
#1603=CARTESIAN_POINT('',(5.E0,-1.4E0,-3.218196601125E1));
#1604=LINE('',#1603,#1602);
#1605=CURVE_STYLE('',#77,POSITIVE_LENGTH_MEASURE(2.E-2),#67);
#1606=PRESENTATION_STYLE_ASSIGNMENT((#1605));
#1607=STYLED_ITEM('',(#1606),#1604);
#1608=DIRECTION('',(0.E0,0.E0,-1.E0));
#1609=VECTOR('',#1608,5.681966011250E0);
#1610=CARTESIAN_POINT('',(5.5E0,-1.4E0,-2.65E1));
#1611=LINE('',#1610,#1609);
#1612=CURVE_STYLE('',#77,POSITIVE_LENGTH_MEASURE(2.E-2),#67);
#1613=PRESENTATION_STYLE_ASSIGNMENT((#1612));
#1614=STYLED_ITEM('',(#1613),#1611);
#1615=DIRECTION('',(-1.E0,0.E0,0.E0));
#1616=VECTOR('',#1615,5.E-1);
#1617=CARTESIAN_POINT('',(5.5E0,-4.E-1,-3.18E1));
#1618=LINE('',#1617,#1616);
#1619=CURVE_STYLE('',#77,POSITIVE_LENGTH_MEASURE(2.E-2),#67);
#1620=PRESENTATION_STYLE_ASSIGNMENT((#1619));
#1621=STYLED_ITEM('',(#1620),#1618);
#1622=DIRECTION('',(-1.E0,0.E0,0.E0));
#1623=VECTOR('',#1622,5.E-1);
#1624=CARTESIAN_POINT('',(-5.E0,-4.E-1,-3.18E1));
#1625=LINE('',#1624,#1623);
#1626=CURVE_STYLE('',#77,POSITIVE_LENGTH_MEASURE(2.E-2),#67);
#1627=PRESENTATION_STYLE_ASSIGNMENT((#1626));
#1628=STYLED_ITEM('',(#1627),#1625);
#1629=DIRECTION('',(0.E0,-1.E0,-1.421085471520E-14));
#1630=VECTOR('',#1629,5.E-1);
#1631=CARTESIAN_POINT('',(-2.347213595500E0,5.75E0,-3.240557280900E1));
#1632=LINE('',#1631,#1630);
#1633=CURVE_STYLE('',#77,POSITIVE_LENGTH_MEASURE(2.E-2),#67);
#1634=PRESENTATION_STYLE_ASSIGNMENT((#1633));
#1635=STYLED_ITEM('',(#1634),#1632);
#1636=DIRECTION('',(0.E0,1.E0,0.E0));
#1637=VECTOR('',#1636,5.E-1);
#1638=CARTESIAN_POINT('',(-2.038196601125E0,5.25E0,-3.302360679775E1));
#1639=LINE('',#1638,#1637);
#1640=CURVE_STYLE('',#77,POSITIVE_LENGTH_MEASURE(2.E-2),#67);
#1641=PRESENTATION_STYLE_ASSIGNMENT((#1640));
#1642=STYLED_ITEM('',(#1641),#1639);
#1643=CARTESIAN_POINT('',(-6.962936341696E0,0.E0,1.35E0));
#1644=DIRECTION('',(0.E0,-1.E0,0.E0));
#1645=DIRECTION('',(0.E0,0.E0,1.E0));
#1646=AXIS2_PLACEMENT_3D('',#1643,#1644,#1645);
#1648=CURVE_STYLE('',#77,POSITIVE_LENGTH_MEASURE(2.E-2),#67);
#1649=PRESENTATION_STYLE_ASSIGNMENT((#1648));
#1650=STYLED_ITEM('',(#1649),#1647);
#1651=CARTESIAN_POINT('',(0.E0,0.E0,1.482737733357E0));
#1652=DIRECTION('',(0.E0,0.E0,1.E0));
#1653=DIRECTION('',(-1.E0,0.E0,0.E0));
#1654=AXIS2_PLACEMENT_3D('',#1651,#1652,#1653);
#1656=CURVE_STYLE('',#77,POSITIVE_LENGTH_MEASURE(2.E-2),#67);
#1657=PRESENTATION_STYLE_ASSIGNMENT((#1656));
#1658=STYLED_ITEM('',(#1657),#1655);
#1659=CARTESIAN_POINT('',(6.75E0,1.488441314645E-11,1.35E0));
#1660=DIRECTION('',(2.205097215935E-12,-1.E0,0.E0));
#1661=DIRECTION('',(-2.711904774818E-12,0.E0,1.E0));
#1662=AXIS2_PLACEMENT_3D('',#1659,#1660,#1661);
#1664=CURVE_STYLE('',#77,POSITIVE_LENGTH_MEASURE(2.E-2),#67);
#1665=PRESENTATION_STYLE_ASSIGNMENT((#1664));
#1666=STYLED_ITEM('',(#1665),#1663);
#1667=CARTESIAN_POINT('',(-6.75E0,-1.488222045598E-11,1.35E0));
#1668=DIRECTION('',(-2.204772822645E-12,1.E0,0.E0));
#1669=DIRECTION('',(2.717825964282E-12,0.E0,1.E0));
#1670=AXIS2_PLACEMENT_3D('',#1667,#1668,#1669);
#1672=CURVE_STYLE('',#77,POSITIVE_LENGTH_MEASURE(2.E-2),#67);
#1673=PRESENTATION_STYLE_ASSIGNMENT((#1672));
#1674=STYLED_ITEM('',(#1673),#1671);
#1675=CARTESIAN_POINT('',(0.E0,0.E0,1.35E0));
#1676=DIRECTION('',(0.E0,0.E0,1.E0));
#1677=DIRECTION('',(1.E0,0.E0,0.E0));
#1678=AXIS2_PLACEMENT_3D('',#1675,#1676,#1677);
#1680=CURVE_STYLE('',#77,POSITIVE_LENGTH_MEASURE(2.E-2),#67);
#1681=PRESENTATION_STYLE_ASSIGNMENT((#1680));
#1682=STYLED_ITEM('',(#1681),#1679);
#1683=CARTESIAN_POINT('',(0.E0,0.E0,1.35E0));
#1684=DIRECTION('',(0.E0,0.E0,1.E0));
#1685=DIRECTION('',(-1.E0,0.E0,0.E0));
#1686=AXIS2_PLACEMENT_3D('',#1683,#1684,#1685);
#1688=CURVE_STYLE('',#77,POSITIVE_LENGTH_MEASURE(2.E-2),#67);
#1689=PRESENTATION_STYLE_ASSIGNMENT((#1688));
#1690=STYLED_ITEM('',(#1689),#1687);
#1691=CARTESIAN_POINT('',(0.E0,0.E0,1.35E0));
#1692=DIRECTION('',(0.E0,0.E0,-1.E0));
#1693=DIRECTION('',(-1.E0,0.E0,0.E0));
#1694=AXIS2_PLACEMENT_3D('',#1691,#1692,#1693);
#1696=CURVE_STYLE('',#77,POSITIVE_LENGTH_MEASURE(2.E-2),#67);
#1697=PRESENTATION_STYLE_ASSIGNMENT((#1696));
#1698=STYLED_ITEM('',(#1697),#1695);
#1699=CARTESIAN_POINT('',(0.E0,0.E0,1.35E0));
#1700=DIRECTION('',(0.E0,0.E0,-1.E0));
#1701=DIRECTION('',(1.E0,0.E0,0.E0));
#1702=AXIS2_PLACEMENT_3D('',#1699,#1700,#1701);
#1704=CURVE_STYLE('',#77,POSITIVE_LENGTH_MEASURE(2.E-2),#67);
#1705=PRESENTATION_STYLE_ASSIGNMENT((#1704));
#1706=STYLED_ITEM('',(#1705),#1703);
#1707=CARTESIAN_POINT('',(5.6E0,0.E0,1.35E0));
#1708=DIRECTION('',(0.E0,1.E0,0.E0));
#1709=DIRECTION('',(0.E0,0.E0,1.E0));
#1710=AXIS2_PLACEMENT_3D('',#1707,#1708,#1709);
#1712=CURVE_STYLE('',#77,POSITIVE_LENGTH_MEASURE(2.E-2),#67);
#1713=PRESENTATION_STYLE_ASSIGNMENT((#1712));
#1714=STYLED_ITEM('',(#1713),#1711);
#1715=CARTESIAN_POINT('',(-5.6E0,0.E0,1.35E0));
#1716=DIRECTION('',(0.E0,-1.E0,0.E0));
#1717=DIRECTION('',(0.E0,0.E0,1.E0));
#1718=AXIS2_PLACEMENT_3D('',#1715,#1716,#1717);
#1720=CURVE_STYLE('',#77,POSITIVE_LENGTH_MEASURE(2.E-2),#67);
#1721=PRESENTATION_STYLE_ASSIGNMENT((#1720));
#1722=STYLED_ITEM('',(#1721),#1719);
#1723=CARTESIAN_POINT('',(0.E0,0.E0,1.5E0));
#1724=DIRECTION('',(0.E0,0.E0,1.E0));
#1725=DIRECTION('',(1.E0,0.E0,0.E0));
#1726=AXIS2_PLACEMENT_3D('',#1723,#1724,#1725);
#1728=CURVE_STYLE('',#77,POSITIVE_LENGTH_MEASURE(2.E-2),#67);
#1729=PRESENTATION_STYLE_ASSIGNMENT((#1728));
#1730=STYLED_ITEM('',(#1729),#1727);
#1731=CARTESIAN_POINT('',(0.E0,0.E0,1.5E0));
#1732=DIRECTION('',(0.E0,0.E0,1.E0));
#1733=DIRECTION('',(-1.E0,0.E0,0.E0));
#1734=AXIS2_PLACEMENT_3D('',#1731,#1732,#1733);
#1736=CURVE_STYLE('',#77,POSITIVE_LENGTH_MEASURE(2.E-2),#67);
#1737=PRESENTATION_STYLE_ASSIGNMENT((#1736));
#1738=STYLED_ITEM('',(#1737),#1735);
#1739=CARTESIAN_POINT('',(-1.552928757643E0,2.389751508773E0,1.5E0));
#1740=DIRECTION('',(0.E0,0.E0,-1.E0));
#1741=DIRECTION('',(-5.448872833837E-1,8.385093013239E-1,0.E0));
#1742=AXIS2_PLACEMENT_3D('',#1739,#1740,#1741);
#1744=CURVE_STYLE('',#77,POSITIVE_LENGTH_MEASURE(2.E-2),#67);
#1745=PRESENTATION_STYLE_ASSIGNMENT((#1744));
#1746=STYLED_ITEM('',(#1745),#1743);
#1747=CARTESIAN_POINT('',(0.E0,0.E0,1.5E0));
#1748=DIRECTION('',(0.E0,0.E0,-1.E0));
#1749=DIRECTION('',(-1.E0,0.E0,0.E0));
#1750=AXIS2_PLACEMENT_3D('',#1747,#1748,#1749);
#1752=CURVE_STYLE('',#77,POSITIVE_LENGTH_MEASURE(2.E-2),#67);
#1753=PRESENTATION_STYLE_ASSIGNMENT((#1752));
#1754=STYLED_ITEM('',(#1753),#1751);
#1755=CARTESIAN_POINT('',(0.E0,0.E0,1.5E0));
#1756=DIRECTION('',(0.E0,0.E0,-1.E0));
#1757=DIRECTION('',(1.E0,0.E0,0.E0));
#1758=AXIS2_PLACEMENT_3D('',#1755,#1756,#1757);
#1760=CURVE_STYLE('',#77,POSITIVE_LENGTH_MEASURE(2.E-2),#67);
#1761=PRESENTATION_STYLE_ASSIGNMENT((#1760));
#1762=STYLED_ITEM('',(#1761),#1759);
#1763=CARTESIAN_POINT('',(0.E0,0.E0,1.5E0));
#1764=DIRECTION('',(0.E0,0.E0,-1.E0));
#1765=DIRECTION('',(5.448872833837E-1,8.385093013239E-1,0.E0));
#1766=AXIS2_PLACEMENT_3D('',#1763,#1764,#1765);
#1768=CURVE_STYLE('',#77,POSITIVE_LENGTH_MEASURE(2.E-2),#67);
#1769=PRESENTATION_STYLE_ASSIGNMENT((#1768));
#1770=STYLED_ITEM('',(#1769),#1767);
#1771=CARTESIAN_POINT('',(1.552928757643E0,2.389751508773E0,1.5E0));
#1772=DIRECTION('',(0.E0,0.E0,-1.E0));
#1773=DIRECTION('',(-8.660254037844E-1,5.E-1,0.E0));
#1774=AXIS2_PLACEMENT_3D('',#1771,#1772,#1773);
#1776=CURVE_STYLE('',#77,POSITIVE_LENGTH_MEASURE(2.E-2),#67);
#1777=PRESENTATION_STYLE_ASSIGNMENT((#1776));
#1778=STYLED_ITEM('',(#1777),#1775);
#1779=DIRECTION('',(5.E-1,8.660254037844E-1,0.E0));
#1780=VECTOR('',#1779,2.002985830870E-1);
#1781=CARTESIAN_POINT('',(1.192971844965E0,2.366287847478E0,1.5E0));
#1782=LINE('',#1781,#1780);
#1783=CURVE_STYLE('',#77,POSITIVE_LENGTH_MEASURE(2.E-2),#67);
#1784=PRESENTATION_STYLE_ASSIGNMENT((#1783));
#1785=STYLED_ITEM('',(#1784),#1782);
#1786=CARTESIAN_POINT('',(1.452779466100E0,2.216287847478E0,1.5E0));
#1787=DIRECTION('',(0.E0,0.E0,-1.E0));
#1788=DIRECTION('',(-1.E0,0.E0,0.E0));
#1789=AXIS2_PLACEMENT_3D('',#1786,#1787,#1788);
#1791=CURVE_STYLE('',#77,POSITIVE_LENGTH_MEASURE(2.E-2),#67);
#1792=PRESENTATION_STYLE_ASSIGNMENT((#1791));
#1793=STYLED_ITEM('',(#1792),#1790);
#1794=CARTESIAN_POINT('',(1.452779466100E0,2.216287847478E0,1.5E0));
#1795=DIRECTION('',(0.E0,0.E0,-1.E0));
#1796=DIRECTION('',(-5.482186664528E-1,-8.363350367841E-1,0.E0));
#1797=AXIS2_PLACEMENT_3D('',#1794,#1795,#1796);
#1799=CURVE_STYLE('',#77,POSITIVE_LENGTH_MEASURE(2.E-2),#67);
#1800=PRESENTATION_STYLE_ASSIGNMENT((#1799));
#1801=STYLED_ITEM('',(#1800),#1798);
#1802=CARTESIAN_POINT('',(0.E0,0.E0,1.5E0));
#1803=DIRECTION('',(0.E0,0.E0,1.E0));
#1804=DIRECTION('',(1.E0,0.E0,0.E0));
#1805=AXIS2_PLACEMENT_3D('',#1802,#1803,#1804);
#1807=CURVE_STYLE('',#77,POSITIVE_LENGTH_MEASURE(2.E-2),#67);
#1808=PRESENTATION_STYLE_ASSIGNMENT((#1807));
#1809=STYLED_ITEM('',(#1808),#1806);
#1810=CARTESIAN_POINT('',(0.E0,0.E0,1.5E0));
#1811=DIRECTION('',(0.E0,0.E0,1.E0));
#1812=DIRECTION('',(-1.E0,0.E0,0.E0));
#1813=AXIS2_PLACEMENT_3D('',#1810,#1811,#1812);
#1815=CURVE_STYLE('',#77,POSITIVE_LENGTH_MEASURE(2.E-2),#67);
#1816=PRESENTATION_STYLE_ASSIGNMENT((#1815));
#1817=STYLED_ITEM('',(#1816),#1814);
#1818=CARTESIAN_POINT('',(0.E0,0.E0,1.5E0));
#1819=DIRECTION('',(0.E0,0.E0,1.E0));
#1820=DIRECTION('',(-5.482186664528E-1,8.363350367841E-1,0.E0));
#1821=AXIS2_PLACEMENT_3D('',#1818,#1819,#1820);
#1823=CURVE_STYLE('',#77,POSITIVE_LENGTH_MEASURE(2.E-2),#67);
#1824=PRESENTATION_STYLE_ASSIGNMENT((#1823));
#1825=STYLED_ITEM('',(#1824),#1822);
#1826=CARTESIAN_POINT('',(-1.452779466100E0,2.216287847478E0,1.5E0));
#1827=DIRECTION('',(0.E0,0.E0,-1.E0));
#1828=DIRECTION('',(1.E0,0.E0,0.E0));
#1829=AXIS2_PLACEMENT_3D('',#1826,#1827,#1828);
#1831=CURVE_STYLE('',#77,POSITIVE_LENGTH_MEASURE(2.E-2),#67);
#1832=PRESENTATION_STYLE_ASSIGNMENT((#1831));
#1833=STYLED_ITEM('',(#1832),#1830);
#1834=CARTESIAN_POINT('',(-1.452779466100E0,2.216287847478E0,1.5E0));
#1835=DIRECTION('',(0.E0,0.E0,-1.E0));
#1836=DIRECTION('',(8.660254037844E-1,5.E-1,0.E0));
#1837=AXIS2_PLACEMENT_3D('',#1834,#1835,#1836);
#1839=CURVE_STYLE('',#77,POSITIVE_LENGTH_MEASURE(2.E-2),#67);
#1840=PRESENTATION_STYLE_ASSIGNMENT((#1839));
#1841=STYLED_ITEM('',(#1840),#1838);
#1842=DIRECTION('',(5.E-1,-8.660254037844E-1,0.E0));
#1843=VECTOR('',#1842,2.002985830870E-1);
#1844=CARTESIAN_POINT('',(-1.293121136508E0,2.539751508773E0,1.5E0));
#1845=LINE('',#1844,#1843);
#1846=CURVE_STYLE('',#77,POSITIVE_LENGTH_MEASURE(2.E-2),#67);
#1847=PRESENTATION_STYLE_ASSIGNMENT((#1846));
#1848=STYLED_ITEM('',(#1847),#1845);
#1849=CARTESIAN_POINT('',(-1.E-1,3.85E0,1.5E0));
#1850=DIRECTION('',(0.E0,0.E0,-1.E0));
#1851=DIRECTION('',(-1.E0,0.E0,0.E0));
#1852=AXIS2_PLACEMENT_3D('',#1849,#1850,#1851);
#1854=CURVE_STYLE('',#77,POSITIVE_LENGTH_MEASURE(2.E-2),#67);
#1855=PRESENTATION_STYLE_ASSIGNMENT((#1854));
#1856=STYLED_ITEM('',(#1855),#1853);
#1857=CARTESIAN_POINT('',(-1.E-1,1.5E-1,1.5E0));
#1858=DIRECTION('',(0.E0,0.E0,-1.E0));
#1859=DIRECTION('',(0.E0,-1.E0,0.E0));
#1860=AXIS2_PLACEMENT_3D('',#1857,#1858,#1859);
#1862=CURVE_STYLE('',#77,POSITIVE_LENGTH_MEASURE(2.E-2),#67);
#1863=PRESENTATION_STYLE_ASSIGNMENT((#1862));
#1864=STYLED_ITEM('',(#1863),#1861);
#1865=CARTESIAN_POINT('',(1.E-1,1.5E-1,1.5E0));
#1866=DIRECTION('',(0.E0,0.E0,-1.E0));
#1867=DIRECTION('',(1.E0,0.E0,0.E0));
#1868=AXIS2_PLACEMENT_3D('',#1865,#1866,#1867);
#1870=CURVE_STYLE('',#77,POSITIVE_LENGTH_MEASURE(2.E-2),#67);
#1871=PRESENTATION_STYLE_ASSIGNMENT((#1870));
#1872=STYLED_ITEM('',(#1871),#1869);
#1873=CARTESIAN_POINT('',(1.E-1,3.85E0,1.5E0));
#1874=DIRECTION('',(0.E0,0.E0,-1.E0));
#1875=DIRECTION('',(0.E0,1.E0,0.E0));
#1876=AXIS2_PLACEMENT_3D('',#1873,#1874,#1875);
#1878=CURVE_STYLE('',#77,POSITIVE_LENGTH_MEASURE(2.E-2),#67);
#1879=PRESENTATION_STYLE_ASSIGNMENT((#1878));
#1880=STYLED_ITEM('',(#1879),#1877);
#1881=CARTESIAN_POINT('',(-1.293121136508E0,2.539751508773E0,1.35E0));
#1882=DIRECTION('',(-5.E-1,8.660254037844E-1,0.E0));
#1883=DIRECTION('',(-8.660254037844E-1,-5.E-1,0.E0));
#1884=AXIS2_PLACEMENT_3D('',#1881,#1882,#1883);
#1886=CURVE_STYLE('',#77,POSITIVE_LENGTH_MEASURE(2.E-2),#67);
#1887=PRESENTATION_STYLE_ASSIGNMENT((#1886));
#1888=STYLED_ITEM('',(#1887),#1885);
#1889=CARTESIAN_POINT('',(-1.716394942659E0,2.641304299170E0,1.35E0));
#1890=DIRECTION('',(-8.385093013239E-1,-5.448872833837E-1,0.E0));
#1891=DIRECTION('',(5.448872833837E-1,-8.385093013239E-1,0.E0));
#1892=AXIS2_PLACEMENT_3D('',#1889,#1890,#1891);
#1894=CURVE_STYLE('',#77,POSITIVE_LENGTH_MEASURE(2.E-2),#67);
#1895=PRESENTATION_STYLE_ASSIGNMENT((#1894));
#1896=STYLED_ITEM('',(#1895),#1893);
#1897=CARTESIAN_POINT('',(0.E0,0.E0,1.35E0));
#1898=DIRECTION('',(0.E0,0.E0,-1.E0));
#1899=DIRECTION('',(-1.E0,0.E0,0.E0));
#1900=AXIS2_PLACEMENT_3D('',#1897,#1898,#1899);
#1902=CURVE_STYLE('',#77,POSITIVE_LENGTH_MEASURE(2.E-2),#67);
#1903=PRESENTATION_STYLE_ASSIGNMENT((#1902));
#1904=STYLED_ITEM('',(#1903),#1901);
#1905=CARTESIAN_POINT('',(0.E0,0.E0,1.35E0));
#1906=DIRECTION('',(0.E0,0.E0,-1.E0));
#1907=DIRECTION('',(1.E0,0.E0,0.E0));
#1908=AXIS2_PLACEMENT_3D('',#1905,#1906,#1907);
#1910=CURVE_STYLE('',#77,POSITIVE_LENGTH_MEASURE(2.E-2),#67);
#1911=PRESENTATION_STYLE_ASSIGNMENT((#1910));
#1912=STYLED_ITEM('',(#1911),#1909);
#1913=CARTESIAN_POINT('',(0.E0,0.E0,1.35E0));
#1914=DIRECTION('',(0.E0,0.E0,-1.E0));
#1915=DIRECTION('',(5.482186664528E-1,8.363350367841E-1,0.E0));
#1916=AXIS2_PLACEMENT_3D('',#1913,#1914,#1915);
#1918=CURVE_STYLE('',#77,POSITIVE_LENGTH_MEASURE(2.E-2),#67);
#1919=PRESENTATION_STYLE_ASSIGNMENT((#1918));
#1920=STYLED_ITEM('',(#1919),#1917);
#1921=CARTESIAN_POINT('',(1.452779466100E0,2.216287847478E0,1.35E0));
#1922=DIRECTION('',(0.E0,0.E0,1.E0));
#1923=DIRECTION('',(-1.E0,0.E0,0.E0));
#1924=AXIS2_PLACEMENT_3D('',#1921,#1922,#1923);
#1926=CURVE_STYLE('',#77,POSITIVE_LENGTH_MEASURE(2.E-2),#67);
#1927=PRESENTATION_STYLE_ASSIGNMENT((#1926));
#1928=STYLED_ITEM('',(#1927),#1925);
#1929=CARTESIAN_POINT('',(1.452779466100E0,2.216287847478E0,1.35E0));
#1930=DIRECTION('',(0.E0,0.E0,1.E0));
#1931=DIRECTION('',(-8.660254037844E-1,5.E-1,0.E0));
#1932=AXIS2_PLACEMENT_3D('',#1929,#1930,#1931);
#1934=CURVE_STYLE('',#77,POSITIVE_LENGTH_MEASURE(2.E-2),#67);
#1935=PRESENTATION_STYLE_ASSIGNMENT((#1934));
#1936=STYLED_ITEM('',(#1935),#1933);
#1937=DIRECTION('',(-5.E-1,-8.660254037844E-1,0.E0));
#1938=VECTOR('',#1937,2.002985830870E-1);
#1939=CARTESIAN_POINT('',(1.423024947076E0,2.464751508773E0,1.35E0));
#1940=LINE('',#1939,#1938);
#1941=CURVE_STYLE('',#77,POSITIVE_LENGTH_MEASURE(2.E-2),#67);
#1942=PRESENTATION_STYLE_ASSIGNMENT((#1941));
#1943=STYLED_ITEM('',(#1942),#1940);
#1944=CARTESIAN_POINT('',(1.552928757643E0,2.389751508773E0,1.35E0));
#1945=DIRECTION('',(0.E0,0.E0,1.E0));
#1946=DIRECTION('',(5.448872833837E-1,8.385093013239E-1,0.E0));
#1947=AXIS2_PLACEMENT_3D('',#1944,#1945,#1946);
#1949=CURVE_STYLE('',#77,POSITIVE_LENGTH_MEASURE(2.E-2),#67);
#1950=PRESENTATION_STYLE_ASSIGNMENT((#1949));
#1951=STYLED_ITEM('',(#1950),#1948);
#1952=CARTESIAN_POINT('',(0.E0,0.E0,1.35E0));
#1953=DIRECTION('',(0.E0,0.E0,1.E0));
#1954=DIRECTION('',(1.E0,0.E0,0.E0));
#1955=AXIS2_PLACEMENT_3D('',#1952,#1953,#1954);
#1957=CURVE_STYLE('',#77,POSITIVE_LENGTH_MEASURE(2.E-2),#67);
#1958=PRESENTATION_STYLE_ASSIGNMENT((#1957));
#1959=STYLED_ITEM('',(#1958),#1956);
#1960=CARTESIAN_POINT('',(0.E0,0.E0,1.35E0));
#1961=DIRECTION('',(0.E0,0.E0,1.E0));
#1962=DIRECTION('',(-1.E0,0.E0,0.E0));
#1963=AXIS2_PLACEMENT_3D('',#1960,#1961,#1962);
#1965=CURVE_STYLE('',#77,POSITIVE_LENGTH_MEASURE(2.E-2),#67);
#1966=PRESENTATION_STYLE_ASSIGNMENT((#1965));
#1967=STYLED_ITEM('',(#1966),#1964);
#1968=CARTESIAN_POINT('',(0.E0,0.E0,1.35E0));
#1969=DIRECTION('',(0.E0,0.E0,1.E0));
#1970=DIRECTION('',(-5.448872833837E-1,8.385093013239E-1,0.E0));
#1971=AXIS2_PLACEMENT_3D('',#1968,#1969,#1970);
#1973=CURVE_STYLE('',#77,POSITIVE_LENGTH_MEASURE(2.E-2),#67);
#1974=PRESENTATION_STYLE_ASSIGNMENT((#1973));
#1975=STYLED_ITEM('',(#1974),#1972);
#1976=CARTESIAN_POINT('',(-1.552928757643E0,2.389751508773E0,1.35E0));
#1977=DIRECTION('',(0.E0,0.E0,1.E0));
#1978=DIRECTION('',(8.660254037844E-1,5.E-1,0.E0));
#1979=AXIS2_PLACEMENT_3D('',#1976,#1977,#1978);
#1981=CURVE_STYLE('',#77,POSITIVE_LENGTH_MEASURE(2.E-2),#67);
#1982=PRESENTATION_STYLE_ASSIGNMENT((#1981));
#1983=STYLED_ITEM('',(#1982),#1980);
#1984=DIRECTION('',(-5.E-1,8.660254037844E-1,0.E0));
#1985=VECTOR('',#1984,2.002985830870E-1);
#1986=CARTESIAN_POINT('',(-1.322875655532E0,2.291287847478E0,1.35E0));
#1987=LINE('',#1986,#1985);
#1988=CURVE_STYLE('',#77,POSITIVE_LENGTH_MEASURE(2.E-2),#67);
#1989=PRESENTATION_STYLE_ASSIGNMENT((#1988));
#1990=STYLED_ITEM('',(#1989),#1987);
#1991=CARTESIAN_POINT('',(-1.452779466100E0,2.216287847478E0,1.35E0));
#1992=DIRECTION('',(0.E0,0.E0,1.E0));
#1993=DIRECTION('',(1.E0,0.E0,0.E0));
#1994=AXIS2_PLACEMENT_3D('',#1991,#1992,#1993);
#1996=CURVE_STYLE('',#77,POSITIVE_LENGTH_MEASURE(2.E-2),#67);
#1997=PRESENTATION_STYLE_ASSIGNMENT((#1996));
#1998=STYLED_ITEM('',(#1997),#1995);
#1999=CARTESIAN_POINT('',(-1.452779466100E0,2.216287847478E0,1.35E0));
#2000=DIRECTION('',(0.E0,0.E0,1.E0));
#2001=DIRECTION('',(5.482186664528E-1,-8.363350367841E-1,0.E0));
#2002=AXIS2_PLACEMENT_3D('',#1999,#2000,#2001);
#2004=CURVE_STYLE('',#77,POSITIVE_LENGTH_MEASURE(2.E-2),#67);
#2005=PRESENTATION_STYLE_ASSIGNMENT((#2004));
#2006=STYLED_ITEM('',(#2005),#2003);
#2007=CARTESIAN_POINT('',(-1.288313866164E0,1.965387336443E0,1.35E0));
#2008=DIRECTION('',(-8.363350367841E-1,-5.482186664528E-1,0.E0));
#2009=DIRECTION('',(0.E0,0.E0,1.E0));
#2010=AXIS2_PLACEMENT_3D('',#2007,#2008,#2009);
#2012=CURVE_STYLE('',#77,POSITIVE_LENGTH_MEASURE(2.E-2),#67);
#2013=PRESENTATION_STYLE_ASSIGNMENT((#2012));
#2014=STYLED_ITEM('',(#2013),#2011);
#2015=CARTESIAN_POINT('',(-1.152779466100E0,2.216287847478E0,1.35E0));
#2016=DIRECTION('',(0.E0,1.E0,0.E0));
#2017=DIRECTION('',(-1.E0,0.E0,0.E0));
#2018=AXIS2_PLACEMENT_3D('',#2015,#2016,#2017);
#2020=CURVE_STYLE('',#77,POSITIVE_LENGTH_MEASURE(2.E-2),#67);
#2021=PRESENTATION_STYLE_ASSIGNMENT((#2020));
#2022=STYLED_ITEM('',(#2021),#2019);
#2023=CARTESIAN_POINT('',(-1.192971844965E0,2.366287847478E0,1.35E0));
#2024=DIRECTION('',(5.E-1,-8.660254037844E-1,0.E0));
#2025=DIRECTION('',(0.E0,0.E0,1.E0));
#2026=AXIS2_PLACEMENT_3D('',#2023,#2024,#2025);
#2028=CURVE_STYLE('',#77,POSITIVE_LENGTH_MEASURE(2.E-2),#67);
#2029=PRESENTATION_STYLE_ASSIGNMENT((#2028));
#2030=STYLED_ITEM('',(#2029),#2027);
#2031=CARTESIAN_POINT('',(-2.35E0,0.E0,1.35E0));
#2032=DIRECTION('',(0.E0,-1.E0,0.E0));
#2033=DIRECTION('',(0.E0,0.E0,1.E0));
#2034=AXIS2_PLACEMENT_3D('',#2031,#2032,#2033);
#2036=CURVE_STYLE('',#77,POSITIVE_LENGTH_MEASURE(2.E-2),#67);
#2037=PRESENTATION_STYLE_ASSIGNMENT((#2036));
#2038=STYLED_ITEM('',(#2037),#2035);
#2039=CARTESIAN_POINT('',(2.35E0,0.E0,1.35E0));
#2040=DIRECTION('',(0.E0,1.E0,0.E0));
#2041=DIRECTION('',(0.E0,0.E0,1.E0));
#2042=AXIS2_PLACEMENT_3D('',#2039,#2040,#2041);
#2044=CURVE_STYLE('',#77,POSITIVE_LENGTH_MEASURE(2.E-2),#67);
#2045=PRESENTATION_STYLE_ASSIGNMENT((#2044));
#2046=STYLED_ITEM('',(#2045),#2043);
#2047=CARTESIAN_POINT('',(1.192971844965E0,2.366287847478E0,1.35E0));
#2048=DIRECTION('',(-5.E-1,-8.660254037844E-1,0.E0));
#2049=DIRECTION('',(8.660254037844E-1,-5.E-1,0.E0));
#2050=AXIS2_PLACEMENT_3D('',#2047,#2048,#2049);
#2052=CURVE_STYLE('',#77,POSITIVE_LENGTH_MEASURE(2.E-2),#67);
#2053=PRESENTATION_STYLE_ASSIGNMENT((#2052));
#2054=STYLED_ITEM('',(#2053),#2051);
#2055=CARTESIAN_POINT('',(1.288313866164E0,1.965387336443E0,1.35E0));
#2056=DIRECTION('',(-8.363350367841E-1,5.482186664528E-1,0.E0));
#2057=DIRECTION('',(0.E0,0.E0,1.E0));
#2058=AXIS2_PLACEMENT_3D('',#2055,#2056,#2057);
#2060=CURVE_STYLE('',#77,POSITIVE_LENGTH_MEASURE(2.E-2),#67);
#2061=PRESENTATION_STYLE_ASSIGNMENT((#2060));
#2062=STYLED_ITEM('',(#2061),#2059);
#2063=CARTESIAN_POINT('',(1.293121136508E0,2.539751508773E0,1.35E0));
#2064=DIRECTION('',(5.E-1,8.660254037844E-1,0.E0));
#2065=DIRECTION('',(0.E0,0.E0,1.E0));
#2066=AXIS2_PLACEMENT_3D('',#2063,#2064,#2065);
#2068=CURVE_STYLE('',#77,POSITIVE_LENGTH_MEASURE(2.E-2),#67);
#2069=PRESENTATION_STYLE_ASSIGNMENT((#2068));
#2070=STYLED_ITEM('',(#2069),#2067);
#2071=CARTESIAN_POINT('',(1.716394942659E0,2.641304299170E0,1.35E0));
#2072=DIRECTION('',(-8.385093013239E-1,5.448872833837E-1,0.E0));
#2073=DIRECTION('',(-5.448872833837E-1,-8.385093013239E-1,0.E0));
#2074=AXIS2_PLACEMENT_3D('',#2071,#2072,#2073);
#2076=CURVE_STYLE('',#77,POSITIVE_LENGTH_MEASURE(2.E-2),#67);
#2077=PRESENTATION_STYLE_ASSIGNMENT((#2076));
#2078=STYLED_ITEM('',(#2077),#2075);
#2079=CARTESIAN_POINT('',(3.15E0,0.E0,1.35E0));
#2080=DIRECTION('',(0.E0,1.E0,0.E0));
#2081=DIRECTION('',(-1.E0,0.E0,0.E0));
#2082=AXIS2_PLACEMENT_3D('',#2079,#2080,#2081);
#2084=CURVE_STYLE('',#77,POSITIVE_LENGTH_MEASURE(2.E-2),#67);
#2085=PRESENTATION_STYLE_ASSIGNMENT((#2084));
#2086=STYLED_ITEM('',(#2085),#2083);
#2087=CARTESIAN_POINT('',(-3.15E0,0.E0,1.35E0));
#2088=DIRECTION('',(0.E0,-1.E0,0.E0));
#2089=DIRECTION('',(1.E0,0.E0,0.E0));
#2090=AXIS2_PLACEMENT_3D('',#2087,#2088,#2089);
#2092=CURVE_STYLE('',#77,POSITIVE_LENGTH_MEASURE(2.E-2),#67);
#2093=PRESENTATION_STYLE_ASSIGNMENT((#2092));
#2094=STYLED_ITEM('',(#2093),#2091);
#2095=CARTESIAN_POINT('',(-4.E-1,3.85E0,1.35E0));
#2096=DIRECTION('',(0.E0,1.E0,0.E0));
#2097=DIRECTION('',(0.E0,0.E0,1.E0));
#2098=AXIS2_PLACEMENT_3D('',#2095,#2096,#2097);
#2100=CURVE_STYLE('',#77,POSITIVE_LENGTH_MEASURE(2.E-2),#67);
#2101=PRESENTATION_STYLE_ASSIGNMENT((#2100));
#2102=STYLED_ITEM('',(#2101),#2099);
#2103=CARTESIAN_POINT('',(-1.E-1,4.15E0,1.35E0));
#2104=DIRECTION('',(-1.E0,0.E0,0.E0));
#2105=DIRECTION('',(0.E0,-1.E0,0.E0));
#2106=AXIS2_PLACEMENT_3D('',#2103,#2104,#2105);
#2108=CURVE_STYLE('',#77,POSITIVE_LENGTH_MEASURE(2.E-2),#67);
#2109=PRESENTATION_STYLE_ASSIGNMENT((#2108));
#2110=STYLED_ITEM('',(#2109),#2107);
#2111=DIRECTION('',(0.E0,-1.E0,0.E0));
#2112=VECTOR('',#2111,3.7E0);
#2113=CARTESIAN_POINT('',(-4.E-1,3.85E0,1.5E0));
#2114=LINE('',#2113,#2112);
#2115=CURVE_STYLE('',#77,POSITIVE_LENGTH_MEASURE(2.E-2),#67);
#2116=PRESENTATION_STYLE_ASSIGNMENT((#2115));
#2117=STYLED_ITEM('',(#2116),#2114);
#2118=DIRECTION('',(0.E0,1.E0,0.E0));
#2119=VECTOR('',#2118,3.7E0);
#2120=CARTESIAN_POINT('',(-2.5E-1,1.5E-1,1.35E0));
#2121=LINE('',#2120,#2119);
#2122=CURVE_STYLE('',#77,POSITIVE_LENGTH_MEASURE(2.E-2),#67);
#2123=PRESENTATION_STYLE_ASSIGNMENT((#2122));
#2124=STYLED_ITEM('',(#2123),#2121);
#2125=CARTESIAN_POINT('',(-1.E-1,-1.5E-1,1.35E0));
#2126=DIRECTION('',(-1.E0,0.E0,0.E0));
#2127=DIRECTION('',(0.E0,0.E0,1.E0));
#2128=AXIS2_PLACEMENT_3D('',#2125,#2126,#2127);
#2130=CURVE_STYLE('',#77,POSITIVE_LENGTH_MEASURE(2.E-2),#67);
#2131=PRESENTATION_STYLE_ASSIGNMENT((#2130));
#2132=STYLED_ITEM('',(#2131),#2129);
#2133=CARTESIAN_POINT('',(-4.E-1,1.5E-1,1.35E0));
#2134=DIRECTION('',(0.E0,-1.E0,0.E0));
#2135=DIRECTION('',(1.E0,0.E0,0.E0));
#2136=AXIS2_PLACEMENT_3D('',#2133,#2134,#2135);
#2138=CURVE_STYLE('',#77,POSITIVE_LENGTH_MEASURE(2.E-2),#67);
#2139=PRESENTATION_STYLE_ASSIGNMENT((#2138));
#2140=STYLED_ITEM('',(#2139),#2137);
#2141=DIRECTION('',(-1.E0,0.E0,0.E0));
#2142=VECTOR('',#2141,2.E-1);
#2143=CARTESIAN_POINT('',(1.E-1,0.E0,1.35E0));
#2144=LINE('',#2143,#2142);
#2145=CURVE_STYLE('',#77,POSITIVE_LENGTH_MEASURE(2.E-2),#67);
#2146=PRESENTATION_STYLE_ASSIGNMENT((#2145));
#2147=STYLED_ITEM('',(#2146),#2144);
#2148=DIRECTION('',(1.E0,0.E0,0.E0));
#2149=VECTOR('',#2148,2.E-1);
#2150=CARTESIAN_POINT('',(-1.E-1,-1.5E-1,1.5E0));
#2151=LINE('',#2150,#2149);
#2152=CURVE_STYLE('',#77,POSITIVE_LENGTH_MEASURE(2.E-2),#67);
#2153=PRESENTATION_STYLE_ASSIGNMENT((#2152));
#2154=STYLED_ITEM('',(#2153),#2151);
#2155=CARTESIAN_POINT('',(1.E-1,3.85E0,1.35E0));
#2156=DIRECTION('',(0.E0,0.E0,1.E0));
#2157=DIRECTION('',(1.E0,0.E0,0.E0));
#2158=AXIS2_PLACEMENT_3D('',#2155,#2156,#2157);
#2160=CURVE_STYLE('',#77,POSITIVE_LENGTH_MEASURE(2.E-2),#67);
#2161=PRESENTATION_STYLE_ASSIGNMENT((#2160));
#2162=STYLED_ITEM('',(#2161),#2159);
#2163=CARTESIAN_POINT('',(1.E-1,1.5E-1,1.35E0));
#2164=DIRECTION('',(0.E0,0.E0,1.E0));
#2165=DIRECTION('',(0.E0,-1.E0,0.E0));
#2166=AXIS2_PLACEMENT_3D('',#2163,#2164,#2165);
#2168=CURVE_STYLE('',#77,POSITIVE_LENGTH_MEASURE(2.E-2),#67);
#2169=PRESENTATION_STYLE_ASSIGNMENT((#2168));
#2170=STYLED_ITEM('',(#2169),#2167);
#2171=CARTESIAN_POINT('',(-1.E-1,1.5E-1,1.35E0));
#2172=DIRECTION('',(0.E0,0.E0,1.E0));
#2173=DIRECTION('',(-1.E0,0.E0,0.E0));
#2174=AXIS2_PLACEMENT_3D('',#2171,#2172,#2173);
#2176=CURVE_STYLE('',#77,POSITIVE_LENGTH_MEASURE(2.E-2),#67);
#2177=PRESENTATION_STYLE_ASSIGNMENT((#2176));
#2178=STYLED_ITEM('',(#2177),#2175);
#2179=CARTESIAN_POINT('',(-1.E-1,3.85E0,1.35E0));
#2180=DIRECTION('',(0.E0,0.E0,1.E0));
#2181=DIRECTION('',(0.E0,1.E0,0.E0));
#2182=AXIS2_PLACEMENT_3D('',#2179,#2180,#2181);
#2184=CURVE_STYLE('',#77,POSITIVE_LENGTH_MEASURE(2.E-2),#67);
#2185=PRESENTATION_STYLE_ASSIGNMENT((#2184));
#2186=STYLED_ITEM('',(#2185),#2183);
#2187=DIRECTION('',(1.E0,0.E0,0.E0));
#2188=VECTOR('',#2187,2.E-1);
#2189=CARTESIAN_POINT('',(-1.E-1,4.E0,1.35E0));
#2190=LINE('',#2189,#2188);
#2191=CURVE_STYLE('',#77,POSITIVE_LENGTH_MEASURE(2.E-2),#67);
#2192=PRESENTATION_STYLE_ASSIGNMENT((#2191));
#2193=STYLED_ITEM('',(#2192),#2190);
#2194=DIRECTION('',(-1.E0,0.E0,0.E0));
#2195=VECTOR('',#2194,2.E-1);
#2196=CARTESIAN_POINT('',(1.E-1,4.15E0,1.5E0));
#2197=LINE('',#2196,#2195);
#2198=CURVE_STYLE('',#77,POSITIVE_LENGTH_MEASURE(2.E-2),#67);
#2199=PRESENTATION_STYLE_ASSIGNMENT((#2198));
#2200=STYLED_ITEM('',(#2199),#2197);
#2201=CARTESIAN_POINT('',(4.E-1,3.85E0,1.35E0));
#2202=DIRECTION('',(0.E0,1.E0,0.E0));
#2203=DIRECTION('',(-1.E0,0.E0,0.E0));
#2204=AXIS2_PLACEMENT_3D('',#2201,#2202,#2203);
#2206=CURVE_STYLE('',#77,POSITIVE_LENGTH_MEASURE(2.E-2),#67);
#2207=PRESENTATION_STYLE_ASSIGNMENT((#2206));
#2208=STYLED_ITEM('',(#2207),#2205);
#2209=CARTESIAN_POINT('',(1.E-1,4.15E0,1.35E0));
#2210=DIRECTION('',(1.E0,0.E0,0.E0));
#2211=DIRECTION('',(0.E0,0.E0,1.E0));
#2212=AXIS2_PLACEMENT_3D('',#2209,#2210,#2211);
#2214=CURVE_STYLE('',#77,POSITIVE_LENGTH_MEASURE(2.E-2),#67);
#2215=PRESENTATION_STYLE_ASSIGNMENT((#2214));
#2216=STYLED_ITEM('',(#2215),#2213);
#2217=DIRECTION('',(0.E0,-1.E0,0.E0));
#2218=VECTOR('',#2217,3.7E0);
#2219=CARTESIAN_POINT('',(2.5E-1,3.85E0,1.35E0));
#2220=LINE('',#2219,#2218);
#2221=CURVE_STYLE('',#77,POSITIVE_LENGTH_MEASURE(2.E-2),#67);
#2222=PRESENTATION_STYLE_ASSIGNMENT((#2221));
#2223=STYLED_ITEM('',(#2222),#2220);
#2224=DIRECTION('',(0.E0,1.E0,0.E0));
#2225=VECTOR('',#2224,3.7E0);
#2226=CARTESIAN_POINT('',(4.E-1,1.5E-1,1.5E0));
#2227=LINE('',#2226,#2225);
#2228=CURVE_STYLE('',#77,POSITIVE_LENGTH_MEASURE(2.E-2),#67);
#2229=PRESENTATION_STYLE_ASSIGNMENT((#2228));
#2230=STYLED_ITEM('',(#2229),#2227);
#2231=CARTESIAN_POINT('',(1.E-1,-1.5E-1,1.35E0));
#2232=DIRECTION('',(1.E0,0.E0,0.E0));
#2233=DIRECTION('',(0.E0,1.E0,0.E0));
#2234=AXIS2_PLACEMENT_3D('',#2231,#2232,#2233);
#2236=CURVE_STYLE('',#77,POSITIVE_LENGTH_MEASURE(2.E-2),#67);
#2237=PRESENTATION_STYLE_ASSIGNMENT((#2236));
#2238=STYLED_ITEM('',(#2237),#2235);
#2239=CARTESIAN_POINT('',(4.E-1,1.5E-1,1.35E0));
#2240=DIRECTION('',(0.E0,-1.E0,0.E0));
#2241=DIRECTION('',(0.E0,0.E0,1.E0));
#2242=AXIS2_PLACEMENT_3D('',#2239,#2240,#2241);
#2244=CURVE_STYLE('',#77,POSITIVE_LENGTH_MEASURE(2.E-2),#67);
#2245=PRESENTATION_STYLE_ASSIGNMENT((#2244));
#2246=STYLED_ITEM('',(#2245),#2243);
#2247=CARTESIAN_POINT('',(-1.302779466100E0,2.216287847478E0,1.35E0));
#2248=CARTESIAN_POINT('',(-1.152779466100E0,2.216287847478E0,1.5E0));
#2249=VERTEX_POINT('',#2247);
#2250=VERTEX_POINT('',#2248);
#2251=CARTESIAN_POINT('',(-1.423024947076E0,2.464751508773E0,1.35E0));
#2252=CARTESIAN_POINT('',(-1.634661850151E0,2.515527903972E0,1.35E0));
#2253=VERTEX_POINT('',#2251);
#2254=VERTEX_POINT('',#2252);
#2255=CARTESIAN_POINT('',(5.6E0,0.E0,1.5E0));
#2256=CARTESIAN_POINT('',(-5.6E0,0.E0,1.5E0));
#2257=VERTEX_POINT('',#2255);
#2258=VERTEX_POINT('',#2256);
#2259=CARTESIAN_POINT('',(-2.35E0,0.E0,1.5E0));
#2260=CARTESIAN_POINT('',(2.35E0,0.E0,1.5E0));
#2261=VERTEX_POINT('',#2259);
#2262=VERTEX_POINT('',#2260);
#2263=CARTESIAN_POINT('',(-5.75E0,0.E0,1.35E0));
#2264=VERTEX_POINT('',#2263);
#2265=CARTESIAN_POINT('',(-1.E-1,-1.5E-1,1.5E0));
#2266=CARTESIAN_POINT('',(-4.E-1,1.5E-1,1.5E0));
#2267=VERTEX_POINT('',#2265);
#2268=VERTEX_POINT('',#2266);
#2269=CARTESIAN_POINT('',(1.E-1,0.E0,1.35E0));
#2270=CARTESIAN_POINT('',(2.5E-1,1.5E-1,1.35E0));
#2271=VERTEX_POINT('',#2269);
#2272=VERTEX_POINT('',#2270);
#2273=CARTESIAN_POINT('',(-1.293121136508E0,2.539751508773E0,1.5E0));
#2274=VERTEX_POINT('',#2273);
#2275=CARTESIAN_POINT('',(2.5E0,0.E0,1.35E0));
#2276=CARTESIAN_POINT('',(-2.5E0,0.E0,1.35E0));
#2277=VERTEX_POINT('',#2275);
#2278=VERTEX_POINT('',#2276);
#2279=CARTESIAN_POINT('',(8.819861964925E0,0.E0,5.421779131974E-1));
#2280=CARTESIAN_POINT('',(7.032798306621E0,0.E0,1.482737733357E0));
#2281=VERTEX_POINT('',#2279);
#2282=VERTEX_POINT('',#2280);
#2283=CARTESIAN_POINT('',(1.634661850151E0,2.515527903972E0,1.35E0));
#2284=CARTESIAN_POINT('',(1.716394942659E0,2.641304299170E0,1.5E0));
#2285=VERTEX_POINT('',#2283);
#2286=VERTEX_POINT('',#2284);
#2287=CARTESIAN_POINT('',(2.5E-1,3.85E0,1.35E0));
#2288=VERTEX_POINT('',#2287);
#2289=CARTESIAN_POINT('',(-2.5E-1,1.5E-1,1.35E0));
#2290=CARTESIAN_POINT('',(-1.E-1,0.E0,1.35E0));
#2291=VERTEX_POINT('',#2289);
#2292=VERTEX_POINT('',#2290);
#2293=CARTESIAN_POINT('',(1.423024947076E0,2.464751508773E0,1.35E0));
#2294=CARTESIAN_POINT('',(1.322875655532E0,2.291287847478E0,1.35E0));
#2295=VERTEX_POINT('',#2293);
#2296=VERTEX_POINT('',#2294);
#2297=CARTESIAN_POINT('',(-8.9E0,0.E0,4.094401798401E-1));
#2298=CARTESIAN_POINT('',(8.9E0,0.E0,4.094401798401E-1));
#2299=VERTEX_POINT('',#2297);
#2300=VERTEX_POINT('',#2298);
#2301=CARTESIAN_POINT('',(3.E0,0.E0,1.35E0));
#2302=CARTESIAN_POINT('',(3.15E0,0.E0,1.5E0));
#2303=VERTEX_POINT('',#2301);
#2304=VERTEX_POINT('',#2302);
#2305=CARTESIAN_POINT('',(-1.E-1,4.E0,1.35E0));
#2306=CARTESIAN_POINT('',(1.E-1,4.E0,1.35E0));
#2307=VERTEX_POINT('',#2305);
#2308=VERTEX_POINT('',#2306);
#2309=CARTESIAN_POINT('',(4.E-1,3.85E0,1.5E0));
#2310=VERTEX_POINT('',#2309);
#2311=CARTESIAN_POINT('',(-1.192971844965E0,2.366287847478E0,1.5E0));
#2312=VERTEX_POINT('',#2311);
#2313=CARTESIAN_POINT('',(-2.5E-1,3.85E0,1.35E0));
#2314=VERTEX_POINT('',#2313);
#2315=CARTESIAN_POINT('',(-1.288313866164E0,1.965387336443E0,1.5E0));
#2316=VERTEX_POINT('',#2315);
#2317=CARTESIAN_POINT('',(1.152779466100E0,2.216287847478E0,1.5E0));
#2318=CARTESIAN_POINT('',(1.192971844965E0,2.366287847478E0,1.5E0));
#2319=VERTEX_POINT('',#2317);
#2320=VERTEX_POINT('',#2318);
#2321=CARTESIAN_POINT('',(1.288313866164E0,1.965387336443E0,1.5E0));
#2322=VERTEX_POINT('',#2321);
#2323=CARTESIAN_POINT('',(-4.E-1,3.85E0,1.5E0));
#2324=VERTEX_POINT('',#2323);
#2325=CARTESIAN_POINT('',(-6.962936341696E0,0.E0,1.5E0));
#2326=CARTESIAN_POINT('',(-7.032798306621E0,0.E0,1.482737733357E0));
#2327=VERTEX_POINT('',#2325);
#2328=VERTEX_POINT('',#2326);
#2329=CARTESIAN_POINT('',(-3.15E0,0.E0,1.5E0));
#2330=VERTEX_POINT('',#2329);
#2331=CARTESIAN_POINT('',(1.E-1,-1.5E-1,1.5E0));
#2332=VERTEX_POINT('',#2331);
#2333=CARTESIAN_POINT('',(-1.370546666132E0,2.090837591960E0,1.35E0));
#2334=VERTEX_POINT('',#2333);
#2335=CARTESIAN_POINT('',(-1.E-1,4.15E0,1.5E0));
#2336=VERTEX_POINT('',#2335);
#2337=CARTESIAN_POINT('',(1.E-1,4.15E0,1.5E0));
#2338=VERTEX_POINT('',#2337);
#2339=CARTESIAN_POINT('',(4.E-1,1.5E-1,1.5E0));
#2340=VERTEX_POINT('',#2339);
#2341=CARTESIAN_POINT('',(-8.819861964925E0,0.E0,5.421779131974E-1));
#2342=VERTEX_POINT('',#2341);
#2343=CARTESIAN_POINT('',(6.962936341696E0,0.E0,1.5E0));
#2344=VERTEX_POINT('',#2343);
#2345=CARTESIAN_POINT('',(1.293121136508E0,2.539751508773E0,1.5E0));
#2346=VERTEX_POINT('',#2345);
#2347=CARTESIAN_POINT('',(5.75E0,0.E0,1.35E0));
#2348=VERTEX_POINT('',#2347);
#2349=CARTESIAN_POINT('',(-3.E0,0.E0,1.35E0));
#2350=VERTEX_POINT('',#2349);
#2351=CARTESIAN_POINT('',(-1.322875655532E0,2.291287847478E0,1.35E0));
#2352=VERTEX_POINT('',#2351);
#2353=CARTESIAN_POINT('',(-1.716394942659E0,2.641304299170E0,1.5E0));
#2354=VERTEX_POINT('',#2353);
#2355=CARTESIAN_POINT('',(1.370546666132E0,2.090837591960E0,1.35E0));
#2356=VERTEX_POINT('',#2355);
#2357=CARTESIAN_POINT('',(1.302779466100E0,2.216287847478E0,1.35E0));
#2358=VERTEX_POINT('',#2357);
#2359=CARTESIAN_POINT('',(-8.9E0,0.E0,1.5E-1));
#2360=CARTESIAN_POINT('',(8.9E0,0.E0,1.5E-1));
#2361=VERTEX_POINT('',#2359);
#2362=VERTEX_POINT('',#2360);
#2363=CARTESIAN_POINT('',(-8.75E0,0.E0,0.E0));
#2364=CARTESIAN_POINT('',(8.75E0,0.E0,0.E0));
#2365=VERTEX_POINT('',#2363);
#2366=VERTEX_POINT('',#2364);
#2367=CARTESIAN_POINT('',(7.5E0,0.E0,0.E0));
#2368=CARTESIAN_POINT('',(-7.5E0,0.E0,0.E0));
#2369=VERTEX_POINT('',#2367);
#2370=VERTEX_POINT('',#2368);
#2371=CARTESIAN_POINT('',(-7.5E0,0.E0,-1.E0));
#2372=CARTESIAN_POINT('',(7.5E0,0.E0,-1.E0));
#2373=VERTEX_POINT('',#2371);
#2374=VERTEX_POINT('',#2372);
#2375=CARTESIAN_POINT('',(-8.E0,0.E0,-1.5E0));
#2376=CARTESIAN_POINT('',(8.E0,0.E0,-1.5E0));
#2377=VERTEX_POINT('',#2375);
#2378=VERTEX_POINT('',#2376);
#2379=CARTESIAN_POINT('',(7.E0,0.E0,-1.86E1));
#2380=CARTESIAN_POINT('',(-7.E0,0.E0,-1.86E1));
#2381=VERTEX_POINT('',#2379);
#2382=VERTEX_POINT('',#2380);
#2383=CARTESIAN_POINT('',(7.5E0,0.E0,-1.68E1));
#2384=CARTESIAN_POINT('',(-7.5E0,0.E0,-1.68E1));
#2385=VERTEX_POINT('',#2383);
#2386=VERTEX_POINT('',#2384);
#2387=CARTESIAN_POINT('',(6.5E0,0.E0,-2.65E1));
#2388=CARTESIAN_POINT('',(-6.5E0,0.E0,-2.65E1));
#2389=VERTEX_POINT('',#2387);
#2390=VERTEX_POINT('',#2388);
#2391=CARTESIAN_POINT('',(7.E0,0.E0,-2.6E1));
#2392=CARTESIAN_POINT('',(-7.E0,0.E0,-2.6E1));
#2393=VERTEX_POINT('',#2391);
#2394=VERTEX_POINT('',#2392);
#2395=CARTESIAN_POINT('',(2.4E0,5.75E0,-2.65E1));
#2396=CARTESIAN_POINT('',(2.4E0,5.25E0,-2.65E1));
#2397=VERTEX_POINT('',#2395);
#2398=VERTEX_POINT('',#2396);
#2399=CARTESIAN_POINT('',(-2.4E0,5.25E0,-2.65E1));
#2400=VERTEX_POINT('',#2399);
#2401=CARTESIAN_POINT('',(-2.4E0,5.75E0,-2.65E1));
#2402=VERTEX_POINT('',#2401);
#2403=CARTESIAN_POINT('',(-5.E0,1.4E0,-2.65E1));
#2404=CARTESIAN_POINT('',(-5.E0,-1.4E0,-2.65E1));
#2405=VERTEX_POINT('',#2403);
#2406=VERTEX_POINT('',#2404);
#2407=CARTESIAN_POINT('',(-5.5E0,-1.4E0,-2.65E1));
#2408=VERTEX_POINT('',#2407);
#2409=CARTESIAN_POINT('',(-5.5E0,1.4E0,-2.65E1));
#2410=VERTEX_POINT('',#2409);
#2411=CARTESIAN_POINT('',(5.E0,1.4E0,-2.65E1));
#2412=CARTESIAN_POINT('',(5.5E0,1.4E0,-2.65E1));
#2413=VERTEX_POINT('',#2411);
#2414=VERTEX_POINT('',#2412);
#2415=CARTESIAN_POINT('',(5.5E0,-1.4E0,-2.65E1));
#2416=VERTEX_POINT('',#2415);
#2417=CARTESIAN_POINT('',(5.E0,-1.4E0,-2.65E1));
#2418=VERTEX_POINT('',#2417);
#2419=CARTESIAN_POINT('',(2.4E0,-5.75E0,-2.65E1));
#2420=CARTESIAN_POINT('',(-2.4E0,-5.75E0,-2.65E1));
#2421=VERTEX_POINT('',#2419);
#2422=VERTEX_POINT('',#2420);
#2423=CARTESIAN_POINT('',(-2.4E0,-5.25E0,-2.65E1));
#2424=VERTEX_POINT('',#2423);
#2425=CARTESIAN_POINT('',(2.4E0,-5.25E0,-2.65E1));
#2426=VERTEX_POINT('',#2425);
#2427=CARTESIAN_POINT('',(6.75E0,0.E0,1.5E0));
#2428=CARTESIAN_POINT('',(-6.75E0,0.E0,1.5E0));
#2429=VERTEX_POINT('',#2427);
#2430=VERTEX_POINT('',#2428);
#2431=CARTESIAN_POINT('',(-6.6E0,-1.455150453258E-11,1.35E0));
#2432=VERTEX_POINT('',#2431);
#2433=CARTESIAN_POINT('',(6.6E0,1.455364856406E-11,1.35E0));
#2434=VERTEX_POINT('',#2433);
#2435=CARTESIAN_POINT('',(2.4E0,-5.25E0,-3.218196601125E1));
#2436=CARTESIAN_POINT('',(2.347213595500E0,-5.25E0,-3.240557280900E1));
#2437=VERTEX_POINT('',#2435);
#2438=VERTEX_POINT('',#2436);
#2439=CARTESIAN_POINT('',(2.347213595500E0,-5.75E0,-3.240557280900E1));
#2440=VERTEX_POINT('',#2439);
#2441=CARTESIAN_POINT('',(2.4E0,-5.75E0,-3.218196601125E1));
#2442=VERTEX_POINT('',#2441);
#2443=CARTESIAN_POINT('',(-2.4E0,-5.75E0,-3.218196601125E1));
#2444=CARTESIAN_POINT('',(-2.347213595500E0,-5.75E0,-3.240557280900E1));
#2445=VERTEX_POINT('',#2443);
#2446=VERTEX_POINT('',#2444);
#2447=CARTESIAN_POINT('',(-2.347213595500E0,-5.25E0,-3.240557280900E1));
#2448=VERTEX_POINT('',#2447);
#2449=CARTESIAN_POINT('',(-2.4E0,-5.25E0,-3.218196601125E1));
#2450=VERTEX_POINT('',#2449);
#2451=CARTESIAN_POINT('',(-5.5E0,1.4E0,-3.218196601125E1));
#2452=CARTESIAN_POINT('',(-5.5E0,1.347213595500E0,-3.240557280900E1));
#2453=VERTEX_POINT('',#2451);
#2454=VERTEX_POINT('',#2452);
#2455=CARTESIAN_POINT('',(-5.E0,1.347213595500E0,-3.240557280900E1));
#2456=VERTEX_POINT('',#2455);
#2457=CARTESIAN_POINT('',(-5.E0,1.4E0,-3.218196601125E1));
#2458=VERTEX_POINT('',#2457);
#2459=CARTESIAN_POINT('',(-5.E0,-1.4E0,-3.218196601125E1));
#2460=CARTESIAN_POINT('',(-5.E0,-1.347213595500E0,-3.240557280900E1));
#2461=VERTEX_POINT('',#2459);
#2462=VERTEX_POINT('',#2460);
#2463=CARTESIAN_POINT('',(-5.5E0,-1.347213595500E0,-3.240557280900E1));
#2464=VERTEX_POINT('',#2463);
#2465=CARTESIAN_POINT('',(-5.5E0,-1.4E0,-3.218196601125E1));
#2466=VERTEX_POINT('',#2465);
#2467=CARTESIAN_POINT('',(5.5E0,-1.4E0,-3.218196601125E1));
#2468=CARTESIAN_POINT('',(5.5E0,-1.347213595500E0,-3.240557280900E1));
#2469=VERTEX_POINT('',#2467);
#2470=VERTEX_POINT('',#2468);
#2471=CARTESIAN_POINT('',(5.E0,-1.347213595500E0,-3.240557280900E1));
#2472=VERTEX_POINT('',#2471);
#2473=CARTESIAN_POINT('',(5.E0,-1.4E0,-3.218196601125E1));
#2474=VERTEX_POINT('',#2473);
#2475=CARTESIAN_POINT('',(5.E0,1.4E0,-3.218196601125E1));
#2476=CARTESIAN_POINT('',(5.E0,1.347213595500E0,-3.240557280900E1));
#2477=VERTEX_POINT('',#2475);
#2478=VERTEX_POINT('',#2476);
#2479=CARTESIAN_POINT('',(5.5E0,1.347213595500E0,-3.240557280900E1));
#2480=VERTEX_POINT('',#2479);
#2481=CARTESIAN_POINT('',(5.5E0,1.4E0,-3.218196601125E1));
#2482=VERTEX_POINT('',#2481);
#2483=CARTESIAN_POINT('',(-2.4E0,5.25E0,-3.218196601125E1));
#2484=CARTESIAN_POINT('',(-2.347213595500E0,5.25E0,-3.240557280900E1));
#2485=VERTEX_POINT('',#2483);
#2486=VERTEX_POINT('',#2484);
#2487=CARTESIAN_POINT('',(-2.347213595500E0,5.75E0,-3.240557280900E1));
#2488=VERTEX_POINT('',#2487);
#2489=CARTESIAN_POINT('',(-2.4E0,5.75E0,-3.218196601125E1));
#2490=VERTEX_POINT('',#2489);
#2491=CARTESIAN_POINT('',(2.4E0,5.75E0,-3.218196601125E1));
#2492=CARTESIAN_POINT('',(2.347213595500E0,5.75E0,-3.240557280900E1));
#2493=VERTEX_POINT('',#2491);
#2494=VERTEX_POINT('',#2492);
#2495=CARTESIAN_POINT('',(2.347213595500E0,5.25E0,-3.240557280900E1));
#2496=VERTEX_POINT('',#2495);
#2497=CARTESIAN_POINT('',(2.4E0,5.25E0,-3.218196601125E1));
#2498=VERTEX_POINT('',#2497);
#2499=CARTESIAN_POINT('',(1.590983005625E0,-5.75E0,-3.33E1));
#2500=CARTESIAN_POINT('',(2.038196601125E0,-5.75E0,-3.302360679775E1));
#2501=VERTEX_POINT('',#2499);
#2502=VERTEX_POINT('',#2500);
#2503=CARTESIAN_POINT('',(2.038196601125E0,-5.25E0,-3.302360679775E1));
#2504=VERTEX_POINT('',#2503);
#2505=CARTESIAN_POINT('',(1.590983005625E0,-5.25E0,-3.33E1));
#2506=VERTEX_POINT('',#2505);
#2507=CARTESIAN_POINT('',(-1.590983005625E0,-5.25E0,-3.33E1));
#2508=CARTESIAN_POINT('',(-2.038196601125E0,-5.25E0,-3.302360679775E1));
#2509=VERTEX_POINT('',#2507);
#2510=VERTEX_POINT('',#2508);
#2511=CARTESIAN_POINT('',(-2.038196601125E0,-5.75E0,-3.302360679775E1));
#2512=VERTEX_POINT('',#2511);
#2513=CARTESIAN_POINT('',(-1.590983005625E0,-5.75E0,-3.33E1));
#2514=VERTEX_POINT('',#2513);
#2515=CARTESIAN_POINT('',(-5.5E0,-5.909830056251E-1,-3.33E1));
#2516=CARTESIAN_POINT('',(-5.5E0,-1.038196601125E0,-3.302360679775E1));
#2517=VERTEX_POINT('',#2515);
#2518=VERTEX_POINT('',#2516);
#2519=CARTESIAN_POINT('',(-5.E0,-1.038196601125E0,-3.302360679775E1));
#2520=VERTEX_POINT('',#2519);
#2521=CARTESIAN_POINT('',(-5.E0,-5.909830056251E-1,-3.33E1));
#2522=VERTEX_POINT('',#2521);
#2523=CARTESIAN_POINT('',(-5.E0,5.909830056251E-1,-3.33E1));
#2524=CARTESIAN_POINT('',(-5.E0,1.038196601125E0,-3.302360679775E1));
#2525=VERTEX_POINT('',#2523);
#2526=VERTEX_POINT('',#2524);
#2527=CARTESIAN_POINT('',(-5.5E0,1.038196601125E0,-3.302360679775E1));
#2528=VERTEX_POINT('',#2527);
#2529=CARTESIAN_POINT('',(-5.5E0,5.909830056251E-1,-3.33E1));
#2530=VERTEX_POINT('',#2529);
#2531=CARTESIAN_POINT('',(5.E0,-5.909830056251E-1,-3.33E1));
#2532=CARTESIAN_POINT('',(5.E0,-1.038196601125E0,-3.302360679775E1));
#2533=VERTEX_POINT('',#2531);
#2534=VERTEX_POINT('',#2532);
#2535=CARTESIAN_POINT('',(5.5E0,-1.038196601125E0,-3.302360679775E1));
#2536=VERTEX_POINT('',#2535);
#2537=CARTESIAN_POINT('',(5.5E0,-5.909830056251E-1,-3.33E1));
#2538=VERTEX_POINT('',#2537);
#2539=CARTESIAN_POINT('',(5.5E0,5.909830056251E-1,-3.33E1));
#2540=CARTESIAN_POINT('',(5.5E0,1.038196601125E0,-3.302360679775E1));
#2541=VERTEX_POINT('',#2539);
#2542=VERTEX_POINT('',#2540);
#2543=CARTESIAN_POINT('',(5.E0,1.038196601125E0,-3.302360679775E1));
#2544=VERTEX_POINT('',#2543);
#2545=CARTESIAN_POINT('',(5.E0,5.909830056251E-1,-3.33E1));
#2546=VERTEX_POINT('',#2545);
#2547=CARTESIAN_POINT('',(1.590983005625E0,5.25E0,-3.33E1));
#2548=CARTESIAN_POINT('',(2.038196601125E0,5.25E0,-3.302360679775E1));
#2549=VERTEX_POINT('',#2547);
#2550=VERTEX_POINT('',#2548);
#2551=CARTESIAN_POINT('',(2.038196601125E0,5.75E0,-3.302360679775E1));
#2552=VERTEX_POINT('',#2551);
#2553=CARTESIAN_POINT('',(1.590983005625E0,5.75E0,-3.33E1));
#2554=VERTEX_POINT('',#2553);
#2555=CARTESIAN_POINT('',(-1.590983005625E0,5.75E0,-3.33E1));
#2556=CARTESIAN_POINT('',(-2.038196601125E0,5.75E0,-3.302360679775E1));
#2557=VERTEX_POINT('',#2555);
#2558=VERTEX_POINT('',#2556);
#2559=CARTESIAN_POINT('',(-2.038196601125E0,5.25E0,-3.302360679775E1));
#2560=VERTEX_POINT('',#2559);
#2561=CARTESIAN_POINT('',(-1.590983005625E0,5.25E0,-3.33E1));
#2562=VERTEX_POINT('',#2561);
#2563=CARTESIAN_POINT('',(-4.E-1,-5.75E0,-3.12E1));
#2564=CARTESIAN_POINT('',(-4.E-1,-5.25E0,-3.12E1));
#2565=VERTEX_POINT('',#2563);
#2566=VERTEX_POINT('',#2564);
#2567=CARTESIAN_POINT('',(4.E-1,-5.75E0,-3.12E1));
#2568=CARTESIAN_POINT('',(4.E-1,-5.25E0,-3.12E1));
#2569=VERTEX_POINT('',#2567);
#2570=VERTEX_POINT('',#2568);
#2571=CARTESIAN_POINT('',(-4.E-1,5.25E0,-3.12E1));
#2572=CARTESIAN_POINT('',(-4.E-1,5.75E0,-3.12E1));
#2573=VERTEX_POINT('',#2571);
#2574=VERTEX_POINT('',#2572);
#2575=CARTESIAN_POINT('',(4.E-1,5.25E0,-3.12E1));
#2576=CARTESIAN_POINT('',(4.E-1,5.75E0,-3.12E1));
#2577=VERTEX_POINT('',#2575);
#2578=VERTEX_POINT('',#2576);
#2579=CARTESIAN_POINT('',(-4.E-1,-5.75E0,-3.19E1));
#2580=CARTESIAN_POINT('',(-4.E-1,-5.25E0,-3.19E1));
#2581=VERTEX_POINT('',#2579);
#2582=VERTEX_POINT('',#2580);
#2583=CARTESIAN_POINT('',(4.E-1,-5.75E0,-3.19E1));
#2584=CARTESIAN_POINT('',(4.E-1,-5.25E0,-3.19E1));
#2585=VERTEX_POINT('',#2583);
#2586=VERTEX_POINT('',#2584);
#2587=CARTESIAN_POINT('',(-4.E-1,5.25E0,-3.19E1));
#2588=CARTESIAN_POINT('',(-4.E-1,5.75E0,-3.19E1));
#2589=VERTEX_POINT('',#2587);
#2590=VERTEX_POINT('',#2588);
#2591=CARTESIAN_POINT('',(4.E-1,5.25E0,-3.19E1));
#2592=CARTESIAN_POINT('',(4.E-1,5.75E0,-3.19E1));
#2593=VERTEX_POINT('',#2591);
#2594=VERTEX_POINT('',#2592);
#2595=CARTESIAN_POINT('',(5.5E0,4.E-1,-3.18E1));
#2596=CARTESIAN_POINT('',(5.5E0,-4.E-1,-3.18E1));
#2597=VERTEX_POINT('',#2595);
#2598=VERTEX_POINT('',#2596);
#2599=CARTESIAN_POINT('',(5.E0,4.E-1,-3.18E1));
#2600=CARTESIAN_POINT('',(5.E0,-4.E-1,-3.18E1));
#2601=VERTEX_POINT('',#2599);
#2602=VERTEX_POINT('',#2600);
#2603=CARTESIAN_POINT('',(-5.E0,4.E-1,-3.18E1));
#2604=CARTESIAN_POINT('',(-5.E0,-4.E-1,-3.18E1));
#2605=VERTEX_POINT('',#2603);
#2606=VERTEX_POINT('',#2604);
#2607=CARTESIAN_POINT('',(-5.5E0,4.E-1,-3.18E1));
#2608=CARTESIAN_POINT('',(-5.5E0,-4.E-1,-3.18E1));
#2609=VERTEX_POINT('',#2607);
#2610=VERTEX_POINT('',#2608);
#2611=CARTESIAN_POINT('',(7.5E0,0.E0,-1.36E1));
#2612=CARTESIAN_POINT('',(-7.5E0,0.E0,-1.36E1));
#2613=VERTEX_POINT('',#2611);
#2614=VERTEX_POINT('',#2612);
#2615=CARTESIAN_POINT('',(8.E0,0.E0,-1.31E1));
#2616=CARTESIAN_POINT('',(-8.E0,0.E0,-1.31E1));
#2617=VERTEX_POINT('',#2615);
#2618=VERTEX_POINT('',#2616);
#2619=CARTESIAN_POINT('',(0.E0,0.E0,1.5E0));
#2620=DIRECTION('',(0.E0,0.E0,1.E0));
#2621=DIRECTION('',(1.E0,0.E0,0.E0));
#2622=AXIS2_PLACEMENT_3D('',#2619,#2620,#2621);
#2623=PLANE('',#2622);
#2625=ORIENTED_EDGE('',*,*,#2624,.F.);
#2627=ORIENTED_EDGE('',*,*,#2626,.F.);
#2628=EDGE_LOOP('',(#2625,#2627));
#2629=FACE_OUTER_BOUND('',#2628,.F.);
#2631=ORIENTED_EDGE('',*,*,#2630,.F.);
#2633=ORIENTED_EDGE('',*,*,#2632,.F.);
#2634=EDGE_LOOP('',(#2631,#2633));
#2635=FACE_BOUND('',#2634,.F.);
#2637=CARTESIAN_POINT('',(0.E0,0.E0,1.35E0));
#2638=DIRECTION('',(0.E0,0.E0,1.E0));
#2639=DIRECTION('',(1.E0,0.E0,0.E0));
#2640=AXIS2_PLACEMENT_3D('',#2637,#2638,#2639);
#2641=TOROIDAL_SURFACE('',#2640,6.962936341696E0,1.5E-1);
#2643=ORIENTED_EDGE('',*,*,#2642,.F.);
#2645=ORIENTED_EDGE('',*,*,#2644,.F.);
#2646=ORIENTED_EDGE('',*,*,#2624,.T.);
#2648=ORIENTED_EDGE('',*,*,#2647,.T.);
#2649=EDGE_LOOP('',(#2643,#2645,#2646,#2648));
#2650=FACE_OUTER_BOUND('',#2649,.F.);
#2652=CARTESIAN_POINT('',(0.E0,0.E0,1.012457823277E0));
#2653=DIRECTION('',(0.E0,0.E0,-1.E0));
#2654=DIRECTION('',(-1.E0,0.E0,0.E0));
#2655=AXIS2_PLACEMENT_3D('',#2652,#2653,#2654);
#2656=CONICAL_SURFACE('',#2655,7.926330135773E0,6.224145939894E1);
#2657=ORIENTED_EDGE('',*,*,#2642,.T.);
#2659=ORIENTED_EDGE('',*,*,#2658,.F.);
#2661=ORIENTED_EDGE('',*,*,#2660,.T.);
#2663=ORIENTED_EDGE('',*,*,#2662,.T.);
#2664=EDGE_LOOP('',(#2657,#2659,#2661,#2663));
#2665=FACE_OUTER_BOUND('',#2664,.F.);
#2667=CARTESIAN_POINT('',(0.E0,0.E0,1.012457823277E0));
#2668=DIRECTION('',(0.E0,0.E0,-1.E0));
#2669=DIRECTION('',(-1.E0,0.E0,0.E0));
#2670=AXIS2_PLACEMENT_3D('',#2667,#2668,#2669);
#2671=CONICAL_SURFACE('',#2670,7.926330135773E0,6.224145939894E1);
#2672=ORIENTED_EDGE('',*,*,#2662,.F.);
#2674=ORIENTED_EDGE('',*,*,#2673,.T.);
#2675=ORIENTED_EDGE('',*,*,#2658,.T.);
#2677=ORIENTED_EDGE('',*,*,#2676,.T.);
#2678=EDGE_LOOP('',(#2672,#2674,#2675,#2677));
#2679=FACE_OUTER_BOUND('',#2678,.F.);
#2681=CARTESIAN_POINT('',(0.E0,0.E0,4.094401798401E-1));
#2682=DIRECTION('',(0.E0,0.E0,-1.E0));
#2683=DIRECTION('',(-1.E0,0.E0,0.E0));
#2684=AXIS2_PLACEMENT_3D('',#2681,#2682,#2683);
#2685=TOROIDAL_SURFACE('',#2684,8.75E0,1.5E-1);
#2687=ORIENTED_EDGE('',*,*,#2686,.F.);
#2689=ORIENTED_EDGE('',*,*,#2688,.F.);
#2691=ORIENTED_EDGE('',*,*,#2690,.T.);
#2692=ORIENTED_EDGE('',*,*,#2673,.F.);
#2693=EDGE_LOOP('',(#2687,#2689,#2691,#2692));
#2694=FACE_OUTER_BOUND('',#2693,.F.);
#2696=CARTESIAN_POINT('',(0.E0,0.E0,4.094401798401E-1));
#2697=DIRECTION('',(0.E0,0.E0,-1.E0));
#2698=DIRECTION('',(-1.E0,0.E0,0.E0));
#2699=AXIS2_PLACEMENT_3D('',#2696,#2697,#2698);
#2700=TOROIDAL_SURFACE('',#2699,8.75E0,1.5E-1);
#2701=ORIENTED_EDGE('',*,*,#2660,.F.);
#2702=ORIENTED_EDGE('',*,*,#2690,.F.);
#2704=ORIENTED_EDGE('',*,*,#2703,.F.);
#2705=ORIENTED_EDGE('',*,*,#2686,.T.);
#2706=EDGE_LOOP('',(#2701,#2702,#2704,#2705));
#2707=FACE_OUTER_BOUND('',#2706,.F.);
#2709=CARTESIAN_POINT('',(0.E0,0.E0,0.E0));
#2710=DIRECTION('',(0.E0,0.E0,1.E0));
#2711=DIRECTION('',(1.E0,0.E0,0.E0));
#2712=AXIS2_PLACEMENT_3D('',#2709,#2710,#2711);
#2713=CYLINDRICAL_SURFACE('',#2712,8.9E0);
#2715=ORIENTED_EDGE('',*,*,#2714,.F.);
#2717=ORIENTED_EDGE('',*,*,#2716,.T.);
#2718=ORIENTED_EDGE('',*,*,#2703,.T.);
#2720=ORIENTED_EDGE('',*,*,#2719,.T.);
#2721=EDGE_LOOP('',(#2715,#2717,#2718,#2720));
#2722=FACE_OUTER_BOUND('',#2721,.F.);
#2724=CARTESIAN_POINT('',(0.E0,0.E0,1.5E-1));
#2725=DIRECTION('',(0.E0,0.E0,1.E0));
#2726=DIRECTION('',(9.999738500562E-1,-7.231818842924E-3,0.E0));
#2727=AXIS2_PLACEMENT_3D('',#2724,#2725,#2726);
#2728=TOROIDAL_SURFACE('',#2727,8.75E0,1.5E-1);
#2729=ORIENTED_EDGE('',*,*,#2714,.T.);
#2731=ORIENTED_EDGE('',*,*,#2730,.T.);
#2733=ORIENTED_EDGE('',*,*,#2732,.F.);
#2735=ORIENTED_EDGE('',*,*,#2734,.F.);
#2736=EDGE_LOOP('',(#2729,#2731,#2733,#2735));
#2737=FACE_OUTER_BOUND('',#2736,.F.);
#2739=CARTESIAN_POINT('',(0.E0,0.E0,1.5E-1));
#2740=DIRECTION('',(0.E0,0.E0,1.E0));
#2741=DIRECTION('',(-9.999738500562E-1,7.231818842923E-3,0.E0));
#2742=AXIS2_PLACEMENT_3D('',#2739,#2740,#2741);
#2743=TOROIDAL_SURFACE('',#2742,8.75E0,1.5E-1);
#2745=ORIENTED_EDGE('',*,*,#2744,.T.);
#2746=ORIENTED_EDGE('',*,*,#2734,.T.);
#2748=ORIENTED_EDGE('',*,*,#2747,.F.);
#2749=ORIENTED_EDGE('',*,*,#2730,.F.);
#2750=EDGE_LOOP('',(#2745,#2746,#2748,#2749));
#2751=FACE_OUTER_BOUND('',#2750,.F.);
#2753=CARTESIAN_POINT('',(0.E0,0.E0,0.E0));
#2754=DIRECTION('',(0.E0,0.E0,1.E0));
#2755=DIRECTION('',(1.E0,0.E0,0.E0));
#2756=AXIS2_PLACEMENT_3D('',#2753,#2754,#2755);
#2757=CYLINDRICAL_SURFACE('',#2756,8.9E0);
#2758=ORIENTED_EDGE('',*,*,#2744,.F.);
#2759=ORIENTED_EDGE('',*,*,#2719,.F.);
#2760=ORIENTED_EDGE('',*,*,#2688,.T.);
#2761=ORIENTED_EDGE('',*,*,#2716,.F.);
#2762=EDGE_LOOP('',(#2758,#2759,#2760,#2761));
#2763=FACE_OUTER_BOUND('',#2762,.F.);
#2765=CARTESIAN_POINT('',(0.E0,0.E0,0.E0));
#2766=DIRECTION('',(0.E0,0.E0,-1.E0));
#2767=DIRECTION('',(-1.E0,0.E0,0.E0));
#2768=AXIS2_PLACEMENT_3D('',#2765,#2766,#2767);
#2769=PLANE('',#2768);
#2770=ORIENTED_EDGE('',*,*,#2747,.T.);
#2771=ORIENTED_EDGE('',*,*,#2732,.T.);
#2772=EDGE_LOOP('',(#2770,#2771));
#2773=FACE_OUTER_BOUND('',#2772,.F.);
#2775=ORIENTED_EDGE('',*,*,#2774,.F.);
#2777=ORIENTED_EDGE('',*,*,#2776,.F.);
#2778=EDGE_LOOP('',(#2775,#2777));
#2779=FACE_BOUND('',#2778,.F.);
#2781=CARTESIAN_POINT('',(0.E0,0.E0,0.E0));
#2782=DIRECTION('',(0.E0,0.E0,1.E0));
#2783=DIRECTION('',(1.E0,0.E0,0.E0));
#2784=AXIS2_PLACEMENT_3D('',#2781,#2782,#2783);
#2785=CYLINDRICAL_SURFACE('',#2784,7.5E0);
#2787=ORIENTED_EDGE('',*,*,#2786,.F.);
#2789=ORIENTED_EDGE('',*,*,#2788,.F.);
#2790=ORIENTED_EDGE('',*,*,#2774,.T.);
#2792=ORIENTED_EDGE('',*,*,#2791,.T.);
#2793=EDGE_LOOP('',(#2787,#2789,#2790,#2792));
#2794=FACE_OUTER_BOUND('',#2793,.F.);
#2796=CARTESIAN_POINT('',(0.E0,0.E0,-1.249999999829E0));
#2797=DIRECTION('',(0.E0,0.E0,-1.E0));
#2798=DIRECTION('',(0.E0,-1.E0,0.E0));
#2799=AXIS2_PLACEMENT_3D('',#2796,#2797,#2798);
#2800=CONICAL_SURFACE('',#2799,7.749999999829E0,4.5E1);
#2801=ORIENTED_EDGE('',*,*,#2786,.T.);
#2803=ORIENTED_EDGE('',*,*,#2802,.T.);
#2805=ORIENTED_EDGE('',*,*,#2804,.F.);
#2807=ORIENTED_EDGE('',*,*,#2806,.F.);
#2808=EDGE_LOOP('',(#2801,#2803,#2805,#2807));
#2809=FACE_OUTER_BOUND('',#2808,.F.);
#2811=CARTESIAN_POINT('',(0.E0,1.469576158977E-14,-1.249999999829E0));
#2812=DIRECTION('',(0.E0,0.E0,-1.E0));
#2813=DIRECTION('',(0.E0,-1.E0,0.E0));
#2814=AXIS2_PLACEMENT_3D('',#2811,#2812,#2813);
#2815=CONICAL_SURFACE('',#2814,7.749999999829E0,4.5E1);
#2817=ORIENTED_EDGE('',*,*,#2816,.T.);
#2818=ORIENTED_EDGE('',*,*,#2806,.T.);
#2820=ORIENTED_EDGE('',*,*,#2819,.F.);
#2821=ORIENTED_EDGE('',*,*,#2802,.F.);
#2822=EDGE_LOOP('',(#2817,#2818,#2820,#2821));
#2823=FACE_OUTER_BOUND('',#2822,.F.);
#2825=CARTESIAN_POINT('',(0.E0,0.E0,0.E0));
#2826=DIRECTION('',(0.E0,0.E0,1.E0));
#2827=DIRECTION('',(1.E0,0.E0,0.E0));
#2828=AXIS2_PLACEMENT_3D('',#2825,#2826,#2827);
#2829=CYLINDRICAL_SURFACE('',#2828,7.5E0);
#2830=ORIENTED_EDGE('',*,*,#2816,.F.);
#2831=ORIENTED_EDGE('',*,*,#2791,.F.);
#2832=ORIENTED_EDGE('',*,*,#2776,.T.);
#2833=ORIENTED_EDGE('',*,*,#2788,.T.);
#2834=EDGE_LOOP('',(#2830,#2831,#2832,#2833));
#2835=FACE_OUTER_BOUND('',#2834,.F.);
#2837=CARTESIAN_POINT('',(0.E0,0.E0,-1.E0));
#2838=DIRECTION('',(0.E0,0.E0,-1.E0));
#2839=DIRECTION('',(-1.E0,0.E0,0.E0));
#2840=AXIS2_PLACEMENT_3D('',#2837,#2838,#2839);
#2841=CYLINDRICAL_SURFACE('',#2840,8.E0);
#2843=ORIENTED_EDGE('',*,*,#2842,.T.);
#2845=ORIENTED_EDGE('',*,*,#2844,.F.);
#2846=ORIENTED_EDGE('',*,*,#2819,.T.);
#2848=ORIENTED_EDGE('',*,*,#2847,.T.);
#2849=EDGE_LOOP('',(#2843,#2845,#2846,#2848));
#2850=FACE_OUTER_BOUND('',#2849,.F.);
#2852=CARTESIAN_POINT('',(0.E0,1.439213015196E-14,-1.335000000009E1));
#2853=DIRECTION('',(0.E0,0.E0,1.E0));
#2854=DIRECTION('',(0.E0,-1.E0,0.E0));
#2855=AXIS2_PLACEMENT_3D('',#2852,#2853,#2854);
#2856=CONICAL_SURFACE('',#2855,7.749999999911E0,4.5E1);
#2858=ORIENTED_EDGE('',*,*,#2857,.T.);
#2860=ORIENTED_EDGE('',*,*,#2859,.T.);
#2861=ORIENTED_EDGE('',*,*,#2842,.F.);
#2863=ORIENTED_EDGE('',*,*,#2862,.F.);
#2864=EDGE_LOOP('',(#2858,#2860,#2861,#2863));
#2865=FACE_OUTER_BOUND('',#2864,.F.);
#2867=CARTESIAN_POINT('',(0.E0,0.E0,-1.36E1));
#2868=DIRECTION('',(0.E0,0.E0,-1.E0));
#2869=DIRECTION('',(-1.E0,0.E0,0.E0));
#2870=AXIS2_PLACEMENT_3D('',#2867,#2868,#2869);
#2871=CYLINDRICAL_SURFACE('',#2870,7.5E0);
#2872=ORIENTED_EDGE('',*,*,#2857,.F.);
#2874=ORIENTED_EDGE('',*,*,#2873,.T.);
#2876=ORIENTED_EDGE('',*,*,#2875,.T.);
#2878=ORIENTED_EDGE('',*,*,#2877,.F.);
#2879=EDGE_LOOP('',(#2872,#2874,#2876,#2878));
#2880=FACE_OUTER_BOUND('',#2879,.F.);
#2882=CARTESIAN_POINT('',(0.E0,0.E0,-1.36E1));
#2883=DIRECTION('',(0.E0,0.E0,-1.E0));
#2884=DIRECTION('',(-1.E0,0.E0,0.E0));
#2885=AXIS2_PLACEMENT_3D('',#2882,#2883,#2884);
#2886=CYLINDRICAL_SURFACE('',#2885,7.5E0);
#2888=ORIENTED_EDGE('',*,*,#2887,.F.);
#2889=ORIENTED_EDGE('',*,*,#2877,.T.);
#2891=ORIENTED_EDGE('',*,*,#2890,.T.);
#2892=ORIENTED_EDGE('',*,*,#2873,.F.);
#2893=EDGE_LOOP('',(#2888,#2889,#2891,#2892));
#2894=FACE_OUTER_BOUND('',#2893,.F.);
#2896=CARTESIAN_POINT('',(0.E0,0.E0,-1.335000000009E1));
#2897=DIRECTION('',(0.E0,0.E0,1.E0));
#2898=DIRECTION('',(0.E0,-1.E0,0.E0));
#2899=AXIS2_PLACEMENT_3D('',#2896,#2897,#2898);
#2900=CONICAL_SURFACE('',#2899,7.749999999911E0,4.5E1);
#2901=ORIENTED_EDGE('',*,*,#2887,.T.);
#2902=ORIENTED_EDGE('',*,*,#2862,.T.);
#2904=ORIENTED_EDGE('',*,*,#2903,.F.);
#2905=ORIENTED_EDGE('',*,*,#2859,.F.);
#2906=EDGE_LOOP('',(#2901,#2902,#2904,#2905));
#2907=FACE_OUTER_BOUND('',#2906,.F.);
#2909=CARTESIAN_POINT('',(0.E0,0.E0,-1.E0));
#2910=DIRECTION('',(0.E0,0.E0,-1.E0));
#2911=DIRECTION('',(-1.E0,0.E0,0.E0));
#2912=AXIS2_PLACEMENT_3D('',#2909,#2910,#2911);
#2913=CYLINDRICAL_SURFACE('',#2912,8.E0);
#2914=ORIENTED_EDGE('',*,*,#2903,.T.);
#2915=ORIENTED_EDGE('',*,*,#2847,.F.);
#2916=ORIENTED_EDGE('',*,*,#2804,.T.);
#2917=ORIENTED_EDGE('',*,*,#2844,.T.);
#2918=EDGE_LOOP('',(#2914,#2915,#2916,#2917));
#2919=FACE_OUTER_BOUND('',#2918,.F.);
#2921=CARTESIAN_POINT('',(0.E0,0.E0,-1.770000000012E1));
#2922=DIRECTION('',(0.E0,0.E0,1.E0));
#2923=DIRECTION('',(0.E0,-1.E0,0.E0));
#2924=AXIS2_PLACEMENT_3D('',#2921,#2922,#2923);
#2925=CONICAL_SURFACE('',#2924,7.249999999967E0,1.552411099675E1);
#2927=ORIENTED_EDGE('',*,*,#2926,.T.);
#2929=ORIENTED_EDGE('',*,*,#2928,.T.);
#2930=ORIENTED_EDGE('',*,*,#2890,.F.);
#2932=ORIENTED_EDGE('',*,*,#2931,.F.);
#2933=EDGE_LOOP('',(#2927,#2929,#2930,#2932));
#2934=FACE_OUTER_BOUND('',#2933,.F.);
#2936=CARTESIAN_POINT('',(0.E0,0.E0,-1.86E1));
#2937=DIRECTION('',(0.E0,0.E0,-1.E0));
#2938=DIRECTION('',(-1.E0,0.E0,0.E0));
#2939=AXIS2_PLACEMENT_3D('',#2936,#2937,#2938);
#2940=CYLINDRICAL_SURFACE('',#2939,7.E0);
#2942=ORIENTED_EDGE('',*,*,#2941,.T.);
#2944=ORIENTED_EDGE('',*,*,#2943,.F.);
#2945=ORIENTED_EDGE('',*,*,#2926,.F.);
#2947=ORIENTED_EDGE('',*,*,#2946,.T.);
#2948=EDGE_LOOP('',(#2942,#2944,#2945,#2947));
#2949=FACE_OUTER_BOUND('',#2948,.F.);
#2951=FILL_AREA_STYLE_COLOUR('',#69);
#2952=FILL_AREA_STYLE('',(#2951));
#2953=SURFACE_STYLE_FILL_AREA(#2952);
#2954=SURFACE_SIDE_STYLE('',(#2953));
#2955=SURFACE_STYLE_USAGE(.POSITIVE.,#2954);
#2956=FILL_AREA_STYLE_COLOUR('',#67);
#2957=FILL_AREA_STYLE('',(#2956));
#2958=SURFACE_STYLE_FILL_AREA(#2957);
#2959=SURFACE_SIDE_STYLE('',(#2958));
#2960=SURFACE_STYLE_USAGE(.NEGATIVE.,#2959);
#2961=PRESENTATION_STYLE_ASSIGNMENT((#2955,#2960));
#2962=OVER_RIDING_STYLED_ITEM('',(#2961),#2950,#71);
#2963=CARTESIAN_POINT('',(0.E0,0.E0,-2.6E1));
#2964=DIRECTION('',(0.E0,0.E0,-1.E0));
#2965=DIRECTION('',(-9.999615282560E-1,-8.771659360395E-3,0.E0));
#2966=AXIS2_PLACEMENT_3D('',#2963,#2964,#2965);
#2967=TOROIDAL_SURFACE('',#2966,6.5E0,5.E-1);
#2969=ORIENTED_EDGE('',*,*,#2968,.T.);
#2971=ORIENTED_EDGE('',*,*,#2970,.T.);
#2972=ORIENTED_EDGE('',*,*,#2941,.F.);
#2974=ORIENTED_EDGE('',*,*,#2973,.F.);
#2975=EDGE_LOOP('',(#2969,#2971,#2972,#2974));
#2976=FACE_OUTER_BOUND('',#2975,.F.);
#2978=FILL_AREA_STYLE_COLOUR('',#69);
#2979=FILL_AREA_STYLE('',(#2978));
#2980=SURFACE_STYLE_FILL_AREA(#2979);
#2981=SURFACE_SIDE_STYLE('',(#2980));
#2982=SURFACE_STYLE_USAGE(.POSITIVE.,#2981);
#2983=FILL_AREA_STYLE_COLOUR('',#67);
#2984=FILL_AREA_STYLE('',(#2983));
#2985=SURFACE_STYLE_FILL_AREA(#2984);
#2986=SURFACE_SIDE_STYLE('',(#2985));
#2987=SURFACE_STYLE_USAGE(.NEGATIVE.,#2986);
#2988=PRESENTATION_STYLE_ASSIGNMENT((#2982,#2987));
#2989=OVER_RIDING_STYLED_ITEM('',(#2988),#2977,#71);
#2990=CARTESIAN_POINT('',(0.E0,0.E0,-2.65E1));
#2991=DIRECTION('',(0.E0,0.E0,-1.E0));
#2992=DIRECTION('',(-1.E0,0.E0,0.E0));
#2993=AXIS2_PLACEMENT_3D('',#2990,#2991,#2992);
#2994=PLANE('',#2993);
#2996=ORIENTED_EDGE('',*,*,#2995,.F.);
#2997=ORIENTED_EDGE('',*,*,#2968,.F.);
#2998=EDGE_LOOP('',(#2996,#2997));
#2999=FACE_OUTER_BOUND('',#2998,.F.);
#3001=ORIENTED_EDGE('',*,*,#3000,.T.);
#3003=ORIENTED_EDGE('',*,*,#3002,.T.);
#3005=ORIENTED_EDGE('',*,*,#3004,.T.);
#3007=ORIENTED_EDGE('',*,*,#3006,.T.);
#3008=EDGE_LOOP('',(#3001,#3003,#3005,#3007));
#3009=FACE_BOUND('',#3008,.F.);
#3011=ORIENTED_EDGE('',*,*,#3010,.T.);
#3013=ORIENTED_EDGE('',*,*,#3012,.T.);
#3015=ORIENTED_EDGE('',*,*,#3014,.T.);
#3017=ORIENTED_EDGE('',*,*,#3016,.T.);
#3018=EDGE_LOOP('',(#3011,#3013,#3015,#3017));
#3019=FACE_BOUND('',#3018,.F.);
#3021=ORIENTED_EDGE('',*,*,#3020,.T.);
#3023=ORIENTED_EDGE('',*,*,#3022,.T.);
#3025=ORIENTED_EDGE('',*,*,#3024,.T.);
#3027=ORIENTED_EDGE('',*,*,#3026,.T.);
#3028=EDGE_LOOP('',(#3021,#3023,#3025,#3027));
#3029=FACE_BOUND('',#3028,.F.);
#3031=ORIENTED_EDGE('',*,*,#3030,.T.);
#3033=ORIENTED_EDGE('',*,*,#3032,.T.);
#3035=ORIENTED_EDGE('',*,*,#3034,.T.);
#3037=ORIENTED_EDGE('',*,*,#3036,.T.);
#3038=EDGE_LOOP('',(#3031,#3033,#3035,#3037));
#3039=FACE_BOUND('',#3038,.F.);
#3041=FILL_AREA_STYLE_COLOUR('',#69);
#3042=FILL_AREA_STYLE('',(#3041));
#3043=SURFACE_STYLE_FILL_AREA(#3042);
#3044=SURFACE_SIDE_STYLE('',(#3043));
#3045=SURFACE_STYLE_USAGE(.POSITIVE.,#3044);
#3046=FILL_AREA_STYLE_COLOUR('',#67);
#3047=FILL_AREA_STYLE('',(#3046));
#3048=SURFACE_STYLE_FILL_AREA(#3047);
#3049=SURFACE_SIDE_STYLE('',(#3048));
#3050=SURFACE_STYLE_USAGE(.NEGATIVE.,#3049);
#3051=PRESENTATION_STYLE_ASSIGNMENT((#3045,#3050));
#3052=OVER_RIDING_STYLED_ITEM('',(#3051),#3040,#71);
#3053=CARTESIAN_POINT('',(0.E0,0.E0,-2.6E1));
#3054=DIRECTION('',(0.E0,0.E0,-1.E0));
#3055=DIRECTION('',(9.999615282560E-1,8.771659360395E-3,0.E0));
#3056=AXIS2_PLACEMENT_3D('',#3053,#3054,#3055);
#3057=TOROIDAL_SURFACE('',#3056,6.5E0,5.E-1);
#3058=ORIENTED_EDGE('',*,*,#2995,.T.);
#3059=ORIENTED_EDGE('',*,*,#2973,.T.);
#3061=ORIENTED_EDGE('',*,*,#3060,.F.);
#3062=ORIENTED_EDGE('',*,*,#2970,.F.);
#3063=EDGE_LOOP('',(#3058,#3059,#3061,#3062));
#3064=FACE_OUTER_BOUND('',#3063,.F.);
#3066=FILL_AREA_STYLE_COLOUR('',#69);
#3067=FILL_AREA_STYLE('',(#3066));
#3068=SURFACE_STYLE_FILL_AREA(#3067);
#3069=SURFACE_SIDE_STYLE('',(#3068));
#3070=SURFACE_STYLE_USAGE(.POSITIVE.,#3069);
#3071=FILL_AREA_STYLE_COLOUR('',#67);
#3072=FILL_AREA_STYLE('',(#3071));
#3073=SURFACE_STYLE_FILL_AREA(#3072);
#3074=SURFACE_SIDE_STYLE('',(#3073));
#3075=SURFACE_STYLE_USAGE(.NEGATIVE.,#3074);
#3076=PRESENTATION_STYLE_ASSIGNMENT((#3070,#3075));
#3077=OVER_RIDING_STYLED_ITEM('',(#3076),#3065,#71);
#3078=CARTESIAN_POINT('',(0.E0,0.E0,-1.86E1));
#3079=DIRECTION('',(0.E0,0.E0,-1.E0));
#3080=DIRECTION('',(-1.E0,0.E0,0.E0));
#3081=AXIS2_PLACEMENT_3D('',#3078,#3079,#3080);
#3082=CYLINDRICAL_SURFACE('',#3081,7.E0);
#3083=ORIENTED_EDGE('',*,*,#3060,.T.);
#3084=ORIENTED_EDGE('',*,*,#2946,.F.);
#3086=ORIENTED_EDGE('',*,*,#3085,.F.);
#3087=ORIENTED_EDGE('',*,*,#2943,.T.);
#3088=EDGE_LOOP('',(#3083,#3084,#3086,#3087));
#3089=FACE_OUTER_BOUND('',#3088,.F.);
#3091=FILL_AREA_STYLE_COLOUR('',#69);
#3092=FILL_AREA_STYLE('',(#3091));
#3093=SURFACE_STYLE_FILL_AREA(#3092);
#3094=SURFACE_SIDE_STYLE('',(#3093));
#3095=SURFACE_STYLE_USAGE(.POSITIVE.,#3094);
#3096=FILL_AREA_STYLE_COLOUR('',#67);
#3097=FILL_AREA_STYLE('',(#3096));
#3098=SURFACE_STYLE_FILL_AREA(#3097);
#3099=SURFACE_SIDE_STYLE('',(#3098));
#3100=SURFACE_STYLE_USAGE(.NEGATIVE.,#3099);
#3101=PRESENTATION_STYLE_ASSIGNMENT((#3095,#3100));
#3102=OVER_RIDING_STYLED_ITEM('',(#3101),#3090,#71);
#3103=CARTESIAN_POINT('',(0.E0,1.285879139105E-14,-1.770000000012E1));
#3104=DIRECTION('',(0.E0,0.E0,1.E0));
#3105=DIRECTION('',(0.E0,-1.E0,0.E0));
#3106=AXIS2_PLACEMENT_3D('',#3103,#3104,#3105);
#3107=CONICAL_SURFACE('',#3106,7.249999999967E0,1.552411099675E1);
#3108=ORIENTED_EDGE('',*,*,#3085,.T.);
#3109=ORIENTED_EDGE('',*,*,#2931,.T.);
#3110=ORIENTED_EDGE('',*,*,#2875,.F.);
#3111=ORIENTED_EDGE('',*,*,#2928,.F.);
#3112=EDGE_LOOP('',(#3108,#3109,#3110,#3111));
#3113=FACE_OUTER_BOUND('',#3112,.F.);
#3115=CARTESIAN_POINT('',(2.4E0,5.75E0,-2.65E1));
#3116=DIRECTION('',(1.E0,0.E0,0.E0));
#3117=DIRECTION('',(0.E0,-1.E0,0.E0));
#3118=AXIS2_PLACEMENT_3D('',#3115,#3116,#3117);
#3119=PLANE('',#3118);
#3121=ORIENTED_EDGE('',*,*,#3120,.F.);
#3123=ORIENTED_EDGE('',*,*,#3122,.F.);
#3124=ORIENTED_EDGE('',*,*,#3000,.F.);
#3126=ORIENTED_EDGE('',*,*,#3125,.T.);
#3127=EDGE_LOOP('',(#3121,#3123,#3124,#3126));
#3128=FACE_OUTER_BOUND('',#3127,.F.);
#3130=FILL_AREA_STYLE_COLOUR('',#70);
#3131=FILL_AREA_STYLE('',(#3130));
#3132=SURFACE_STYLE_FILL_AREA(#3131);
#3133=SURFACE_SIDE_STYLE('',(#3132));
#3134=SURFACE_STYLE_USAGE(.POSITIVE.,#3133);
#3135=FILL_AREA_STYLE_COLOUR('',#67);
#3136=FILL_AREA_STYLE('',(#3135));
#3137=SURFACE_STYLE_FILL_AREA(#3136);
#3138=SURFACE_SIDE_STYLE('',(#3137));
#3139=SURFACE_STYLE_USAGE(.NEGATIVE.,#3138);
#3140=PRESENTATION_STYLE_ASSIGNMENT((#3134,#3139));
#3141=OVER_RIDING_STYLED_ITEM('',(#3140),#3129,#71);
#3142=CARTESIAN_POINT('',(1.9E0,-3.210408E1,-3.218196601125E1));
#3143=DIRECTION('',(0.E0,1.E0,0.E0));
#3144=DIRECTION('',(1.E0,0.E0,0.E0));
#3145=AXIS2_PLACEMENT_3D('',#3142,#3143,#3144);
#3146=CYLINDRICAL_SURFACE('',#3145,5.E-1);
#3148=ORIENTED_EDGE('',*,*,#3147,.T.);
#3150=ORIENTED_EDGE('',*,*,#3149,.F.);
#3152=ORIENTED_EDGE('',*,*,#3151,.T.);
#3153=ORIENTED_EDGE('',*,*,#3120,.T.);
#3154=EDGE_LOOP('',(#3148,#3150,#3152,#3153));
#3155=FACE_OUTER_BOUND('',#3154,.F.);
#3157=FILL_AREA_STYLE_COLOUR('',#70);
#3158=FILL_AREA_STYLE('',(#3157));
#3159=SURFACE_STYLE_FILL_AREA(#3158);
#3160=SURFACE_SIDE_STYLE('',(#3159));
#3161=SURFACE_STYLE_USAGE(.POSITIVE.,#3160);
#3162=FILL_AREA_STYLE_COLOUR('',#67);
#3163=FILL_AREA_STYLE('',(#3162));
#3164=SURFACE_STYLE_FILL_AREA(#3163);
#3165=SURFACE_SIDE_STYLE('',(#3164));
#3166=SURFACE_STYLE_USAGE(.NEGATIVE.,#3165);
#3167=PRESENTATION_STYLE_ASSIGNMENT((#3161,#3166));
#3168=OVER_RIDING_STYLED_ITEM('',(#3167),#3156,#71);
#3169=CARTESIAN_POINT('',(-2.4E0,5.75E0,-2.65E1));
#3170=DIRECTION('',(0.E0,1.E0,0.E0));
#3171=DIRECTION('',(1.E0,0.E0,0.E0));
#3172=AXIS2_PLACEMENT_3D('',#3169,#3170,#3171);
#3173=PLANE('',#3172);
#3175=ORIENTED_EDGE('',*,*,#3174,.F.);
#3177=ORIENTED_EDGE('',*,*,#3176,.F.);
#3179=ORIENTED_EDGE('',*,*,#3178,.F.);
#3181=ORIENTED_EDGE('',*,*,#3180,.T.);
#3183=ORIENTED_EDGE('',*,*,#3182,.F.);
#3185=ORIENTED_EDGE('',*,*,#3184,.F.);
#3186=ORIENTED_EDGE('',*,*,#3147,.F.);
#3187=ORIENTED_EDGE('',*,*,#3125,.F.);
#3188=ORIENTED_EDGE('',*,*,#3006,.F.);
#3190=ORIENTED_EDGE('',*,*,#3189,.T.);
#3191=EDGE_LOOP('',(#3175,#3177,#3179,#3181,#3183,#3185,#3186,#3187,#3188,
#3190));
#3192=FACE_OUTER_BOUND('',#3191,.F.);
#3194=ORIENTED_EDGE('',*,*,#3193,.T.);
#3196=ORIENTED_EDGE('',*,*,#3195,.F.);
#3198=ORIENTED_EDGE('',*,*,#3197,.T.);
#3200=ORIENTED_EDGE('',*,*,#3199,.F.);
#3201=EDGE_LOOP('',(#3194,#3196,#3198,#3200));
#3202=FACE_BOUND('',#3201,.F.);
#3204=FILL_AREA_STYLE_COLOUR('',#70);
#3205=FILL_AREA_STYLE('',(#3204));
#3206=SURFACE_STYLE_FILL_AREA(#3205);
#3207=SURFACE_SIDE_STYLE('',(#3206));
#3208=SURFACE_STYLE_USAGE(.POSITIVE.,#3207);
#3209=FILL_AREA_STYLE_COLOUR('',#67);
#3210=FILL_AREA_STYLE('',(#3209));
#3211=SURFACE_STYLE_FILL_AREA(#3210);
#3212=SURFACE_SIDE_STYLE('',(#3211));
#3213=SURFACE_STYLE_USAGE(.NEGATIVE.,#3212);
#3214=PRESENTATION_STYLE_ASSIGNMENT((#3208,#3213));
#3215=OVER_RIDING_STYLED_ITEM('',(#3214),#3203,#71);
#3216=CARTESIAN_POINT('',(-1.9E0,3.210408E1,-3.218196601125E1));
#3217=DIRECTION('',(0.E0,-1.E0,0.E0));
#3218=DIRECTION('',(-1.E0,0.E0,0.E0));
#3219=AXIS2_PLACEMENT_3D('',#3216,#3217,#3218);
#3220=CYLINDRICAL_SURFACE('',#3219,5.E-1);
#3222=ORIENTED_EDGE('',*,*,#3221,.T.);
#3224=ORIENTED_EDGE('',*,*,#3223,.F.);
#3225=ORIENTED_EDGE('',*,*,#3174,.T.);
#3227=ORIENTED_EDGE('',*,*,#3226,.T.);
#3228=EDGE_LOOP('',(#3222,#3224,#3225,#3227));
#3229=FACE_OUTER_BOUND('',#3228,.F.);
#3231=CARTESIAN_POINT('',(2.4E0,5.25E0,-2.65E1));
#3232=DIRECTION('',(0.E0,-1.E0,0.E0));
#3233=DIRECTION('',(-1.E0,0.E0,0.E0));
#3234=AXIS2_PLACEMENT_3D('',#3231,#3232,#3233);
#3235=PLANE('',#3234);
#3236=ORIENTED_EDGE('',*,*,#3221,.F.);
#3238=ORIENTED_EDGE('',*,*,#3237,.F.);
#3239=ORIENTED_EDGE('',*,*,#3002,.F.);
#3240=ORIENTED_EDGE('',*,*,#3122,.T.);
#3241=ORIENTED_EDGE('',*,*,#3151,.F.);
#3243=ORIENTED_EDGE('',*,*,#3242,.F.);
#3245=ORIENTED_EDGE('',*,*,#3244,.F.);
#3247=ORIENTED_EDGE('',*,*,#3246,.T.);
#3249=ORIENTED_EDGE('',*,*,#3248,.F.);
#3251=ORIENTED_EDGE('',*,*,#3250,.F.);
#3252=EDGE_LOOP('',(#3236,#3238,#3239,#3240,#3241,#3243,#3245,#3247,#3249,
#3251));
#3253=FACE_OUTER_BOUND('',#3252,.F.);
#3255=ORIENTED_EDGE('',*,*,#3254,.T.);
#3257=ORIENTED_EDGE('',*,*,#3256,.T.);
#3259=ORIENTED_EDGE('',*,*,#3258,.T.);
#3261=ORIENTED_EDGE('',*,*,#3260,.T.);
#3262=EDGE_LOOP('',(#3255,#3257,#3259,#3261));
#3263=FACE_BOUND('',#3262,.F.);
#3265=FILL_AREA_STYLE_COLOUR('',#70);
#3266=FILL_AREA_STYLE('',(#3265));
#3267=SURFACE_STYLE_FILL_AREA(#3266);
#3268=SURFACE_SIDE_STYLE('',(#3267));
#3269=SURFACE_STYLE_USAGE(.POSITIVE.,#3268);
#3270=FILL_AREA_STYLE_COLOUR('',#67);
#3271=FILL_AREA_STYLE('',(#3270));
#3272=SURFACE_STYLE_FILL_AREA(#3271);
#3273=SURFACE_SIDE_STYLE('',(#3272));
#3274=SURFACE_STYLE_USAGE(.NEGATIVE.,#3273);
#3275=PRESENTATION_STYLE_ASSIGNMENT((#3269,#3274));
#3276=OVER_RIDING_STYLED_ITEM('',(#3275),#3264,#71);
#3277=CARTESIAN_POINT('',(-2.4E0,5.25E0,-2.65E1));
#3278=DIRECTION('',(-1.E0,0.E0,0.E0));
#3279=DIRECTION('',(0.E0,1.E0,0.E0));
#3280=AXIS2_PLACEMENT_3D('',#3277,#3278,#3279);
#3281=PLANE('',#3280);
#3282=ORIENTED_EDGE('',*,*,#3226,.F.);
#3283=ORIENTED_EDGE('',*,*,#3189,.F.);
#3284=ORIENTED_EDGE('',*,*,#3004,.F.);
#3285=ORIENTED_EDGE('',*,*,#3237,.T.);
#3286=EDGE_LOOP('',(#3282,#3283,#3284,#3285));
#3287=FACE_OUTER_BOUND('',#3286,.F.);
#3289=FILL_AREA_STYLE_COLOUR('',#70);
#3290=FILL_AREA_STYLE('',(#3289));
#3291=SURFACE_STYLE_FILL_AREA(#3290);
#3292=SURFACE_SIDE_STYLE('',(#3291));
#3293=SURFACE_STYLE_USAGE(.POSITIVE.,#3292);
#3294=FILL_AREA_STYLE_COLOUR('',#67);
#3295=FILL_AREA_STYLE('',(#3294));
#3296=SURFACE_STYLE_FILL_AREA(#3295);
#3297=SURFACE_SIDE_STYLE('',(#3296));
#3298=SURFACE_STYLE_USAGE(.NEGATIVE.,#3297);
#3299=PRESENTATION_STYLE_ASSIGNMENT((#3293,#3298));
#3300=OVER_RIDING_STYLED_ITEM('',(#3299),#3288,#71);
#3301=CARTESIAN_POINT('',(2.15E0,5.5E0,-3.28E1));
#3302=DIRECTION('',(8.944271909999E-1,0.E0,-4.472135955E-1));
#3303=DIRECTION('',(4.472135955E-1,0.E0,8.944271909999E-1));
#3304=AXIS2_PLACEMENT_3D('',#3301,#3302,#3303);
#3305=PLANE('',#3304);
#3306=ORIENTED_EDGE('',*,*,#3149,.T.);
#3307=ORIENTED_EDGE('',*,*,#3184,.T.);
#3309=ORIENTED_EDGE('',*,*,#3308,.T.);
#3310=ORIENTED_EDGE('',*,*,#3242,.T.);
#3311=EDGE_LOOP('',(#3306,#3307,#3309,#3310));
#3312=FACE_OUTER_BOUND('',#3311,.F.);
#3314=FILL_AREA_STYLE_COLOUR('',#70);
#3315=FILL_AREA_STYLE('',(#3314));
#3316=SURFACE_STYLE_FILL_AREA(#3315);
#3317=SURFACE_SIDE_STYLE('',(#3316));
#3318=SURFACE_STYLE_USAGE(.POSITIVE.,#3317);
#3319=FILL_AREA_STYLE_COLOUR('',#67);
#3320=FILL_AREA_STYLE('',(#3319));
#3321=SURFACE_STYLE_FILL_AREA(#3320);
#3322=SURFACE_SIDE_STYLE('',(#3321));
#3323=SURFACE_STYLE_USAGE(.NEGATIVE.,#3322);
#3324=PRESENTATION_STYLE_ASSIGNMENT((#3318,#3323));
#3325=OVER_RIDING_STYLED_ITEM('',(#3324),#3313,#71);
#3326=CARTESIAN_POINT('',(1.590983005625E0,3.210408E1,-3.28E1));
#3327=DIRECTION('',(0.E0,-1.E0,0.E0));
#3328=DIRECTION('',(0.E0,0.E0,-1.E0));
#3329=AXIS2_PLACEMENT_3D('',#3326,#3327,#3328);
#3330=CYLINDRICAL_SURFACE('',#3329,5.E-1);
#3331=ORIENTED_EDGE('',*,*,#3244,.T.);
#3332=ORIENTED_EDGE('',*,*,#3308,.F.);
#3333=ORIENTED_EDGE('',*,*,#3182,.T.);
#3335=ORIENTED_EDGE('',*,*,#3334,.T.);
#3336=EDGE_LOOP('',(#3331,#3332,#3333,#3335));
#3337=FACE_OUTER_BOUND('',#3336,.F.);
#3339=FILL_AREA_STYLE_COLOUR('',#70);
#3340=FILL_AREA_STYLE('',(#3339));
#3341=SURFACE_STYLE_FILL_AREA(#3340);
#3342=SURFACE_SIDE_STYLE('',(#3341));
#3343=SURFACE_STYLE_USAGE(.POSITIVE.,#3342);
#3344=FILL_AREA_STYLE_COLOUR('',#67);
#3345=FILL_AREA_STYLE('',(#3344));
#3346=SURFACE_STYLE_FILL_AREA(#3345);
#3347=SURFACE_SIDE_STYLE('',(#3346));
#3348=SURFACE_STYLE_USAGE(.NEGATIVE.,#3347);
#3349=PRESENTATION_STYLE_ASSIGNMENT((#3343,#3348));
#3350=OVER_RIDING_STYLED_ITEM('',(#3349),#3338,#71);
#3351=CARTESIAN_POINT('',(0.E0,0.E0,-3.33E1));
#3352=DIRECTION('',(0.E0,0.E0,-1.E0));
#3353=DIRECTION('',(-1.E0,0.E0,0.E0));
#3354=AXIS2_PLACEMENT_3D('',#3351,#3352,#3353);
#3355=PLANE('',#3354);
#3357=ORIENTED_EDGE('',*,*,#3356,.F.);
#3359=ORIENTED_EDGE('',*,*,#3358,.F.);
#3361=ORIENTED_EDGE('',*,*,#3360,.F.);
#3363=ORIENTED_EDGE('',*,*,#3362,.F.);
#3364=EDGE_LOOP('',(#3357,#3359,#3361,#3363));
#3365=FACE_OUTER_BOUND('',#3364,.F.);
#3367=FILL_AREA_STYLE_COLOUR('',#70);
#3368=FILL_AREA_STYLE('',(#3367));
#3369=SURFACE_STYLE_FILL_AREA(#3368);
#3370=SURFACE_SIDE_STYLE('',(#3369));
#3371=SURFACE_STYLE_USAGE(.POSITIVE.,#3370);
#3372=FILL_AREA_STYLE_COLOUR('',#67);
#3373=FILL_AREA_STYLE('',(#3372));
#3374=SURFACE_STYLE_FILL_AREA(#3373);
#3375=SURFACE_SIDE_STYLE('',(#3374));
#3376=SURFACE_STYLE_USAGE(.NEGATIVE.,#3375);
#3377=PRESENTATION_STYLE_ASSIGNMENT((#3371,#3376));
#3378=OVER_RIDING_STYLED_ITEM('',(#3377),#3366,#71);
#3379=CARTESIAN_POINT('',(0.E0,0.E0,-3.33E1));
#3380=DIRECTION('',(0.E0,0.E0,-1.E0));
#3381=DIRECTION('',(-1.E0,0.E0,0.E0));
#3382=AXIS2_PLACEMENT_3D('',#3379,#3380,#3381);
#3383=PLANE('',#3382);
#3385=ORIENTED_EDGE('',*,*,#3384,.F.);
#3387=ORIENTED_EDGE('',*,*,#3386,.F.);
#3389=ORIENTED_EDGE('',*,*,#3388,.F.);
#3391=ORIENTED_EDGE('',*,*,#3390,.F.);
#3392=EDGE_LOOP('',(#3385,#3387,#3389,#3391));
#3393=FACE_OUTER_BOUND('',#3392,.F.);
#3395=FILL_AREA_STYLE_COLOUR('',#70);
#3396=FILL_AREA_STYLE('',(#3395));
#3397=SURFACE_STYLE_FILL_AREA(#3396);
#3398=SURFACE_SIDE_STYLE('',(#3397));
#3399=SURFACE_STYLE_USAGE(.POSITIVE.,#3398);
#3400=FILL_AREA_STYLE_COLOUR('',#67);
#3401=FILL_AREA_STYLE('',(#3400));
#3402=SURFACE_STYLE_FILL_AREA(#3401);
#3403=SURFACE_SIDE_STYLE('',(#3402));
#3404=SURFACE_STYLE_USAGE(.NEGATIVE.,#3403);
#3405=PRESENTATION_STYLE_ASSIGNMENT((#3399,#3404));
#3406=OVER_RIDING_STYLED_ITEM('',(#3405),#3394,#71);
#3407=CARTESIAN_POINT('',(0.E0,0.E0,-3.33E1));
#3408=DIRECTION('',(0.E0,0.E0,-1.E0));
#3409=DIRECTION('',(-1.E0,0.E0,0.E0));
#3410=AXIS2_PLACEMENT_3D('',#3407,#3408,#3409);
#3411=PLANE('',#3410);
#3413=ORIENTED_EDGE('',*,*,#3412,.F.);
#3415=ORIENTED_EDGE('',*,*,#3414,.F.);
#3417=ORIENTED_EDGE('',*,*,#3416,.F.);
#3419=ORIENTED_EDGE('',*,*,#3418,.F.);
#3420=EDGE_LOOP('',(#3413,#3415,#3417,#3419));
#3421=FACE_OUTER_BOUND('',#3420,.F.);
#3423=FILL_AREA_STYLE_COLOUR('',#70);
#3424=FILL_AREA_STYLE('',(#3423));
#3425=SURFACE_STYLE_FILL_AREA(#3424);
#3426=SURFACE_SIDE_STYLE('',(#3425));
#3427=SURFACE_STYLE_USAGE(.POSITIVE.,#3426);
#3428=FILL_AREA_STYLE_COLOUR('',#67);
#3429=FILL_AREA_STYLE('',(#3428));
#3430=SURFACE_STYLE_FILL_AREA(#3429);
#3431=SURFACE_SIDE_STYLE('',(#3430));
#3432=SURFACE_STYLE_USAGE(.NEGATIVE.,#3431);
#3433=PRESENTATION_STYLE_ASSIGNMENT((#3427,#3432));
#3434=OVER_RIDING_STYLED_ITEM('',(#3433),#3422,#71);
#3435=CARTESIAN_POINT('',(0.E0,0.E0,-3.33E1));
#3436=DIRECTION('',(0.E0,0.E0,-1.E0));
#3437=DIRECTION('',(-1.E0,0.E0,0.E0));
#3438=AXIS2_PLACEMENT_3D('',#3435,#3436,#3437);
#3439=PLANE('',#3438);
#3440=ORIENTED_EDGE('',*,*,#3334,.F.);
#3441=ORIENTED_EDGE('',*,*,#3180,.F.);
#3443=ORIENTED_EDGE('',*,*,#3442,.F.);
#3444=ORIENTED_EDGE('',*,*,#3246,.F.);
#3445=EDGE_LOOP('',(#3440,#3441,#3443,#3444));
#3446=FACE_OUTER_BOUND('',#3445,.F.);
#3448=FILL_AREA_STYLE_COLOUR('',#70);
#3449=FILL_AREA_STYLE('',(#3448));
#3450=SURFACE_STYLE_FILL_AREA(#3449);
#3451=SURFACE_SIDE_STYLE('',(#3450));
#3452=SURFACE_STYLE_USAGE(.POSITIVE.,#3451);
#3453=FILL_AREA_STYLE_COLOUR('',#67);
#3454=FILL_AREA_STYLE('',(#3453));
#3455=SURFACE_STYLE_FILL_AREA(#3454);
#3456=SURFACE_SIDE_STYLE('',(#3455));
#3457=SURFACE_STYLE_USAGE(.NEGATIVE.,#3456);
#3458=PRESENTATION_STYLE_ASSIGNMENT((#3452,#3457));
#3459=OVER_RIDING_STYLED_ITEM('',(#3458),#3447,#71);
#3460=CARTESIAN_POINT('',(1.590983005625E0,3.210408E1,-3.28E1));
#3461=DIRECTION('',(0.E0,-1.E0,0.E0));
#3462=DIRECTION('',(0.E0,0.E0,-1.E0));
#3463=AXIS2_PLACEMENT_3D('',#3460,#3461,#3462);
#3464=CYLINDRICAL_SURFACE('',#3463,5.E-1);
#3466=ORIENTED_EDGE('',*,*,#3465,.T.);
#3468=ORIENTED_EDGE('',*,*,#3467,.F.);
#3470=ORIENTED_EDGE('',*,*,#3469,.T.);
#3471=ORIENTED_EDGE('',*,*,#3356,.T.);
#3472=EDGE_LOOP('',(#3466,#3468,#3470,#3471));
#3473=FACE_OUTER_BOUND('',#3472,.F.);
#3475=FILL_AREA_STYLE_COLOUR('',#70);
#3476=FILL_AREA_STYLE('',(#3475));
#3477=SURFACE_STYLE_FILL_AREA(#3476);
#3478=SURFACE_SIDE_STYLE('',(#3477));
#3479=SURFACE_STYLE_USAGE(.POSITIVE.,#3478);
#3480=FILL_AREA_STYLE_COLOUR('',#67);
#3481=FILL_AREA_STYLE('',(#3480));
#3482=SURFACE_STYLE_FILL_AREA(#3481);
#3483=SURFACE_SIDE_STYLE('',(#3482));
#3484=SURFACE_STYLE_USAGE(.NEGATIVE.,#3483);
#3485=PRESENTATION_STYLE_ASSIGNMENT((#3479,#3484));
#3486=OVER_RIDING_STYLED_ITEM('',(#3485),#3474,#71);
#3487=CARTESIAN_POINT('',(2.4E0,-5.75E0,-2.65E1));
#3488=DIRECTION('',(0.E0,-1.E0,0.E0));
#3489=DIRECTION('',(-1.E0,0.E0,0.E0));
#3490=AXIS2_PLACEMENT_3D('',#3487,#3488,#3489);
#3491=PLANE('',#3490);
#3493=ORIENTED_EDGE('',*,*,#3492,.F.);
#3495=ORIENTED_EDGE('',*,*,#3494,.F.);
#3496=ORIENTED_EDGE('',*,*,#3465,.F.);
#3497=ORIENTED_EDGE('',*,*,#3362,.T.);
#3499=ORIENTED_EDGE('',*,*,#3498,.F.);
#3501=ORIENTED_EDGE('',*,*,#3500,.F.);
#3503=ORIENTED_EDGE('',*,*,#3502,.F.);
#3505=ORIENTED_EDGE('',*,*,#3504,.F.);
#3506=ORIENTED_EDGE('',*,*,#3030,.F.);
#3508=ORIENTED_EDGE('',*,*,#3507,.T.);
#3509=EDGE_LOOP('',(#3493,#3495,#3496,#3497,#3499,#3501,#3503,#3505,#3506,
#3508));
#3510=FACE_OUTER_BOUND('',#3509,.F.);
#3512=ORIENTED_EDGE('',*,*,#3511,.T.);
#3514=ORIENTED_EDGE('',*,*,#3513,.T.);
#3516=ORIENTED_EDGE('',*,*,#3515,.T.);
#3518=ORIENTED_EDGE('',*,*,#3517,.T.);
#3519=EDGE_LOOP('',(#3512,#3514,#3516,#3518));
#3520=FACE_BOUND('',#3519,.F.);
#3522=FILL_AREA_STYLE_COLOUR('',#70);
#3523=FILL_AREA_STYLE('',(#3522));
#3524=SURFACE_STYLE_FILL_AREA(#3523);
#3525=SURFACE_SIDE_STYLE('',(#3524));
#3526=SURFACE_STYLE_USAGE(.POSITIVE.,#3525);
#3527=FILL_AREA_STYLE_COLOUR('',#67);
#3528=FILL_AREA_STYLE('',(#3527));
#3529=SURFACE_STYLE_FILL_AREA(#3528);
#3530=SURFACE_SIDE_STYLE('',(#3529));
#3531=SURFACE_STYLE_USAGE(.NEGATIVE.,#3530);
#3532=PRESENTATION_STYLE_ASSIGNMENT((#3526,#3531));
#3533=OVER_RIDING_STYLED_ITEM('',(#3532),#3521,#71);
#3534=CARTESIAN_POINT('',(1.9E0,-3.210408E1,-3.218196601125E1));
#3535=DIRECTION('',(0.E0,1.E0,0.E0));
#3536=DIRECTION('',(1.E0,0.E0,0.E0));
#3537=AXIS2_PLACEMENT_3D('',#3534,#3535,#3536);
#3538=CYLINDRICAL_SURFACE('',#3537,5.E-1);
#3540=ORIENTED_EDGE('',*,*,#3539,.T.);
#3542=ORIENTED_EDGE('',*,*,#3541,.F.);
#3543=ORIENTED_EDGE('',*,*,#3492,.T.);
#3545=ORIENTED_EDGE('',*,*,#3544,.T.);
#3546=EDGE_LOOP('',(#3540,#3542,#3543,#3545));
#3547=FACE_OUTER_BOUND('',#3546,.F.);
#3549=FILL_AREA_STYLE_COLOUR('',#70);
#3550=FILL_AREA_STYLE('',(#3549));
#3551=SURFACE_STYLE_FILL_AREA(#3550);
#3552=SURFACE_SIDE_STYLE('',(#3551));
#3553=SURFACE_STYLE_USAGE(.POSITIVE.,#3552);
#3554=FILL_AREA_STYLE_COLOUR('',#67);
#3555=FILL_AREA_STYLE('',(#3554));
#3556=SURFACE_STYLE_FILL_AREA(#3555);
#3557=SURFACE_SIDE_STYLE('',(#3556));
#3558=SURFACE_STYLE_USAGE(.NEGATIVE.,#3557);
#3559=PRESENTATION_STYLE_ASSIGNMENT((#3553,#3558));
#3560=OVER_RIDING_STYLED_ITEM('',(#3559),#3548,#71);
#3561=CARTESIAN_POINT('',(-2.4E0,-5.25E0,-2.65E1));
#3562=DIRECTION('',(0.E0,1.E0,0.E0));
#3563=DIRECTION('',(1.E0,0.E0,0.E0));
#3564=AXIS2_PLACEMENT_3D('',#3561,#3562,#3563);
#3565=PLANE('',#3564);
#3566=ORIENTED_EDGE('',*,*,#3539,.F.);
#3568=ORIENTED_EDGE('',*,*,#3567,.F.);
#3569=ORIENTED_EDGE('',*,*,#3034,.F.);
#3571=ORIENTED_EDGE('',*,*,#3570,.T.);
#3573=ORIENTED_EDGE('',*,*,#3572,.F.);
#3575=ORIENTED_EDGE('',*,*,#3574,.F.);
#3577=ORIENTED_EDGE('',*,*,#3576,.F.);
#3578=ORIENTED_EDGE('',*,*,#3358,.T.);
#3579=ORIENTED_EDGE('',*,*,#3469,.F.);
#3581=ORIENTED_EDGE('',*,*,#3580,.F.);
#3582=EDGE_LOOP('',(#3566,#3568,#3569,#3571,#3573,#3575,#3577,#3578,#3579,
#3581));
#3583=FACE_OUTER_BOUND('',#3582,.F.);
#3585=ORIENTED_EDGE('',*,*,#3584,.T.);
#3587=ORIENTED_EDGE('',*,*,#3586,.F.);
#3589=ORIENTED_EDGE('',*,*,#3588,.T.);
#3591=ORIENTED_EDGE('',*,*,#3590,.F.);
#3592=EDGE_LOOP('',(#3585,#3587,#3589,#3591));
#3593=FACE_BOUND('',#3592,.F.);
#3595=FILL_AREA_STYLE_COLOUR('',#70);
#3596=FILL_AREA_STYLE('',(#3595));
#3597=SURFACE_STYLE_FILL_AREA(#3596);
#3598=SURFACE_SIDE_STYLE('',(#3597));
#3599=SURFACE_STYLE_USAGE(.POSITIVE.,#3598);
#3600=FILL_AREA_STYLE_COLOUR('',#67);
#3601=FILL_AREA_STYLE('',(#3600));
#3602=SURFACE_STYLE_FILL_AREA(#3601);
#3603=SURFACE_SIDE_STYLE('',(#3602));
#3604=SURFACE_STYLE_USAGE(.NEGATIVE.,#3603);
#3605=PRESENTATION_STYLE_ASSIGNMENT((#3599,#3604));
#3606=OVER_RIDING_STYLED_ITEM('',(#3605),#3594,#71);
#3607=CARTESIAN_POINT('',(2.4E0,-5.25E0,-2.65E1));
#3608=DIRECTION('',(1.E0,0.E0,0.E0));
#3609=DIRECTION('',(0.E0,-1.E0,0.E0));
#3610=AXIS2_PLACEMENT_3D('',#3607,#3608,#3609);
#3611=PLANE('',#3610);
#3612=ORIENTED_EDGE('',*,*,#3544,.F.);
#3613=ORIENTED_EDGE('',*,*,#3507,.F.);
#3614=ORIENTED_EDGE('',*,*,#3036,.F.);
#3615=ORIENTED_EDGE('',*,*,#3567,.T.);
#3616=EDGE_LOOP('',(#3612,#3613,#3614,#3615));
#3617=FACE_OUTER_BOUND('',#3616,.F.);
#3619=FILL_AREA_STYLE_COLOUR('',#70);
#3620=FILL_AREA_STYLE('',(#3619));
#3621=SURFACE_STYLE_FILL_AREA(#3620);
#3622=SURFACE_SIDE_STYLE('',(#3621));
#3623=SURFACE_STYLE_USAGE(.POSITIVE.,#3622);
#3624=FILL_AREA_STYLE_COLOUR('',#67);
#3625=FILL_AREA_STYLE('',(#3624));
#3626=SURFACE_STYLE_FILL_AREA(#3625);
#3627=SURFACE_SIDE_STYLE('',(#3626));
#3628=SURFACE_STYLE_USAGE(.NEGATIVE.,#3627);
#3629=PRESENTATION_STYLE_ASSIGNMENT((#3623,#3628));
#3630=OVER_RIDING_STYLED_ITEM('',(#3629),#3618,#71);
#3631=CARTESIAN_POINT('',(-2.4E0,-5.75E0,-2.65E1));
#3632=DIRECTION('',(-1.E0,0.E0,0.E0));
#3633=DIRECTION('',(0.E0,1.E0,0.E0));
#3634=AXIS2_PLACEMENT_3D('',#3631,#3632,#3633);
#3635=PLANE('',#3634);
#3637=ORIENTED_EDGE('',*,*,#3636,.F.);
#3638=ORIENTED_EDGE('',*,*,#3570,.F.);
#3639=ORIENTED_EDGE('',*,*,#3032,.F.);
#3640=ORIENTED_EDGE('',*,*,#3504,.T.);
#3641=EDGE_LOOP('',(#3637,#3638,#3639,#3640));
#3642=FACE_OUTER_BOUND('',#3641,.F.);
#3644=FILL_AREA_STYLE_COLOUR('',#70);
#3645=FILL_AREA_STYLE('',(#3644));
#3646=SURFACE_STYLE_FILL_AREA(#3645);
#3647=SURFACE_SIDE_STYLE('',(#3646));
#3648=SURFACE_STYLE_USAGE(.POSITIVE.,#3647);
#3649=FILL_AREA_STYLE_COLOUR('',#67);
#3650=FILL_AREA_STYLE('',(#3649));
#3651=SURFACE_STYLE_FILL_AREA(#3650);
#3652=SURFACE_SIDE_STYLE('',(#3651));
#3653=SURFACE_STYLE_USAGE(.NEGATIVE.,#3652);
#3654=PRESENTATION_STYLE_ASSIGNMENT((#3648,#3653));
#3655=OVER_RIDING_STYLED_ITEM('',(#3654),#3643,#71);
#3656=CARTESIAN_POINT('',(-1.9E0,3.210408E1,-3.218196601125E1));
#3657=DIRECTION('',(0.E0,-1.E0,0.E0));
#3658=DIRECTION('',(-1.E0,0.E0,0.E0));
#3659=AXIS2_PLACEMENT_3D('',#3656,#3657,#3658);
#3660=CYLINDRICAL_SURFACE('',#3659,5.E-1);
#3661=ORIENTED_EDGE('',*,*,#3502,.T.);
#3663=ORIENTED_EDGE('',*,*,#3662,.F.);
#3664=ORIENTED_EDGE('',*,*,#3572,.T.);
#3665=ORIENTED_EDGE('',*,*,#3636,.T.);
#3666=EDGE_LOOP('',(#3661,#3663,#3664,#3665));
#3667=FACE_OUTER_BOUND('',#3666,.F.);
#3669=FILL_AREA_STYLE_COLOUR('',#70);
#3670=FILL_AREA_STYLE('',(#3669));
#3671=SURFACE_STYLE_FILL_AREA(#3670);
#3672=SURFACE_SIDE_STYLE('',(#3671));
#3673=SURFACE_STYLE_USAGE(.POSITIVE.,#3672);
#3674=FILL_AREA_STYLE_COLOUR('',#67);
#3675=FILL_AREA_STYLE('',(#3674));
#3676=SURFACE_STYLE_FILL_AREA(#3675);
#3677=SURFACE_SIDE_STYLE('',(#3676));
#3678=SURFACE_STYLE_USAGE(.NEGATIVE.,#3677);
#3679=PRESENTATION_STYLE_ASSIGNMENT((#3673,#3678));
#3680=OVER_RIDING_STYLED_ITEM('',(#3679),#3668,#71);
#3681=CARTESIAN_POINT('',(-2.15E0,-5.5E0,-3.28E1));
#3682=DIRECTION('',(-8.944271909999E-1,0.E0,-4.472135955E-1));
#3683=DIRECTION('',(-4.472135955E-1,0.E0,8.944271909999E-1));
#3684=AXIS2_PLACEMENT_3D('',#3681,#3682,#3683);
#3685=PLANE('',#3684);
#3686=ORIENTED_EDGE('',*,*,#3662,.T.);
#3687=ORIENTED_EDGE('',*,*,#3500,.T.);
#3689=ORIENTED_EDGE('',*,*,#3688,.T.);
#3690=ORIENTED_EDGE('',*,*,#3574,.T.);
#3691=EDGE_LOOP('',(#3686,#3687,#3689,#3690));
#3692=FACE_OUTER_BOUND('',#3691,.F.);
#3694=FILL_AREA_STYLE_COLOUR('',#70);
#3695=FILL_AREA_STYLE('',(#3694));
#3696=SURFACE_STYLE_FILL_AREA(#3695);
#3697=SURFACE_SIDE_STYLE('',(#3696));
#3698=SURFACE_STYLE_USAGE(.POSITIVE.,#3697);
#3699=FILL_AREA_STYLE_COLOUR('',#67);
#3700=FILL_AREA_STYLE('',(#3699));
#3701=SURFACE_STYLE_FILL_AREA(#3700);
#3702=SURFACE_SIDE_STYLE('',(#3701));
#3703=SURFACE_STYLE_USAGE(.NEGATIVE.,#3702);
#3704=PRESENTATION_STYLE_ASSIGNMENT((#3698,#3703));
#3705=OVER_RIDING_STYLED_ITEM('',(#3704),#3693,#71);
#3706=CARTESIAN_POINT('',(-1.590983005625E0,-3.210408E1,-3.28E1));
#3707=DIRECTION('',(0.E0,1.E0,0.E0));
#3708=DIRECTION('',(0.E0,0.E0,-1.E0));
#3709=AXIS2_PLACEMENT_3D('',#3706,#3707,#3708);
#3710=CYLINDRICAL_SURFACE('',#3709,5.E-1);
#3711=ORIENTED_EDGE('',*,*,#3576,.T.);
#3712=ORIENTED_EDGE('',*,*,#3688,.F.);
#3713=ORIENTED_EDGE('',*,*,#3498,.T.);
#3714=ORIENTED_EDGE('',*,*,#3360,.T.);
#3715=EDGE_LOOP('',(#3711,#3712,#3713,#3714));
#3716=FACE_OUTER_BOUND('',#3715,.F.);
#3718=FILL_AREA_STYLE_COLOUR('',#70);
#3719=FILL_AREA_STYLE('',(#3718));
#3720=SURFACE_STYLE_FILL_AREA(#3719);
#3721=SURFACE_SIDE_STYLE('',(#3720));
#3722=SURFACE_STYLE_USAGE(.POSITIVE.,#3721);
#3723=FILL_AREA_STYLE_COLOUR('',#67);
#3724=FILL_AREA_STYLE('',(#3723));
#3725=SURFACE_STYLE_FILL_AREA(#3724);
#3726=SURFACE_SIDE_STYLE('',(#3725));
#3727=SURFACE_STYLE_USAGE(.NEGATIVE.,#3726);
#3728=PRESENTATION_STYLE_ASSIGNMENT((#3722,#3727));
#3729=OVER_RIDING_STYLED_ITEM('',(#3728),#3717,#71);
#3730=CARTESIAN_POINT('',(2.15E0,-5.5E0,-3.28E1));
#3731=DIRECTION('',(8.944271909999E-1,0.E0,-4.472135955E-1));
#3732=DIRECTION('',(4.472135955E-1,0.E0,8.944271909999E-1));
#3733=AXIS2_PLACEMENT_3D('',#3730,#3731,#3732);
#3734=PLANE('',#3733);
#3735=ORIENTED_EDGE('',*,*,#3541,.T.);
#3736=ORIENTED_EDGE('',*,*,#3580,.T.);
#3737=ORIENTED_EDGE('',*,*,#3467,.T.);
#3738=ORIENTED_EDGE('',*,*,#3494,.T.);
#3739=EDGE_LOOP('',(#3735,#3736,#3737,#3738));
#3740=FACE_OUTER_BOUND('',#3739,.F.);
#3742=FILL_AREA_STYLE_COLOUR('',#70);
#3743=FILL_AREA_STYLE('',(#3742));
#3744=SURFACE_STYLE_FILL_AREA(#3743);
#3745=SURFACE_SIDE_STYLE('',(#3744));
#3746=SURFACE_STYLE_USAGE(.POSITIVE.,#3745);
#3747=FILL_AREA_STYLE_COLOUR('',#67);
#3748=FILL_AREA_STYLE('',(#3747));
#3749=SURFACE_STYLE_FILL_AREA(#3748);
#3750=SURFACE_SIDE_STYLE('',(#3749));
#3751=SURFACE_STYLE_USAGE(.NEGATIVE.,#3750);
#3752=PRESENTATION_STYLE_ASSIGNMENT((#3746,#3751));
#3753=OVER_RIDING_STYLED_ITEM('',(#3752),#3741,#71);
#3754=CARTESIAN_POINT('',(0.E0,-3.210408E1,-3.12E1));
#3755=DIRECTION('',(0.E0,1.E0,0.E0));
#3756=DIRECTION('',(-1.E0,0.E0,0.E0));
#3757=AXIS2_PLACEMENT_3D('',#3754,#3755,#3756);
#3758=CYLINDRICAL_SURFACE('',#3757,4.E-1);
#3760=ORIENTED_EDGE('',*,*,#3759,.F.);
#3761=ORIENTED_EDGE('',*,*,#3513,.F.);
#3763=ORIENTED_EDGE('',*,*,#3762,.T.);
#3764=ORIENTED_EDGE('',*,*,#3584,.F.);
#3765=EDGE_LOOP('',(#3760,#3761,#3763,#3764));
#3766=FACE_OUTER_BOUND('',#3765,.F.);
#3768=FILL_AREA_STYLE_COLOUR('',#70);
#3769=FILL_AREA_STYLE('',(#3768));
#3770=SURFACE_STYLE_FILL_AREA(#3769);
#3771=SURFACE_SIDE_STYLE('',(#3770));
#3772=SURFACE_STYLE_USAGE(.POSITIVE.,#3771);
#3773=FILL_AREA_STYLE_COLOUR('',#67);
#3774=FILL_AREA_STYLE('',(#3773));
#3775=SURFACE_STYLE_FILL_AREA(#3774);
#3776=SURFACE_SIDE_STYLE('',(#3775));
#3777=SURFACE_STYLE_USAGE(.NEGATIVE.,#3776);
#3778=PRESENTATION_STYLE_ASSIGNMENT((#3772,#3777));
#3779=OVER_RIDING_STYLED_ITEM('',(#3778),#3767,#71);
#3780=CARTESIAN_POINT('',(-4.E-1,-5.75E0,-3.08E1));
#3781=DIRECTION('',(-1.E0,0.E0,0.E0));
#3782=DIRECTION('',(0.E0,0.E0,-1.E0));
#3783=AXIS2_PLACEMENT_3D('',#3780,#3781,#3782);
#3784=PLANE('',#3783);
#3785=ORIENTED_EDGE('',*,*,#3759,.T.);
#3786=ORIENTED_EDGE('',*,*,#3590,.T.);
#3788=ORIENTED_EDGE('',*,*,#3787,.F.);
#3789=ORIENTED_EDGE('',*,*,#3515,.F.);
#3790=EDGE_LOOP('',(#3785,#3786,#3788,#3789));
#3791=FACE_OUTER_BOUND('',#3790,.F.);
#3793=FILL_AREA_STYLE_COLOUR('',#70);
#3794=FILL_AREA_STYLE('',(#3793));
#3795=SURFACE_STYLE_FILL_AREA(#3794);
#3796=SURFACE_SIDE_STYLE('',(#3795));
#3797=SURFACE_STYLE_USAGE(.POSITIVE.,#3796);
#3798=FILL_AREA_STYLE_COLOUR('',#67);
#3799=FILL_AREA_STYLE('',(#3798));
#3800=SURFACE_STYLE_FILL_AREA(#3799);
#3801=SURFACE_SIDE_STYLE('',(#3800));
#3802=SURFACE_STYLE_USAGE(.NEGATIVE.,#3801);
#3803=PRESENTATION_STYLE_ASSIGNMENT((#3797,#3802));
#3804=OVER_RIDING_STYLED_ITEM('',(#3803),#3792,#71);
#3805=CARTESIAN_POINT('',(-4.E-1,-5.75E0,-3.08E1));
#3806=DIRECTION('',(-1.E0,0.E0,0.E0));
#3807=DIRECTION('',(0.E0,0.E0,-1.E0));
#3808=AXIS2_PLACEMENT_3D('',#3805,#3806,#3807);
#3809=PLANE('',#3808);
#3811=ORIENTED_EDGE('',*,*,#3810,.T.);
#3812=ORIENTED_EDGE('',*,*,#3199,.T.);
#3814=ORIENTED_EDGE('',*,*,#3813,.F.);
#3815=ORIENTED_EDGE('',*,*,#3258,.F.);
#3816=EDGE_LOOP('',(#3811,#3812,#3814,#3815));
#3817=FACE_OUTER_BOUND('',#3816,.F.);
#3819=FILL_AREA_STYLE_COLOUR('',#70);
#3820=FILL_AREA_STYLE('',(#3819));
#3821=SURFACE_STYLE_FILL_AREA(#3820);
#3822=SURFACE_SIDE_STYLE('',(#3821));
#3823=SURFACE_STYLE_USAGE(.POSITIVE.,#3822);
#3824=FILL_AREA_STYLE_COLOUR('',#67);
#3825=FILL_AREA_STYLE('',(#3824));
#3826=SURFACE_STYLE_FILL_AREA(#3825);
#3827=SURFACE_SIDE_STYLE('',(#3826));
#3828=SURFACE_STYLE_USAGE(.NEGATIVE.,#3827);
#3829=PRESENTATION_STYLE_ASSIGNMENT((#3823,#3828));
#3830=OVER_RIDING_STYLED_ITEM('',(#3829),#3818,#71);
#3831=CARTESIAN_POINT('',(0.E0,-3.210408E1,-3.19E1));
#3832=DIRECTION('',(0.E0,1.E0,0.E0));
#3833=DIRECTION('',(0.E0,0.E0,-1.E0));
#3834=AXIS2_PLACEMENT_3D('',#3831,#3832,#3833);
#3835=CYLINDRICAL_SURFACE('',#3834,4.E-1);
#3836=ORIENTED_EDGE('',*,*,#3787,.T.);
#3837=ORIENTED_EDGE('',*,*,#3588,.F.);
#3839=ORIENTED_EDGE('',*,*,#3838,.F.);
#3840=ORIENTED_EDGE('',*,*,#3517,.F.);
#3841=EDGE_LOOP('',(#3836,#3837,#3839,#3840));
#3842=FACE_OUTER_BOUND('',#3841,.F.);
#3844=FILL_AREA_STYLE_COLOUR('',#70);
#3845=FILL_AREA_STYLE('',(#3844));
#3846=SURFACE_STYLE_FILL_AREA(#3845);
#3847=SURFACE_SIDE_STYLE('',(#3846));
#3848=SURFACE_STYLE_USAGE(.POSITIVE.,#3847);
#3849=FILL_AREA_STYLE_COLOUR('',#67);
#3850=FILL_AREA_STYLE('',(#3849));
#3851=SURFACE_STYLE_FILL_AREA(#3850);
#3852=SURFACE_SIDE_STYLE('',(#3851));
#3853=SURFACE_STYLE_USAGE(.NEGATIVE.,#3852);
#3854=PRESENTATION_STYLE_ASSIGNMENT((#3848,#3853));
#3855=OVER_RIDING_STYLED_ITEM('',(#3854),#3843,#71);
#3856=CARTESIAN_POINT('',(4.E-1,-5.75E0,-3.23E1));
#3857=DIRECTION('',(1.E0,0.E0,0.E0));
#3858=DIRECTION('',(0.E0,0.E0,1.E0));
#3859=AXIS2_PLACEMENT_3D('',#3856,#3857,#3858);
#3860=PLANE('',#3859);
#3861=ORIENTED_EDGE('',*,*,#3762,.F.);
#3862=ORIENTED_EDGE('',*,*,#3511,.F.);
#3863=ORIENTED_EDGE('',*,*,#3838,.T.);
#3864=ORIENTED_EDGE('',*,*,#3586,.T.);
#3865=EDGE_LOOP('',(#3861,#3862,#3863,#3864));
#3866=FACE_OUTER_BOUND('',#3865,.F.);
#3868=FILL_AREA_STYLE_COLOUR('',#70);
#3869=FILL_AREA_STYLE('',(#3868));
#3870=SURFACE_STYLE_FILL_AREA(#3869);
#3871=SURFACE_SIDE_STYLE('',(#3870));
#3872=SURFACE_STYLE_USAGE(.POSITIVE.,#3871);
#3873=FILL_AREA_STYLE_COLOUR('',#67);
#3874=FILL_AREA_STYLE('',(#3873));
#3875=SURFACE_STYLE_FILL_AREA(#3874);
#3876=SURFACE_SIDE_STYLE('',(#3875));
#3877=SURFACE_STYLE_USAGE(.NEGATIVE.,#3876);
#3878=PRESENTATION_STYLE_ASSIGNMENT((#3872,#3877));
#3879=OVER_RIDING_STYLED_ITEM('',(#3878),#3867,#71);
#3880=CARTESIAN_POINT('',(4.E-1,-5.75E0,-3.23E1));
#3881=DIRECTION('',(1.E0,0.E0,0.E0));
#3882=DIRECTION('',(0.E0,0.E0,1.E0));
#3883=AXIS2_PLACEMENT_3D('',#3880,#3881,#3882);
#3884=PLANE('',#3883);
#3886=ORIENTED_EDGE('',*,*,#3885,.F.);
#3887=ORIENTED_EDGE('',*,*,#3254,.F.);
#3889=ORIENTED_EDGE('',*,*,#3888,.T.);
#3890=ORIENTED_EDGE('',*,*,#3195,.T.);
#3891=EDGE_LOOP('',(#3886,#3887,#3889,#3890));
#3892=FACE_OUTER_BOUND('',#3891,.F.);
#3894=FILL_AREA_STYLE_COLOUR('',#70);
#3895=FILL_AREA_STYLE('',(#3894));
#3896=SURFACE_STYLE_FILL_AREA(#3895);
#3897=SURFACE_SIDE_STYLE('',(#3896));
#3898=SURFACE_STYLE_USAGE(.POSITIVE.,#3897);
#3899=FILL_AREA_STYLE_COLOUR('',#67);
#3900=FILL_AREA_STYLE('',(#3899));
#3901=SURFACE_STYLE_FILL_AREA(#3900);
#3902=SURFACE_SIDE_STYLE('',(#3901));
#3903=SURFACE_STYLE_USAGE(.NEGATIVE.,#3902);
#3904=PRESENTATION_STYLE_ASSIGNMENT((#3898,#3903));
#3905=OVER_RIDING_STYLED_ITEM('',(#3904),#3893,#71);
#3906=CARTESIAN_POINT('',(0.E0,-3.210408E1,-3.12E1));
#3907=DIRECTION('',(0.E0,1.E0,0.E0));
#3908=DIRECTION('',(-1.E0,0.E0,0.E0));
#3909=AXIS2_PLACEMENT_3D('',#3906,#3907,#3908);
#3910=CYLINDRICAL_SURFACE('',#3909,4.E-1);
#3911=ORIENTED_EDGE('',*,*,#3810,.F.);
#3912=ORIENTED_EDGE('',*,*,#3256,.F.);
#3913=ORIENTED_EDGE('',*,*,#3885,.T.);
#3914=ORIENTED_EDGE('',*,*,#3193,.F.);
#3915=EDGE_LOOP('',(#3911,#3912,#3913,#3914));
#3916=FACE_OUTER_BOUND('',#3915,.F.);
#3918=FILL_AREA_STYLE_COLOUR('',#70);
#3919=FILL_AREA_STYLE('',(#3918));
#3920=SURFACE_STYLE_FILL_AREA(#3919);
#3921=SURFACE_SIDE_STYLE('',(#3920));
#3922=SURFACE_STYLE_USAGE(.POSITIVE.,#3921);
#3923=FILL_AREA_STYLE_COLOUR('',#67);
#3924=FILL_AREA_STYLE('',(#3923));
#3925=SURFACE_STYLE_FILL_AREA(#3924);
#3926=SURFACE_SIDE_STYLE('',(#3925));
#3927=SURFACE_STYLE_USAGE(.NEGATIVE.,#3926);
#3928=PRESENTATION_STYLE_ASSIGNMENT((#3922,#3927));
#3929=OVER_RIDING_STYLED_ITEM('',(#3928),#3917,#71);
#3930=CARTESIAN_POINT('',(0.E0,-3.210408E1,-3.19E1));
#3931=DIRECTION('',(0.E0,1.E0,0.E0));
#3932=DIRECTION('',(0.E0,0.E0,-1.E0));
#3933=AXIS2_PLACEMENT_3D('',#3930,#3931,#3932);
#3934=CYLINDRICAL_SURFACE('',#3933,4.E-1);
#3935=ORIENTED_EDGE('',*,*,#3813,.T.);
#3936=ORIENTED_EDGE('',*,*,#3197,.F.);
#3937=ORIENTED_EDGE('',*,*,#3888,.F.);
#3938=ORIENTED_EDGE('',*,*,#3260,.F.);
#3939=EDGE_LOOP('',(#3935,#3936,#3937,#3938));
#3940=FACE_OUTER_BOUND('',#3939,.F.);
#3942=FILL_AREA_STYLE_COLOUR('',#70);
#3943=FILL_AREA_STYLE('',(#3942));
#3944=SURFACE_STYLE_FILL_AREA(#3943);
#3945=SURFACE_SIDE_STYLE('',(#3944));
#3946=SURFACE_STYLE_USAGE(.POSITIVE.,#3945);
#3947=FILL_AREA_STYLE_COLOUR('',#67);
#3948=FILL_AREA_STYLE('',(#3947));
#3949=SURFACE_STYLE_FILL_AREA(#3948);
#3950=SURFACE_SIDE_STYLE('',(#3949));
#3951=SURFACE_STYLE_USAGE(.NEGATIVE.,#3950);
#3952=PRESENTATION_STYLE_ASSIGNMENT((#3946,#3951));
#3953=OVER_RIDING_STYLED_ITEM('',(#3952),#3941,#71);
#3954=CARTESIAN_POINT('',(3.210408E1,-5.909830056251E-1,-3.28E1));
#3955=DIRECTION('',(-1.E0,0.E0,0.E0));
#3956=DIRECTION('',(0.E0,0.E0,-1.E0));
#3957=AXIS2_PLACEMENT_3D('',#3954,#3955,#3956);
#3958=CYLINDRICAL_SURFACE('',#3957,5.E-1);
#3960=ORIENTED_EDGE('',*,*,#3959,.T.);
#3962=ORIENTED_EDGE('',*,*,#3961,.F.);
#3964=ORIENTED_EDGE('',*,*,#3963,.T.);
#3965=ORIENTED_EDGE('',*,*,#3384,.T.);
#3966=EDGE_LOOP('',(#3960,#3962,#3964,#3965));
#3967=FACE_OUTER_BOUND('',#3966,.F.);
#3969=FILL_AREA_STYLE_COLOUR('',#70);
#3970=FILL_AREA_STYLE('',(#3969));
#3971=SURFACE_STYLE_FILL_AREA(#3970);
#3972=SURFACE_SIDE_STYLE('',(#3971));
#3973=SURFACE_STYLE_USAGE(.POSITIVE.,#3972);
#3974=FILL_AREA_STYLE_COLOUR('',#67);
#3975=FILL_AREA_STYLE('',(#3974));
#3976=SURFACE_STYLE_FILL_AREA(#3975);
#3977=SURFACE_SIDE_STYLE('',(#3976));
#3978=SURFACE_STYLE_USAGE(.NEGATIVE.,#3977);
#3979=PRESENTATION_STYLE_ASSIGNMENT((#3973,#3978));
#3980=OVER_RIDING_STYLED_ITEM('',(#3979),#3968,#71);
#3981=CARTESIAN_POINT('',(-5.5E0,-1.4E0,-2.65E1));
#3982=DIRECTION('',(-1.E0,0.E0,0.E0));
#3983=DIRECTION('',(0.E0,1.E0,0.E0));
#3984=AXIS2_PLACEMENT_3D('',#3981,#3982,#3983);
#3985=PLANE('',#3984);
#3987=ORIENTED_EDGE('',*,*,#3986,.F.);
#3989=ORIENTED_EDGE('',*,*,#3988,.F.);
#3990=ORIENTED_EDGE('',*,*,#3014,.F.);
#3992=ORIENTED_EDGE('',*,*,#3991,.T.);
#3994=ORIENTED_EDGE('',*,*,#3993,.F.);
#3996=ORIENTED_EDGE('',*,*,#3995,.F.);
#3997=ORIENTED_EDGE('',*,*,#3959,.F.);
#3998=ORIENTED_EDGE('',*,*,#3390,.T.);
#4000=ORIENTED_EDGE('',*,*,#3999,.F.);
#4002=ORIENTED_EDGE('',*,*,#4001,.F.);
#4003=EDGE_LOOP('',(#3987,#3989,#3990,#3992,#3994,#3996,#3997,#3998,#4000,
#4002));
#4004=FACE_OUTER_BOUND('',#4003,.F.);
#4006=ORIENTED_EDGE('',*,*,#4005,.F.);
#4008=ORIENTED_EDGE('',*,*,#4007,.F.);
#4009=EDGE_LOOP('',(#4006,#4008));
#4010=FACE_BOUND('',#4009,.F.);
#4012=FILL_AREA_STYLE_COLOUR('',#70);
#4013=FILL_AREA_STYLE('',(#4012));
#4014=SURFACE_STYLE_FILL_AREA(#4013);
#4015=SURFACE_SIDE_STYLE('',(#4014));
#4016=SURFACE_STYLE_USAGE(.POSITIVE.,#4015);
#4017=FILL_AREA_STYLE_COLOUR('',#67);
#4018=FILL_AREA_STYLE('',(#4017));
#4019=SURFACE_STYLE_FILL_AREA(#4018);
#4020=SURFACE_SIDE_STYLE('',(#4019));
#4021=SURFACE_STYLE_USAGE(.NEGATIVE.,#4020);
#4022=PRESENTATION_STYLE_ASSIGNMENT((#4016,#4021));
#4023=OVER_RIDING_STYLED_ITEM('',(#4022),#4011,#71);
#4024=CARTESIAN_POINT('',(3.210408E1,9.E-1,-3.218196601125E1));
#4025=DIRECTION('',(-1.E0,0.E0,0.E0));
#4026=DIRECTION('',(0.E0,1.E0,0.E0));
#4027=AXIS2_PLACEMENT_3D('',#4024,#4025,#4026);
#4028=CYLINDRICAL_SURFACE('',#4027,5.E-1);
#4029=ORIENTED_EDGE('',*,*,#3986,.T.);
#4031=ORIENTED_EDGE('',*,*,#4030,.F.);
#4033=ORIENTED_EDGE('',*,*,#4032,.T.);
#4035=ORIENTED_EDGE('',*,*,#4034,.T.);
#4036=EDGE_LOOP('',(#4029,#4031,#4033,#4035));
#4037=FACE_OUTER_BOUND('',#4036,.F.);
#4039=FILL_AREA_STYLE_COLOUR('',#70);
#4040=FILL_AREA_STYLE('',(#4039));
#4041=SURFACE_STYLE_FILL_AREA(#4040);
#4042=SURFACE_SIDE_STYLE('',(#4041));
#4043=SURFACE_STYLE_USAGE(.POSITIVE.,#4042);
#4044=FILL_AREA_STYLE_COLOUR('',#67);
#4045=FILL_AREA_STYLE('',(#4044));
#4046=SURFACE_STYLE_FILL_AREA(#4045);
#4047=SURFACE_SIDE_STYLE('',(#4046));
#4048=SURFACE_STYLE_USAGE(.NEGATIVE.,#4047);
#4049=PRESENTATION_STYLE_ASSIGNMENT((#4043,#4048));
#4050=OVER_RIDING_STYLED_ITEM('',(#4049),#4038,#71);
#4051=CARTESIAN_POINT('',(-5.25E0,1.15E0,-3.28E1));
#4052=DIRECTION('',(0.E0,8.944271909999E-1,-4.472135955E-1));
#4053=DIRECTION('',(0.E0,4.472135955E-1,8.944271909999E-1));
#4054=AXIS2_PLACEMENT_3D('',#4051,#4052,#4053);
#4055=PLANE('',#4054);
#4056=ORIENTED_EDGE('',*,*,#4030,.T.);
#4057=ORIENTED_EDGE('',*,*,#4001,.T.);
#4059=ORIENTED_EDGE('',*,*,#4058,.T.);
#4061=ORIENTED_EDGE('',*,*,#4060,.T.);
#4062=EDGE_LOOP('',(#4056,#4057,#4059,#4061));
#4063=FACE_OUTER_BOUND('',#4062,.F.);
#4065=FILL_AREA_STYLE_COLOUR('',#70);
#4066=FILL_AREA_STYLE('',(#4065));
#4067=SURFACE_STYLE_FILL_AREA(#4066);
#4068=SURFACE_SIDE_STYLE('',(#4067));
#4069=SURFACE_STYLE_USAGE(.POSITIVE.,#4068);
#4070=FILL_AREA_STYLE_COLOUR('',#67);
#4071=FILL_AREA_STYLE('',(#4070));
#4072=SURFACE_STYLE_FILL_AREA(#4071);
#4073=SURFACE_SIDE_STYLE('',(#4072));
#4074=SURFACE_STYLE_USAGE(.NEGATIVE.,#4073);
#4075=PRESENTATION_STYLE_ASSIGNMENT((#4069,#4074));
#4076=OVER_RIDING_STYLED_ITEM('',(#4075),#4064,#71);
#4077=CARTESIAN_POINT('',(-3.210408E1,5.909830056251E-1,-3.28E1));
#4078=DIRECTION('',(1.E0,0.E0,0.E0));
#4079=DIRECTION('',(0.E0,0.E0,-1.E0));
#4080=AXIS2_PLACEMENT_3D('',#4077,#4078,#4079);
#4081=CYLINDRICAL_SURFACE('',#4080,5.E-1);
#4083=ORIENTED_EDGE('',*,*,#4082,.T.);
#4084=ORIENTED_EDGE('',*,*,#4058,.F.);
#4085=ORIENTED_EDGE('',*,*,#3999,.T.);
#4086=ORIENTED_EDGE('',*,*,#3388,.T.);
#4087=EDGE_LOOP('',(#4083,#4084,#4085,#4086));
#4088=FACE_OUTER_BOUND('',#4087,.F.);
#4090=FILL_AREA_STYLE_COLOUR('',#70);
#4091=FILL_AREA_STYLE('',(#4090));
#4092=SURFACE_STYLE_FILL_AREA(#4091);
#4093=SURFACE_SIDE_STYLE('',(#4092));
#4094=SURFACE_STYLE_USAGE(.POSITIVE.,#4093);
#4095=FILL_AREA_STYLE_COLOUR('',#67);
#4096=FILL_AREA_STYLE('',(#4095));
#4097=SURFACE_STYLE_FILL_AREA(#4096);
#4098=SURFACE_SIDE_STYLE('',(#4097));
#4099=SURFACE_STYLE_USAGE(.NEGATIVE.,#4098);
#4100=PRESENTATION_STYLE_ASSIGNMENT((#4094,#4099));
#4101=OVER_RIDING_STYLED_ITEM('',(#4100),#4089,#71);
#4102=CARTESIAN_POINT('',(-5.E0,1.4E0,-2.65E1));
#4103=DIRECTION('',(1.E0,0.E0,0.E0));
#4104=DIRECTION('',(0.E0,-1.E0,0.E0));
#4105=AXIS2_PLACEMENT_3D('',#4102,#4103,#4104);
#4106=PLANE('',#4105);
#4107=ORIENTED_EDGE('',*,*,#4032,.F.);
#4108=ORIENTED_EDGE('',*,*,#4060,.F.);
#4109=ORIENTED_EDGE('',*,*,#4082,.F.);
#4110=ORIENTED_EDGE('',*,*,#3386,.T.);
#4111=ORIENTED_EDGE('',*,*,#3963,.F.);
#4113=ORIENTED_EDGE('',*,*,#4112,.F.);
#4115=ORIENTED_EDGE('',*,*,#4114,.F.);
#4117=ORIENTED_EDGE('',*,*,#4116,.F.);
#4118=ORIENTED_EDGE('',*,*,#3010,.F.);
#4120=ORIENTED_EDGE('',*,*,#4119,.T.);
#4121=EDGE_LOOP('',(#4107,#4108,#4109,#4110,#4111,#4113,#4115,#4117,#4118,
#4120));
#4122=FACE_OUTER_BOUND('',#4121,.F.);
#4124=ORIENTED_EDGE('',*,*,#4123,.T.);
#4126=ORIENTED_EDGE('',*,*,#4125,.T.);
#4127=EDGE_LOOP('',(#4124,#4126));
#4128=FACE_BOUND('',#4127,.F.);
#4130=FILL_AREA_STYLE_COLOUR('',#70);
#4131=FILL_AREA_STYLE('',(#4130));
#4132=SURFACE_STYLE_FILL_AREA(#4131);
#4133=SURFACE_SIDE_STYLE('',(#4132));
#4134=SURFACE_STYLE_USAGE(.POSITIVE.,#4133);
#4135=FILL_AREA_STYLE_COLOUR('',#67);
#4136=FILL_AREA_STYLE('',(#4135));
#4137=SURFACE_STYLE_FILL_AREA(#4136);
#4138=SURFACE_SIDE_STYLE('',(#4137));
#4139=SURFACE_STYLE_USAGE(.NEGATIVE.,#4138);
#4140=PRESENTATION_STYLE_ASSIGNMENT((#4134,#4139));
#4141=OVER_RIDING_STYLED_ITEM('',(#4140),#4129,#71);
#4142=CARTESIAN_POINT('',(-5.25E0,-1.15E0,-3.28E1));
#4143=DIRECTION('',(0.E0,-8.944271909999E-1,-4.472135955E-1));
#4144=DIRECTION('',(0.E0,-4.472135955E-1,8.944271909999E-1));
#4145=AXIS2_PLACEMENT_3D('',#4142,#4143,#4144);
#4146=PLANE('',#4145);
#4148=ORIENTED_EDGE('',*,*,#4147,.T.);
#4149=ORIENTED_EDGE('',*,*,#4112,.T.);
#4150=ORIENTED_EDGE('',*,*,#3961,.T.);
#4151=ORIENTED_EDGE('',*,*,#3995,.T.);
#4152=EDGE_LOOP('',(#4148,#4149,#4150,#4151));
#4153=FACE_OUTER_BOUND('',#4152,.F.);
#4155=FILL_AREA_STYLE_COLOUR('',#70);
#4156=FILL_AREA_STYLE('',(#4155));
#4157=SURFACE_STYLE_FILL_AREA(#4156);
#4158=SURFACE_SIDE_STYLE('',(#4157));
#4159=SURFACE_STYLE_USAGE(.POSITIVE.,#4158);
#4160=FILL_AREA_STYLE_COLOUR('',#67);
#4161=FILL_AREA_STYLE('',(#4160));
#4162=SURFACE_STYLE_FILL_AREA(#4161);
#4163=SURFACE_SIDE_STYLE('',(#4162));
#4164=SURFACE_STYLE_USAGE(.NEGATIVE.,#4163);
#4165=PRESENTATION_STYLE_ASSIGNMENT((#4159,#4164));
#4166=OVER_RIDING_STYLED_ITEM('',(#4165),#4154,#71);
#4167=CARTESIAN_POINT('',(-3.210408E1,-9.E-1,-3.218196601125E1));
#4168=DIRECTION('',(1.E0,0.E0,0.E0));
#4169=DIRECTION('',(0.E0,-1.E0,0.E0));
#4170=AXIS2_PLACEMENT_3D('',#4167,#4168,#4169);
#4171=CYLINDRICAL_SURFACE('',#4170,5.E-1);
#4172=ORIENTED_EDGE('',*,*,#4114,.T.);
#4173=ORIENTED_EDGE('',*,*,#4147,.F.);
#4174=ORIENTED_EDGE('',*,*,#3993,.T.);
#4176=ORIENTED_EDGE('',*,*,#4175,.T.);
#4177=EDGE_LOOP('',(#4172,#4173,#4174,#4176));
#4178=FACE_OUTER_BOUND('',#4177,.F.);
#4180=FILL_AREA_STYLE_COLOUR('',#70);
#4181=FILL_AREA_STYLE('',(#4180));
#4182=SURFACE_STYLE_FILL_AREA(#4181);
#4183=SURFACE_SIDE_STYLE('',(#4182));
#4184=SURFACE_STYLE_USAGE(.POSITIVE.,#4183);
#4185=FILL_AREA_STYLE_COLOUR('',#67);
#4186=FILL_AREA_STYLE('',(#4185));
#4187=SURFACE_STYLE_FILL_AREA(#4186);
#4188=SURFACE_SIDE_STYLE('',(#4187));
#4189=SURFACE_STYLE_USAGE(.NEGATIVE.,#4188);
#4190=PRESENTATION_STYLE_ASSIGNMENT((#4184,#4189));
#4191=OVER_RIDING_STYLED_ITEM('',(#4190),#4179,#71);
#4192=CARTESIAN_POINT('',(-5.E0,-1.4E0,-2.65E1));
#4193=DIRECTION('',(0.E0,-1.E0,0.E0));
#4194=DIRECTION('',(-1.E0,0.E0,0.E0));
#4195=AXIS2_PLACEMENT_3D('',#4192,#4193,#4194);
#4196=PLANE('',#4195);
#4197=ORIENTED_EDGE('',*,*,#4175,.F.);
#4198=ORIENTED_EDGE('',*,*,#3991,.F.);
#4199=ORIENTED_EDGE('',*,*,#3012,.F.);
#4200=ORIENTED_EDGE('',*,*,#4116,.T.);
#4201=EDGE_LOOP('',(#4197,#4198,#4199,#4200));
#4202=FACE_OUTER_BOUND('',#4201,.F.);
#4204=FILL_AREA_STYLE_COLOUR('',#70);
#4205=FILL_AREA_STYLE('',(#4204));
#4206=SURFACE_STYLE_FILL_AREA(#4205);
#4207=SURFACE_SIDE_STYLE('',(#4206));
#4208=SURFACE_STYLE_USAGE(.POSITIVE.,#4207);
#4209=FILL_AREA_STYLE_COLOUR('',#67);
#4210=FILL_AREA_STYLE('',(#4209));
#4211=SURFACE_STYLE_FILL_AREA(#4210);
#4212=SURFACE_SIDE_STYLE('',(#4211));
#4213=SURFACE_STYLE_USAGE(.NEGATIVE.,#4212);
#4214=PRESENTATION_STYLE_ASSIGNMENT((#4208,#4213));
#4215=OVER_RIDING_STYLED_ITEM('',(#4214),#4203,#71);
#4216=CARTESIAN_POINT('',(-5.5E0,1.4E0,-2.65E1));
#4217=DIRECTION('',(0.E0,1.E0,0.E0));
#4218=DIRECTION('',(1.E0,0.E0,0.E0));
#4219=AXIS2_PLACEMENT_3D('',#4216,#4217,#4218);
#4220=PLANE('',#4219);
#4221=ORIENTED_EDGE('',*,*,#4034,.F.);
#4222=ORIENTED_EDGE('',*,*,#4119,.F.);
#4223=ORIENTED_EDGE('',*,*,#3016,.F.);
#4224=ORIENTED_EDGE('',*,*,#3988,.T.);
#4225=EDGE_LOOP('',(#4221,#4222,#4223,#4224));
#4226=FACE_OUTER_BOUND('',#4225,.F.);
#4228=FILL_AREA_STYLE_COLOUR('',#70);
#4229=FILL_AREA_STYLE('',(#4228));
#4230=SURFACE_STYLE_FILL_AREA(#4229);
#4231=SURFACE_SIDE_STYLE('',(#4230));
#4232=SURFACE_STYLE_USAGE(.POSITIVE.,#4231);
#4233=FILL_AREA_STYLE_COLOUR('',#67);
#4234=FILL_AREA_STYLE('',(#4233));
#4235=SURFACE_STYLE_FILL_AREA(#4234);
#4236=SURFACE_SIDE_STYLE('',(#4235));
#4237=SURFACE_STYLE_USAGE(.NEGATIVE.,#4236);
#4238=PRESENTATION_STYLE_ASSIGNMENT((#4232,#4237));
#4239=OVER_RIDING_STYLED_ITEM('',(#4238),#4227,#71);
#4240=CARTESIAN_POINT('',(5.5E0,0.E0,-3.18E1));
#4241=DIRECTION('',(1.E0,0.E0,0.E0));
#4242=DIRECTION('',(0.E0,1.E0,0.E0));
#4243=AXIS2_PLACEMENT_3D('',#4240,#4241,#4242);
#4244=CYLINDRICAL_SURFACE('',#4243,4.E-1);
#4246=ORIENTED_EDGE('',*,*,#4245,.F.);
#4248=ORIENTED_EDGE('',*,*,#4247,.T.);
#4250=ORIENTED_EDGE('',*,*,#4249,.T.);
#4252=ORIENTED_EDGE('',*,*,#4251,.F.);
#4253=EDGE_LOOP('',(#4246,#4248,#4250,#4252));
#4254=FACE_OUTER_BOUND('',#4253,.F.);
#4256=FILL_AREA_STYLE_COLOUR('',#70);
#4257=FILL_AREA_STYLE('',(#4256));
#4258=SURFACE_STYLE_FILL_AREA(#4257);
#4259=SURFACE_SIDE_STYLE('',(#4258));
#4260=SURFACE_STYLE_USAGE(.POSITIVE.,#4259);
#4261=FILL_AREA_STYLE_COLOUR('',#67);
#4262=FILL_AREA_STYLE('',(#4261));
#4263=SURFACE_STYLE_FILL_AREA(#4262);
#4264=SURFACE_SIDE_STYLE('',(#4263));
#4265=SURFACE_STYLE_USAGE(.NEGATIVE.,#4264);
#4266=PRESENTATION_STYLE_ASSIGNMENT((#4260,#4265));
#4267=OVER_RIDING_STYLED_ITEM('',(#4266),#4255,#71);
#4268=CARTESIAN_POINT('',(5.5E0,0.E0,-3.18E1));
#4269=DIRECTION('',(1.E0,0.E0,0.E0));
#4270=DIRECTION('',(0.E0,1.E0,0.E0));
#4271=AXIS2_PLACEMENT_3D('',#4268,#4269,#4270);
#4272=CYLINDRICAL_SURFACE('',#4271,4.E-1);
#4273=ORIENTED_EDGE('',*,*,#4123,.F.);
#4275=ORIENTED_EDGE('',*,*,#4274,.T.);
#4276=ORIENTED_EDGE('',*,*,#4005,.T.);
#4278=ORIENTED_EDGE('',*,*,#4277,.F.);
#4279=EDGE_LOOP('',(#4273,#4275,#4276,#4278));
#4280=FACE_OUTER_BOUND('',#4279,.F.);
#4282=FILL_AREA_STYLE_COLOUR('',#70);
#4283=FILL_AREA_STYLE('',(#4282));
#4284=SURFACE_STYLE_FILL_AREA(#4283);
#4285=SURFACE_SIDE_STYLE('',(#4284));
#4286=SURFACE_STYLE_USAGE(.POSITIVE.,#4285);
#4287=FILL_AREA_STYLE_COLOUR('',#67);
#4288=FILL_AREA_STYLE('',(#4287));
#4289=SURFACE_STYLE_FILL_AREA(#4288);
#4290=SURFACE_SIDE_STYLE('',(#4289));
#4291=SURFACE_STYLE_USAGE(.NEGATIVE.,#4290);
#4292=PRESENTATION_STYLE_ASSIGNMENT((#4286,#4291));
#4293=OVER_RIDING_STYLED_ITEM('',(#4292),#4281,#71);
#4294=CARTESIAN_POINT('',(5.5E0,1.4E0,-2.65E1));
#4295=DIRECTION('',(1.E0,0.E0,0.E0));
#4296=DIRECTION('',(0.E0,-1.E0,0.E0));
#4297=AXIS2_PLACEMENT_3D('',#4294,#4295,#4296);
#4298=PLANE('',#4297);
#4300=ORIENTED_EDGE('',*,*,#4299,.F.);
#4302=ORIENTED_EDGE('',*,*,#4301,.F.);
#4303=ORIENTED_EDGE('',*,*,#3022,.F.);
#4305=ORIENTED_EDGE('',*,*,#4304,.T.);
#4307=ORIENTED_EDGE('',*,*,#4306,.F.);
#4309=ORIENTED_EDGE('',*,*,#4308,.F.);
#4311=ORIENTED_EDGE('',*,*,#4310,.F.);
#4312=ORIENTED_EDGE('',*,*,#3414,.T.);
#4314=ORIENTED_EDGE('',*,*,#4313,.F.);
#4316=ORIENTED_EDGE('',*,*,#4315,.F.);
#4317=EDGE_LOOP('',(#4300,#4302,#4303,#4305,#4307,#4309,#4311,#4312,#4314,
#4316));
#4318=FACE_OUTER_BOUND('',#4317,.F.);
#4319=ORIENTED_EDGE('',*,*,#4245,.T.);
#4321=ORIENTED_EDGE('',*,*,#4320,.T.);
#4322=EDGE_LOOP('',(#4319,#4321));
#4323=FACE_BOUND('',#4322,.F.);
#4325=FILL_AREA_STYLE_COLOUR('',#70);
#4326=FILL_AREA_STYLE('',(#4325));
#4327=SURFACE_STYLE_FILL_AREA(#4326);
#4328=SURFACE_SIDE_STYLE('',(#4327));
#4329=SURFACE_STYLE_USAGE(.POSITIVE.,#4328);
#4330=FILL_AREA_STYLE_COLOUR('',#67);
#4331=FILL_AREA_STYLE('',(#4330));
#4332=SURFACE_STYLE_FILL_AREA(#4331);
#4333=SURFACE_SIDE_STYLE('',(#4332));
#4334=SURFACE_STYLE_USAGE(.NEGATIVE.,#4333);
#4335=PRESENTATION_STYLE_ASSIGNMENT((#4329,#4334));
#4336=OVER_RIDING_STYLED_ITEM('',(#4335),#4324,#71);
#4337=CARTESIAN_POINT('',(-3.210408E1,-9.E-1,-3.218196601125E1));
#4338=DIRECTION('',(1.E0,0.E0,0.E0));
#4339=DIRECTION('',(0.E0,-1.E0,0.E0));
#4340=AXIS2_PLACEMENT_3D('',#4337,#4338,#4339);
#4341=CYLINDRICAL_SURFACE('',#4340,5.E-1);
#4342=ORIENTED_EDGE('',*,*,#4299,.T.);
#4344=ORIENTED_EDGE('',*,*,#4343,.F.);
#4346=ORIENTED_EDGE('',*,*,#4345,.T.);
#4348=ORIENTED_EDGE('',*,*,#4347,.T.);
#4349=EDGE_LOOP('',(#4342,#4344,#4346,#4348));
#4350=FACE_OUTER_BOUND('',#4349,.F.);
#4352=FILL_AREA_STYLE_COLOUR('',#70);
#4353=FILL_AREA_STYLE('',(#4352));
#4354=SURFACE_STYLE_FILL_AREA(#4353);
#4355=SURFACE_SIDE_STYLE('',(#4354));
#4356=SURFACE_STYLE_USAGE(.POSITIVE.,#4355);
#4357=FILL_AREA_STYLE_COLOUR('',#67);
#4358=FILL_AREA_STYLE('',(#4357));
#4359=SURFACE_STYLE_FILL_AREA(#4358);
#4360=SURFACE_SIDE_STYLE('',(#4359));
#4361=SURFACE_STYLE_USAGE(.NEGATIVE.,#4360);
#4362=PRESENTATION_STYLE_ASSIGNMENT((#4356,#4361));
#4363=OVER_RIDING_STYLED_ITEM('',(#4362),#4351,#71);
#4364=CARTESIAN_POINT('',(5.25E0,-1.15E0,-3.28E1));
#4365=DIRECTION('',(0.E0,-8.944271909999E-1,-4.472135955E-1));
#4366=DIRECTION('',(0.E0,-4.472135955E-1,8.944271909999E-1));
#4367=AXIS2_PLACEMENT_3D('',#4364,#4365,#4366);
#4368=PLANE('',#4367);
#4369=ORIENTED_EDGE('',*,*,#4343,.T.);
#4370=ORIENTED_EDGE('',*,*,#4315,.T.);
#4372=ORIENTED_EDGE('',*,*,#4371,.T.);
#4374=ORIENTED_EDGE('',*,*,#4373,.T.);
#4375=EDGE_LOOP('',(#4369,#4370,#4372,#4374));
#4376=FACE_OUTER_BOUND('',#4375,.F.);
#4378=FILL_AREA_STYLE_COLOUR('',#70);
#4379=FILL_AREA_STYLE('',(#4378));
#4380=SURFACE_STYLE_FILL_AREA(#4379);
#4381=SURFACE_SIDE_STYLE('',(#4380));
#4382=SURFACE_STYLE_USAGE(.POSITIVE.,#4381);
#4383=FILL_AREA_STYLE_COLOUR('',#67);
#4384=FILL_AREA_STYLE('',(#4383));
#4385=SURFACE_STYLE_FILL_AREA(#4384);
#4386=SURFACE_SIDE_STYLE('',(#4385));
#4387=SURFACE_STYLE_USAGE(.NEGATIVE.,#4386);
#4388=PRESENTATION_STYLE_ASSIGNMENT((#4382,#4387));
#4389=OVER_RIDING_STYLED_ITEM('',(#4388),#4377,#71);
#4390=CARTESIAN_POINT('',(3.210408E1,-5.909830056251E-1,-3.28E1));
#4391=DIRECTION('',(-1.E0,0.E0,0.E0));
#4392=DIRECTION('',(0.E0,0.E0,-1.E0));
#4393=AXIS2_PLACEMENT_3D('',#4390,#4391,#4392);
#4394=CYLINDRICAL_SURFACE('',#4393,5.E-1);
#4396=ORIENTED_EDGE('',*,*,#4395,.T.);
#4397=ORIENTED_EDGE('',*,*,#4371,.F.);
#4398=ORIENTED_EDGE('',*,*,#4313,.T.);
#4399=ORIENTED_EDGE('',*,*,#3412,.T.);
#4400=EDGE_LOOP('',(#4396,#4397,#4398,#4399));
#4401=FACE_OUTER_BOUND('',#4400,.F.);
#4403=FILL_AREA_STYLE_COLOUR('',#70);
#4404=FILL_AREA_STYLE('',(#4403));
#4405=SURFACE_STYLE_FILL_AREA(#4404);
#4406=SURFACE_SIDE_STYLE('',(#4405));
#4407=SURFACE_STYLE_USAGE(.POSITIVE.,#4406);
#4408=FILL_AREA_STYLE_COLOUR('',#67);
#4409=FILL_AREA_STYLE('',(#4408));
#4410=SURFACE_STYLE_FILL_AREA(#4409);
#4411=SURFACE_SIDE_STYLE('',(#4410));
#4412=SURFACE_STYLE_USAGE(.NEGATIVE.,#4411);
#4413=PRESENTATION_STYLE_ASSIGNMENT((#4407,#4412));
#4414=OVER_RIDING_STYLED_ITEM('',(#4413),#4402,#71);
#4415=CARTESIAN_POINT('',(5.E0,-1.4E0,-2.65E1));
#4416=DIRECTION('',(-1.E0,0.E0,0.E0));
#4417=DIRECTION('',(0.E0,1.E0,0.E0));
#4418=AXIS2_PLACEMENT_3D('',#4415,#4416,#4417);
#4419=PLANE('',#4418);
#4420=ORIENTED_EDGE('',*,*,#4345,.F.);
#4421=ORIENTED_EDGE('',*,*,#4373,.F.);
#4422=ORIENTED_EDGE('',*,*,#4395,.F.);
#4423=ORIENTED_EDGE('',*,*,#3418,.T.);
#4425=ORIENTED_EDGE('',*,*,#4424,.F.);
#4427=ORIENTED_EDGE('',*,*,#4426,.F.);
#4429=ORIENTED_EDGE('',*,*,#4428,.F.);
#4431=ORIENTED_EDGE('',*,*,#4430,.F.);
#4432=ORIENTED_EDGE('',*,*,#3026,.F.);
#4434=ORIENTED_EDGE('',*,*,#4433,.T.);
#4435=EDGE_LOOP('',(#4420,#4421,#4422,#4423,#4425,#4427,#4429,#4431,#4432,
#4434));
#4436=FACE_OUTER_BOUND('',#4435,.F.);
#4437=ORIENTED_EDGE('',*,*,#4249,.F.);
#4439=ORIENTED_EDGE('',*,*,#4438,.F.);
#4440=EDGE_LOOP('',(#4437,#4439));
#4441=FACE_BOUND('',#4440,.F.);
#4443=FILL_AREA_STYLE_COLOUR('',#70);
#4444=FILL_AREA_STYLE('',(#4443));
#4445=SURFACE_STYLE_FILL_AREA(#4444);
#4446=SURFACE_SIDE_STYLE('',(#4445));
#4447=SURFACE_STYLE_USAGE(.POSITIVE.,#4446);
#4448=FILL_AREA_STYLE_COLOUR('',#67);
#4449=FILL_AREA_STYLE('',(#4448));
#4450=SURFACE_STYLE_FILL_AREA(#4449);
#4451=SURFACE_SIDE_STYLE('',(#4450));
#4452=SURFACE_STYLE_USAGE(.NEGATIVE.,#4451);
#4453=PRESENTATION_STYLE_ASSIGNMENT((#4447,#4452));
#4454=OVER_RIDING_STYLED_ITEM('',(#4453),#4442,#71);
#4455=CARTESIAN_POINT('',(-3.210408E1,5.909830056251E-1,-3.28E1));
#4456=DIRECTION('',(1.E0,0.E0,0.E0));
#4457=DIRECTION('',(0.E0,0.E0,-1.E0));
#4458=AXIS2_PLACEMENT_3D('',#4455,#4456,#4457);
#4459=CYLINDRICAL_SURFACE('',#4458,5.E-1);
#4460=ORIENTED_EDGE('',*,*,#4310,.T.);
#4462=ORIENTED_EDGE('',*,*,#4461,.F.);
#4463=ORIENTED_EDGE('',*,*,#4424,.T.);
#4464=ORIENTED_EDGE('',*,*,#3416,.T.);
#4465=EDGE_LOOP('',(#4460,#4462,#4463,#4464));
#4466=FACE_OUTER_BOUND('',#4465,.F.);
#4468=FILL_AREA_STYLE_COLOUR('',#70);
#4469=FILL_AREA_STYLE('',(#4468));
#4470=SURFACE_STYLE_FILL_AREA(#4469);
#4471=SURFACE_SIDE_STYLE('',(#4470));
#4472=SURFACE_STYLE_USAGE(.POSITIVE.,#4471);
#4473=FILL_AREA_STYLE_COLOUR('',#67);
#4474=FILL_AREA_STYLE('',(#4473));
#4475=SURFACE_STYLE_FILL_AREA(#4474);
#4476=SURFACE_SIDE_STYLE('',(#4475));
#4477=SURFACE_STYLE_USAGE(.NEGATIVE.,#4476);
#4478=PRESENTATION_STYLE_ASSIGNMENT((#4472,#4477));
#4479=OVER_RIDING_STYLED_ITEM('',(#4478),#4467,#71);
#4480=CARTESIAN_POINT('',(5.25E0,1.15E0,-3.28E1));
#4481=DIRECTION('',(0.E0,8.944271909999E-1,-4.472135955E-1));
#4482=DIRECTION('',(0.E0,4.472135955E-1,8.944271909999E-1));
#4483=AXIS2_PLACEMENT_3D('',#4480,#4481,#4482);
#4484=PLANE('',#4483);
#4486=ORIENTED_EDGE('',*,*,#4485,.T.);
#4487=ORIENTED_EDGE('',*,*,#4426,.T.);
#4488=ORIENTED_EDGE('',*,*,#4461,.T.);
#4489=ORIENTED_EDGE('',*,*,#4308,.T.);
#4490=EDGE_LOOP('',(#4486,#4487,#4488,#4489));
#4491=FACE_OUTER_BOUND('',#4490,.F.);
#4493=FILL_AREA_STYLE_COLOUR('',#70);
#4494=FILL_AREA_STYLE('',(#4493));
#4495=SURFACE_STYLE_FILL_AREA(#4494);
#4496=SURFACE_SIDE_STYLE('',(#4495));
#4497=SURFACE_STYLE_USAGE(.POSITIVE.,#4496);
#4498=FILL_AREA_STYLE_COLOUR('',#67);
#4499=FILL_AREA_STYLE('',(#4498));
#4500=SURFACE_STYLE_FILL_AREA(#4499);
#4501=SURFACE_SIDE_STYLE('',(#4500));
#4502=SURFACE_STYLE_USAGE(.NEGATIVE.,#4501);
#4503=PRESENTATION_STYLE_ASSIGNMENT((#4497,#4502));
#4504=OVER_RIDING_STYLED_ITEM('',(#4503),#4492,#71);
#4505=CARTESIAN_POINT('',(3.210408E1,9.E-1,-3.218196601125E1));
#4506=DIRECTION('',(-1.E0,0.E0,0.E0));
#4507=DIRECTION('',(0.E0,1.E0,0.E0));
#4508=AXIS2_PLACEMENT_3D('',#4505,#4506,#4507);
#4509=CYLINDRICAL_SURFACE('',#4508,5.E-1);
#4510=ORIENTED_EDGE('',*,*,#4428,.T.);
#4511=ORIENTED_EDGE('',*,*,#4485,.F.);
#4512=ORIENTED_EDGE('',*,*,#4306,.T.);
#4514=ORIENTED_EDGE('',*,*,#4513,.T.);
#4515=EDGE_LOOP('',(#4510,#4511,#4512,#4514));
#4516=FACE_OUTER_BOUND('',#4515,.F.);
#4518=FILL_AREA_STYLE_COLOUR('',#70);
#4519=FILL_AREA_STYLE('',(#4518));
#4520=SURFACE_STYLE_FILL_AREA(#4519);
#4521=SURFACE_SIDE_STYLE('',(#4520));
#4522=SURFACE_STYLE_USAGE(.POSITIVE.,#4521);
#4523=FILL_AREA_STYLE_COLOUR('',#67);
#4524=FILL_AREA_STYLE('',(#4523));
#4525=SURFACE_STYLE_FILL_AREA(#4524);
#4526=SURFACE_SIDE_STYLE('',(#4525));
#4527=SURFACE_STYLE_USAGE(.NEGATIVE.,#4526);
#4528=PRESENTATION_STYLE_ASSIGNMENT((#4522,#4527));
#4529=OVER_RIDING_STYLED_ITEM('',(#4528),#4517,#71);
#4530=CARTESIAN_POINT('',(5.E0,1.4E0,-2.65E1));
#4531=DIRECTION('',(0.E0,1.E0,0.E0));
#4532=DIRECTION('',(1.E0,0.E0,0.E0));
#4533=AXIS2_PLACEMENT_3D('',#4530,#4531,#4532);
#4534=PLANE('',#4533);
#4535=ORIENTED_EDGE('',*,*,#4513,.F.);
#4536=ORIENTED_EDGE('',*,*,#4304,.F.);
#4537=ORIENTED_EDGE('',*,*,#3020,.F.);
#4538=ORIENTED_EDGE('',*,*,#4430,.T.);
#4539=EDGE_LOOP('',(#4535,#4536,#4537,#4538));
#4540=FACE_OUTER_BOUND('',#4539,.F.);
#4542=FILL_AREA_STYLE_COLOUR('',#70);
#4543=FILL_AREA_STYLE('',(#4542));
#4544=SURFACE_STYLE_FILL_AREA(#4543);
#4545=SURFACE_SIDE_STYLE('',(#4544));
#4546=SURFACE_STYLE_USAGE(.POSITIVE.,#4545);
#4547=FILL_AREA_STYLE_COLOUR('',#67);
#4548=FILL_AREA_STYLE('',(#4547));
#4549=SURFACE_STYLE_FILL_AREA(#4548);
#4550=SURFACE_SIDE_STYLE('',(#4549));
#4551=SURFACE_STYLE_USAGE(.NEGATIVE.,#4550);
#4552=PRESENTATION_STYLE_ASSIGNMENT((#4546,#4551));
#4553=OVER_RIDING_STYLED_ITEM('',(#4552),#4541,#71);
#4554=CARTESIAN_POINT('',(5.5E0,-1.4E0,-2.65E1));
#4555=DIRECTION('',(0.E0,-1.E0,0.E0));
#4556=DIRECTION('',(-1.E0,0.E0,0.E0));
#4557=AXIS2_PLACEMENT_3D('',#4554,#4555,#4556);
#4558=PLANE('',#4557);
#4559=ORIENTED_EDGE('',*,*,#4347,.F.);
#4560=ORIENTED_EDGE('',*,*,#4433,.F.);
#4561=ORIENTED_EDGE('',*,*,#3024,.F.);
#4562=ORIENTED_EDGE('',*,*,#4301,.T.);
#4563=EDGE_LOOP('',(#4559,#4560,#4561,#4562));
#4564=FACE_OUTER_BOUND('',#4563,.F.);
#4566=FILL_AREA_STYLE_COLOUR('',#70);
#4567=FILL_AREA_STYLE('',(#4566));
#4568=SURFACE_STYLE_FILL_AREA(#4567);
#4569=SURFACE_SIDE_STYLE('',(#4568));
#4570=SURFACE_STYLE_USAGE(.POSITIVE.,#4569);
#4571=FILL_AREA_STYLE_COLOUR('',#67);
#4572=FILL_AREA_STYLE('',(#4571));
#4573=SURFACE_STYLE_FILL_AREA(#4572);
#4574=SURFACE_SIDE_STYLE('',(#4573));
#4575=SURFACE_STYLE_USAGE(.NEGATIVE.,#4574);
#4576=PRESENTATION_STYLE_ASSIGNMENT((#4570,#4575));
#4577=OVER_RIDING_STYLED_ITEM('',(#4576),#4565,#71);
#4578=CARTESIAN_POINT('',(5.5E0,0.E0,-3.18E1));
#4579=DIRECTION('',(1.E0,0.E0,0.E0));
#4580=DIRECTION('',(0.E0,1.E0,0.E0));
#4581=AXIS2_PLACEMENT_3D('',#4578,#4579,#4580);
#4582=CYLINDRICAL_SURFACE('',#4581,4.E-1);
#4583=ORIENTED_EDGE('',*,*,#4320,.F.);
#4584=ORIENTED_EDGE('',*,*,#4251,.T.);
#4585=ORIENTED_EDGE('',*,*,#4438,.T.);
#4586=ORIENTED_EDGE('',*,*,#4247,.F.);
#4587=EDGE_LOOP('',(#4583,#4584,#4585,#4586));
#4588=FACE_OUTER_BOUND('',#4587,.F.);
#4590=FILL_AREA_STYLE_COLOUR('',#70);
#4591=FILL_AREA_STYLE('',(#4590));
#4592=SURFACE_STYLE_FILL_AREA(#4591);
#4593=SURFACE_SIDE_STYLE('',(#4592));
#4594=SURFACE_STYLE_USAGE(.POSITIVE.,#4593);
#4595=FILL_AREA_STYLE_COLOUR('',#67);
#4596=FILL_AREA_STYLE('',(#4595));
#4597=SURFACE_STYLE_FILL_AREA(#4596);
#4598=SURFACE_SIDE_STYLE('',(#4597));
#4599=SURFACE_STYLE_USAGE(.NEGATIVE.,#4598);
#4600=PRESENTATION_STYLE_ASSIGNMENT((#4594,#4599));
#4601=OVER_RIDING_STYLED_ITEM('',(#4600),#4589,#71);
#4602=CARTESIAN_POINT('',(5.5E0,0.E0,-3.18E1));
#4603=DIRECTION('',(1.E0,0.E0,0.E0));
#4604=DIRECTION('',(0.E0,1.E0,0.E0));
#4605=AXIS2_PLACEMENT_3D('',#4602,#4603,#4604);
#4606=CYLINDRICAL_SURFACE('',#4605,4.E-1);
#4607=ORIENTED_EDGE('',*,*,#4125,.F.);
#4608=ORIENTED_EDGE('',*,*,#4277,.T.);
#4609=ORIENTED_EDGE('',*,*,#4007,.T.);
#4610=ORIENTED_EDGE('',*,*,#4274,.F.);
#4611=EDGE_LOOP('',(#4607,#4608,#4609,#4610));
#4612=FACE_OUTER_BOUND('',#4611,.F.);
#4614=FILL_AREA_STYLE_COLOUR('',#70);
#4615=FILL_AREA_STYLE('',(#4614));
#4616=SURFACE_STYLE_FILL_AREA(#4615);
#4617=SURFACE_SIDE_STYLE('',(#4616));
#4618=SURFACE_STYLE_USAGE(.POSITIVE.,#4617);
#4619=FILL_AREA_STYLE_COLOUR('',#67);
#4620=FILL_AREA_STYLE('',(#4619));
#4621=SURFACE_STYLE_FILL_AREA(#4620);
#4622=SURFACE_SIDE_STYLE('',(#4621));
#4623=SURFACE_STYLE_USAGE(.NEGATIVE.,#4622);
#4624=PRESENTATION_STYLE_ASSIGNMENT((#4618,#4623));
#4625=OVER_RIDING_STYLED_ITEM('',(#4624),#4613,#71);
#4626=CARTESIAN_POINT('',(-1.590983005625E0,-3.210408E1,-3.28E1));
#4627=DIRECTION('',(0.E0,1.E0,0.E0));
#4628=DIRECTION('',(0.E0,0.E0,-1.E0));
#4629=AXIS2_PLACEMENT_3D('',#4626,#4627,#4628);
#4630=CYLINDRICAL_SURFACE('',#4629,5.E-1);
#4631=ORIENTED_EDGE('',*,*,#3178,.T.);
#4633=ORIENTED_EDGE('',*,*,#4632,.F.);
#4634=ORIENTED_EDGE('',*,*,#3248,.T.);
#4635=ORIENTED_EDGE('',*,*,#3442,.T.);
#4636=EDGE_LOOP('',(#4631,#4633,#4634,#4635));
#4637=FACE_OUTER_BOUND('',#4636,.F.);
#4639=FILL_AREA_STYLE_COLOUR('',#70);
#4640=FILL_AREA_STYLE('',(#4639));
#4641=SURFACE_STYLE_FILL_AREA(#4640);
#4642=SURFACE_SIDE_STYLE('',(#4641));
#4643=SURFACE_STYLE_USAGE(.POSITIVE.,#4642);
#4644=FILL_AREA_STYLE_COLOUR('',#67);
#4645=FILL_AREA_STYLE('',(#4644));
#4646=SURFACE_STYLE_FILL_AREA(#4645);
#4647=SURFACE_SIDE_STYLE('',(#4646));
#4648=SURFACE_STYLE_USAGE(.NEGATIVE.,#4647);
#4649=PRESENTATION_STYLE_ASSIGNMENT((#4643,#4648));
#4650=OVER_RIDING_STYLED_ITEM('',(#4649),#4638,#71);
#4651=CARTESIAN_POINT('',(-2.15E0,5.5E0,-3.28E1));
#4652=DIRECTION('',(-8.944271909999E-1,0.E0,-4.472135955E-1));
#4653=DIRECTION('',(-4.472135955E-1,0.E0,8.944271909999E-1));
#4654=AXIS2_PLACEMENT_3D('',#4651,#4652,#4653);
#4655=PLANE('',#4654);
#4656=ORIENTED_EDGE('',*,*,#3223,.T.);
#4657=ORIENTED_EDGE('',*,*,#3250,.T.);
#4658=ORIENTED_EDGE('',*,*,#4632,.T.);
#4659=ORIENTED_EDGE('',*,*,#3176,.T.);
#4660=EDGE_LOOP('',(#4656,#4657,#4658,#4659));
#4661=FACE_OUTER_BOUND('',#4660,.F.);
#4663=FILL_AREA_STYLE_COLOUR('',#70);
#4664=FILL_AREA_STYLE('',(#4663));
#4665=SURFACE_STYLE_FILL_AREA(#4664);
#4666=SURFACE_SIDE_STYLE('',(#4665));
#4667=SURFACE_STYLE_USAGE(.POSITIVE.,#4666);
#4668=FILL_AREA_STYLE_COLOUR('',#67);
#4669=FILL_AREA_STYLE('',(#4668));
#4670=SURFACE_STYLE_FILL_AREA(#4669);
#4671=SURFACE_SIDE_STYLE('',(#4670));
#4672=SURFACE_STYLE_USAGE(.NEGATIVE.,#4671);
#4673=PRESENTATION_STYLE_ASSIGNMENT((#4667,#4672));
#4674=OVER_RIDING_STYLED_ITEM('',(#4673),#4662,#71);
#4675=CARTESIAN_POINT('',(0.E0,0.E0,1.35E0));
#4676=DIRECTION('',(0.E0,0.E0,1.E0));
#4677=DIRECTION('',(1.E0,0.E0,0.E0));
#4678=AXIS2_PLACEMENT_3D('',#4675,#4676,#4677);
#4679=TOROIDAL_SURFACE('',#4678,6.962936341696E0,1.5E-1);
#4680=ORIENTED_EDGE('',*,*,#2647,.F.);
#4681=ORIENTED_EDGE('',*,*,#2626,.T.);
#4682=ORIENTED_EDGE('',*,*,#2644,.T.);
#4683=ORIENTED_EDGE('',*,*,#2676,.F.);
#4684=EDGE_LOOP('',(#4680,#4681,#4682,#4683));
#4685=FACE_OUTER_BOUND('',#4684,.F.);
#4687=CARTESIAN_POINT('',(0.E0,0.E0,1.35E0));
#4688=DIRECTION('',(0.E0,0.E0,1.E0));
#4689=DIRECTION('',(9.999126700834E-1,1.321560466715E-2,0.E0));
#4690=AXIS2_PLACEMENT_3D('',#4687,#4688,#4689);
#4691=TOROIDAL_SURFACE('',#4690,6.75E0,1.5E-1);
#4692=ORIENTED_EDGE('',*,*,#2630,.T.);
#4694=ORIENTED_EDGE('',*,*,#4693,.T.);
#4696=ORIENTED_EDGE('',*,*,#4695,.T.);
#4698=ORIENTED_EDGE('',*,*,#4697,.F.);
#4699=EDGE_LOOP('',(#4692,#4694,#4696,#4698));
#4700=FACE_OUTER_BOUND('',#4699,.F.);
#4702=CARTESIAN_POINT('',(0.E0,0.E0,1.35E0));
#4703=DIRECTION('',(0.E0,0.E0,1.E0));
#4704=DIRECTION('',(-9.999126700834E-1,-1.321560466715E-2,0.E0));
#4705=AXIS2_PLACEMENT_3D('',#4702,#4703,#4704);
#4706=TOROIDAL_SURFACE('',#4705,6.75E0,1.5E-1);
#4707=ORIENTED_EDGE('',*,*,#2632,.T.);
#4708=ORIENTED_EDGE('',*,*,#4697,.T.);
#4710=ORIENTED_EDGE('',*,*,#4709,.T.);
#4711=ORIENTED_EDGE('',*,*,#4693,.F.);
#4712=EDGE_LOOP('',(#4707,#4708,#4710,#4711));
#4713=FACE_OUTER_BOUND('',#4712,.F.);
#4715=CARTESIAN_POINT('',(0.E0,0.E0,1.35E0));
#4716=DIRECTION('',(0.E0,0.E0,1.E0));
#4717=DIRECTION('',(1.E0,0.E0,0.E0));
#4718=AXIS2_PLACEMENT_3D('',#4715,#4716,#4717);
#4719=PLANE('',#4718);
#4720=ORIENTED_EDGE('',*,*,#4709,.F.);
#4721=ORIENTED_EDGE('',*,*,#4695,.F.);
#4722=EDGE_LOOP('',(#4720,#4721));
#4723=FACE_OUTER_BOUND('',#4722,.F.);
#4725=ORIENTED_EDGE('',*,*,#4724,.F.);
#4727=ORIENTED_EDGE('',*,*,#4726,.F.);
#4728=EDGE_LOOP('',(#4725,#4727));
#4729=FACE_BOUND('',#4728,.F.);
#4731=FILL_AREA_STYLE_COLOUR('',#6);
#4732=FILL_AREA_STYLE('',(#4731));
#4733=SURFACE_STYLE_FILL_AREA(#4732);
#4734=SURFACE_SIDE_STYLE('',(#4733));
#4735=SURFACE_STYLE_USAGE(.POSITIVE.,#4734);
#4736=FILL_AREA_STYLE_COLOUR('',#67);
#4737=FILL_AREA_STYLE('',(#4736));
#4738=SURFACE_STYLE_FILL_AREA(#4737);
#4739=SURFACE_SIDE_STYLE('',(#4738));
#4740=SURFACE_STYLE_USAGE(.NEGATIVE.,#4739);
#4741=PRESENTATION_STYLE_ASSIGNMENT((#4735,#4740));
#4742=OVER_RIDING_STYLED_ITEM('',(#4741),#4730,#71);
#4743=CARTESIAN_POINT('',(0.E0,0.E0,1.35E0));
#4744=DIRECTION('',(0.E0,0.E0,1.E0));
#4745=DIRECTION('',(1.E0,0.E0,0.E0));
#4746=AXIS2_PLACEMENT_3D('',#4743,#4744,#4745);
#4747=TOROIDAL_SURFACE('',#4746,5.6E0,1.5E-1);
#4748=ORIENTED_EDGE('',*,*,#4724,.T.);
#4750=ORIENTED_EDGE('',*,*,#4749,.F.);
#4752=ORIENTED_EDGE('',*,*,#4751,.T.);
#4754=ORIENTED_EDGE('',*,*,#4753,.T.);
#4755=EDGE_LOOP('',(#4748,#4750,#4752,#4754));
#4756=FACE_OUTER_BOUND('',#4755,.F.);
#4758=CARTESIAN_POINT('',(0.E0,0.E0,1.35E0));
#4759=DIRECTION('',(0.E0,0.E0,1.E0));
#4760=DIRECTION('',(1.E0,0.E0,0.E0));
#4761=AXIS2_PLACEMENT_3D('',#4758,#4759,#4760);
#4762=TOROIDAL_SURFACE('',#4761,5.6E0,1.5E-1);
#4763=ORIENTED_EDGE('',*,*,#4753,.F.);
#4765=ORIENTED_EDGE('',*,*,#4764,.T.);
#4766=ORIENTED_EDGE('',*,*,#4749,.T.);
#4767=ORIENTED_EDGE('',*,*,#4726,.T.);
#4768=EDGE_LOOP('',(#4763,#4765,#4766,#4767));
#4769=FACE_OUTER_BOUND('',#4768,.F.);
#4771=CARTESIAN_POINT('',(0.E0,0.E0,1.5E0));
#4772=DIRECTION('',(0.E0,0.E0,1.E0));
#4773=DIRECTION('',(1.E0,0.E0,0.E0));
#4774=AXIS2_PLACEMENT_3D('',#4771,#4772,#4773);
#4775=PLANE('',#4774);
#4776=ORIENTED_EDGE('',*,*,#4751,.F.);
#4777=ORIENTED_EDGE('',*,*,#4764,.F.);
#4778=EDGE_LOOP('',(#4776,#4777));
#4779=FACE_OUTER_BOUND('',#4778,.F.);
#4781=ORIENTED_EDGE('',*,*,#4780,.F.);
#4783=ORIENTED_EDGE('',*,*,#4782,.F.);
#4785=ORIENTED_EDGE('',*,*,#4784,.F.);
#4787=ORIENTED_EDGE('',*,*,#4786,.F.);
#4789=ORIENTED_EDGE('',*,*,#4788,.F.);
#4791=ORIENTED_EDGE('',*,*,#4790,.F.);
#4793=ORIENTED_EDGE('',*,*,#4792,.F.);
#4795=ORIENTED_EDGE('',*,*,#4794,.F.);
#4797=ORIENTED_EDGE('',*,*,#4796,.F.);
#4799=ORIENTED_EDGE('',*,*,#4798,.F.);
#4801=ORIENTED_EDGE('',*,*,#4800,.F.);
#4803=ORIENTED_EDGE('',*,*,#4802,.F.);
#4805=ORIENTED_EDGE('',*,*,#4804,.F.);
#4807=ORIENTED_EDGE('',*,*,#4806,.F.);
#4808=EDGE_LOOP('',(#4781,#4783,#4785,#4787,#4789,#4791,#4793,#4795,#4797,#4799,
#4801,#4803,#4805,#4807));
#4809=FACE_BOUND('',#4808,.F.);
#4811=ORIENTED_EDGE('',*,*,#4810,.F.);
#4813=ORIENTED_EDGE('',*,*,#4812,.T.);
#4815=ORIENTED_EDGE('',*,*,#4814,.F.);
#4817=ORIENTED_EDGE('',*,*,#4816,.T.);
#4819=ORIENTED_EDGE('',*,*,#4818,.F.);
#4821=ORIENTED_EDGE('',*,*,#4820,.T.);
#4823=ORIENTED_EDGE('',*,*,#4822,.F.);
#4825=ORIENTED_EDGE('',*,*,#4824,.T.);
#4826=EDGE_LOOP('',(#4811,#4813,#4815,#4817,#4819,#4821,#4823,#4825));
#4827=FACE_BOUND('',#4826,.F.);
#4829=CARTESIAN_POINT('',(-1.552928757643E0,2.389751508773E0,1.35E0));
#4830=DIRECTION('',(0.E0,0.E0,1.E0));
#4831=DIRECTION('',(1.E0,0.E0,0.E0));
#4832=AXIS2_PLACEMENT_3D('',#4829,#4830,#4831);
#4833=TOROIDAL_SURFACE('',#4832,3.E-1,1.5E-1);
#4835=ORIENTED_EDGE('',*,*,#4834,.T.);
#4836=ORIENTED_EDGE('',*,*,#4780,.T.);
#4838=ORIENTED_EDGE('',*,*,#4837,.F.);
#4840=ORIENTED_EDGE('',*,*,#4839,.T.);
#4841=EDGE_LOOP('',(#4835,#4836,#4838,#4840));
#4842=FACE_OUTER_BOUND('',#4841,.F.);
#4844=CARTESIAN_POINT('',(0.E0,0.E0,1.35E0));
#4845=DIRECTION('',(0.E0,0.E0,1.E0));
#4846=DIRECTION('',(1.E0,0.E0,0.E0));
#4847=AXIS2_PLACEMENT_3D('',#4844,#4845,#4846);
#4848=TOROIDAL_SURFACE('',#4847,3.15E0,1.5E-1);
#4849=ORIENTED_EDGE('',*,*,#4782,.T.);
#4850=ORIENTED_EDGE('',*,*,#4834,.F.);
#4852=ORIENTED_EDGE('',*,*,#4851,.T.);
#4854=ORIENTED_EDGE('',*,*,#4853,.T.);
#4855=EDGE_LOOP('',(#4849,#4850,#4852,#4854));
#4856=FACE_OUTER_BOUND('',#4855,.F.);
#4858=CARTESIAN_POINT('',(0.E0,0.E0,1.35E0));
#4859=DIRECTION('',(0.E0,0.E0,1.E0));
#4860=DIRECTION('',(1.E0,0.E0,0.E0));
#4861=AXIS2_PLACEMENT_3D('',#4858,#4859,#4860);
#4862=PLANE('',#4861);
#4864=ORIENTED_EDGE('',*,*,#4863,.F.);
#4866=ORIENTED_EDGE('',*,*,#4865,.F.);
#4868=ORIENTED_EDGE('',*,*,#4867,.F.);
#4870=ORIENTED_EDGE('',*,*,#4869,.F.);
#4872=ORIENTED_EDGE('',*,*,#4871,.F.);
#4874=ORIENTED_EDGE('',*,*,#4873,.F.);
#4876=ORIENTED_EDGE('',*,*,#4875,.F.);
#4878=ORIENTED_EDGE('',*,*,#4877,.F.);
#4880=ORIENTED_EDGE('',*,*,#4879,.F.);
#4881=ORIENTED_EDGE('',*,*,#4851,.F.);
#4882=ORIENTED_EDGE('',*,*,#4839,.F.);
#4884=ORIENTED_EDGE('',*,*,#4883,.F.);
#4886=ORIENTED_EDGE('',*,*,#4885,.F.);
#4888=ORIENTED_EDGE('',*,*,#4887,.F.);
#4889=EDGE_LOOP('',(#4864,#4866,#4868,#4870,#4872,#4874,#4876,#4878,#4880,#4881,
#4882,#4884,#4886,#4888));
#4890=FACE_OUTER_BOUND('',#4889,.F.);
#4892=FILL_AREA_STYLE_COLOUR('',#6);
#4893=FILL_AREA_STYLE('',(#4892));
#4894=SURFACE_STYLE_FILL_AREA(#4893);
#4895=SURFACE_SIDE_STYLE('',(#4894));
#4896=SURFACE_STYLE_USAGE(.POSITIVE.,#4895);
#4897=FILL_AREA_STYLE_COLOUR('',#67);
#4898=FILL_AREA_STYLE('',(#4897));
#4899=SURFACE_STYLE_FILL_AREA(#4898);
#4900=SURFACE_SIDE_STYLE('',(#4899));
#4901=SURFACE_STYLE_USAGE(.NEGATIVE.,#4900);
#4902=PRESENTATION_STYLE_ASSIGNMENT((#4896,#4901));
#4903=OVER_RIDING_STYLED_ITEM('',(#4902),#4891,#71);
#4904=CARTESIAN_POINT('',(0.E0,0.E0,1.35E0));
#4905=DIRECTION('',(0.E0,0.E0,1.E0));
#4906=DIRECTION('',(1.E0,0.E0,0.E0));
#4907=AXIS2_PLACEMENT_3D('',#4904,#4905,#4906);
#4908=TOROIDAL_SURFACE('',#4907,2.35E0,1.5E-1);
#4909=ORIENTED_EDGE('',*,*,#4863,.T.);
#4911=ORIENTED_EDGE('',*,*,#4910,.F.);
#4912=ORIENTED_EDGE('',*,*,#4800,.T.);
#4914=ORIENTED_EDGE('',*,*,#4913,.T.);
#4915=EDGE_LOOP('',(#4909,#4911,#4912,#4914));
#4916=FACE_OUTER_BOUND('',#4915,.F.);
#4918=CARTESIAN_POINT('',(-1.452779466100E0,2.216287847478E0,1.35E0));
#4919=DIRECTION('',(0.E0,0.E0,1.E0));
#4920=DIRECTION('',(1.E0,0.E0,0.E0));
#4921=AXIS2_PLACEMENT_3D('',#4918,#4919,#4920);
#4922=TOROIDAL_SURFACE('',#4921,3.E-1,1.5E-1);
#4923=ORIENTED_EDGE('',*,*,#4802,.T.);
#4924=ORIENTED_EDGE('',*,*,#4910,.T.);
#4925=ORIENTED_EDGE('',*,*,#4887,.T.);
#4927=ORIENTED_EDGE('',*,*,#4926,.T.);
#4928=EDGE_LOOP('',(#4923,#4924,#4925,#4927));
#4929=FACE_OUTER_BOUND('',#4928,.F.);
#4931=CARTESIAN_POINT('',(-1.452779466100E0,2.216287847478E0,1.35E0));
#4932=DIRECTION('',(0.E0,0.E0,1.E0));
#4933=DIRECTION('',(1.E0,0.E0,0.E0));
#4934=AXIS2_PLACEMENT_3D('',#4931,#4932,#4933);
#4935=TOROIDAL_SURFACE('',#4934,3.E-1,1.5E-1);
#4936=ORIENTED_EDGE('',*,*,#4926,.F.);
#4937=ORIENTED_EDGE('',*,*,#4885,.T.);
#4939=ORIENTED_EDGE('',*,*,#4938,.F.);
#4940=ORIENTED_EDGE('',*,*,#4804,.T.);
#4941=EDGE_LOOP('',(#4936,#4937,#4939,#4940));
#4942=FACE_OUTER_BOUND('',#4941,.F.);
#4944=CARTESIAN_POINT('',(1.299038105677E-1,7.5E-2,1.35E0));
#4945=DIRECTION('',(5.E-1,-8.660254037844E-1,0.E0));
#4946=DIRECTION('',(8.660254037844E-1,5.E-1,0.E0));
#4947=AXIS2_PLACEMENT_3D('',#4944,#4945,#4946);
#4948=CYLINDRICAL_SURFACE('',#4947,1.5E-1);
#4949=ORIENTED_EDGE('',*,*,#4837,.T.);
#4950=ORIENTED_EDGE('',*,*,#4806,.T.);
#4951=ORIENTED_EDGE('',*,*,#4938,.T.);
#4952=ORIENTED_EDGE('',*,*,#4883,.T.);
#4953=EDGE_LOOP('',(#4949,#4950,#4951,#4952));
#4954=FACE_OUTER_BOUND('',#4953,.F.);
#4956=CARTESIAN_POINT('',(0.E0,0.E0,1.35E0));
#4957=DIRECTION('',(0.E0,0.E0,1.E0));
#4958=DIRECTION('',(1.E0,0.E0,0.E0));
#4959=AXIS2_PLACEMENT_3D('',#4956,#4957,#4958);
#4960=TOROIDAL_SURFACE('',#4959,2.35E0,1.5E-1);
#4961=ORIENTED_EDGE('',*,*,#4913,.F.);
#4962=ORIENTED_EDGE('',*,*,#4798,.T.);
#4964=ORIENTED_EDGE('',*,*,#4963,.T.);
#4965=ORIENTED_EDGE('',*,*,#4865,.T.);
#4966=EDGE_LOOP('',(#4961,#4962,#4964,#4965));
#4967=FACE_OUTER_BOUND('',#4966,.F.);
#4969=CARTESIAN_POINT('',(0.E0,0.E0,1.35E0));
#4970=DIRECTION('',(0.E0,0.E0,1.E0));
#4971=DIRECTION('',(1.E0,0.E0,0.E0));
#4972=AXIS2_PLACEMENT_3D('',#4969,#4970,#4971);
#4973=TOROIDAL_SURFACE('',#4972,2.35E0,1.5E-1);
#4974=ORIENTED_EDGE('',*,*,#4963,.F.);
#4975=ORIENTED_EDGE('',*,*,#4796,.T.);
#4977=ORIENTED_EDGE('',*,*,#4976,.T.);
#4978=ORIENTED_EDGE('',*,*,#4867,.T.);
#4979=EDGE_LOOP('',(#4974,#4975,#4977,#4978));
#4980=FACE_OUTER_BOUND('',#4979,.F.);
#4982=CARTESIAN_POINT('',(1.452779466100E0,2.216287847478E0,1.35E0));
#4983=DIRECTION('',(0.E0,0.E0,1.E0));
#4984=DIRECTION('',(1.E0,0.E0,0.E0));
#4985=AXIS2_PLACEMENT_3D('',#4982,#4983,#4984);
#4986=TOROIDAL_SURFACE('',#4985,3.E-1,1.5E-1);
#4988=ORIENTED_EDGE('',*,*,#4987,.F.);
#4989=ORIENTED_EDGE('',*,*,#4871,.T.);
#4990=ORIENTED_EDGE('',*,*,#4869,.T.);
#4991=ORIENTED_EDGE('',*,*,#4976,.F.);
#4992=ORIENTED_EDGE('',*,*,#4794,.T.);
#4993=ORIENTED_EDGE('',*,*,#4792,.T.);
#4994=EDGE_LOOP('',(#4988,#4989,#4990,#4991,#4992,#4993));
#4995=FACE_OUTER_BOUND('',#4994,.F.);
#4997=CARTESIAN_POINT('',(-1.299038105677E-1,7.5E-2,1.35E0));
#4998=DIRECTION('',(5.E-1,8.660254037844E-1,0.E0));
#4999=DIRECTION('',(-8.660254037844E-1,5.E-1,0.E0));
#5000=AXIS2_PLACEMENT_3D('',#4997,#4998,#4999);
#5001=CYLINDRICAL_SURFACE('',#5000,1.5E-1);
#5002=ORIENTED_EDGE('',*,*,#4987,.T.);
#5003=ORIENTED_EDGE('',*,*,#4790,.T.);
#5005=ORIENTED_EDGE('',*,*,#5004,.T.);
#5006=ORIENTED_EDGE('',*,*,#4873,.T.);
#5007=EDGE_LOOP('',(#5002,#5003,#5005,#5006));
#5008=FACE_OUTER_BOUND('',#5007,.F.);
#5010=CARTESIAN_POINT('',(1.552928757643E0,2.389751508773E0,1.35E0));
#5011=DIRECTION('',(0.E0,0.E0,1.E0));
#5012=DIRECTION('',(1.E0,0.E0,0.E0));
#5013=AXIS2_PLACEMENT_3D('',#5010,#5011,#5012);
#5014=TOROIDAL_SURFACE('',#5013,3.E-1,1.5E-1);
#5015=ORIENTED_EDGE('',*,*,#5004,.F.);
#5016=ORIENTED_EDGE('',*,*,#4788,.T.);
#5018=ORIENTED_EDGE('',*,*,#5017,.F.);
#5019=ORIENTED_EDGE('',*,*,#4875,.T.);
#5020=EDGE_LOOP('',(#5015,#5016,#5018,#5019));
#5021=FACE_OUTER_BOUND('',#5020,.F.);
#5023=CARTESIAN_POINT('',(0.E0,0.E0,1.35E0));
#5024=DIRECTION('',(0.E0,0.E0,1.E0));
#5025=DIRECTION('',(1.E0,0.E0,0.E0));
#5026=AXIS2_PLACEMENT_3D('',#5023,#5024,#5025);
#5027=TOROIDAL_SURFACE('',#5026,3.15E0,1.5E-1);
#5029=ORIENTED_EDGE('',*,*,#5028,.F.);
#5030=ORIENTED_EDGE('',*,*,#4877,.T.);
#5031=ORIENTED_EDGE('',*,*,#5017,.T.);
#5032=ORIENTED_EDGE('',*,*,#4786,.T.);
#5033=EDGE_LOOP('',(#5029,#5030,#5031,#5032));
#5034=FACE_OUTER_BOUND('',#5033,.F.);
#5036=CARTESIAN_POINT('',(0.E0,0.E0,1.35E0));
#5037=DIRECTION('',(0.E0,0.E0,1.E0));
#5038=DIRECTION('',(1.E0,0.E0,0.E0));
#5039=AXIS2_PLACEMENT_3D('',#5036,#5037,#5038);
#5040=TOROIDAL_SURFACE('',#5039,3.15E0,1.5E-1);
#5041=ORIENTED_EDGE('',*,*,#4853,.F.);
#5042=ORIENTED_EDGE('',*,*,#4879,.T.);
#5043=ORIENTED_EDGE('',*,*,#5028,.T.);
#5044=ORIENTED_EDGE('',*,*,#4784,.T.);
#5045=EDGE_LOOP('',(#5041,#5042,#5043,#5044));
#5046=FACE_OUTER_BOUND('',#5045,.F.);
#5048=CARTESIAN_POINT('',(-1.E-1,3.85E0,1.35E0));
#5049=DIRECTION('',(0.E0,0.E0,1.E0));
#5050=DIRECTION('',(1.E0,0.E0,0.E0));
#5051=AXIS2_PLACEMENT_3D('',#5048,#5049,#5050);
#5052=TOROIDAL_SURFACE('',#5051,3.E-1,1.5E-1);
#5054=ORIENTED_EDGE('',*,*,#5053,.F.);
#5055=ORIENTED_EDGE('',*,*,#4810,.T.);
#5057=ORIENTED_EDGE('',*,*,#5056,.F.);
#5059=ORIENTED_EDGE('',*,*,#5058,.T.);
#5060=EDGE_LOOP('',(#5054,#5055,#5057,#5059));
#5061=FACE_OUTER_BOUND('',#5060,.F.);
#5063=CARTESIAN_POINT('',(-4.E-1,0.E0,1.35E0));
#5064=DIRECTION('',(0.E0,1.E0,0.E0));
#5065=DIRECTION('',(0.E0,0.E0,1.E0));
#5066=AXIS2_PLACEMENT_3D('',#5063,#5064,#5065);
#5067=CYLINDRICAL_SURFACE('',#5066,1.5E-1);
#5069=ORIENTED_EDGE('',*,*,#5068,.T.);
#5070=ORIENTED_EDGE('',*,*,#4812,.F.);
#5071=ORIENTED_EDGE('',*,*,#5053,.T.);
#5073=ORIENTED_EDGE('',*,*,#5072,.F.);
#5074=EDGE_LOOP('',(#5069,#5070,#5071,#5073));
#5075=FACE_OUTER_BOUND('',#5074,.F.);
#5077=CARTESIAN_POINT('',(-1.E-1,1.5E-1,1.35E0));
#5078=DIRECTION('',(0.E0,0.E0,1.E0));
#5079=DIRECTION('',(1.E0,0.E0,0.E0));
#5080=AXIS2_PLACEMENT_3D('',#5077,#5078,#5079);
#5081=TOROIDAL_SURFACE('',#5080,3.E-1,1.5E-1);
#5083=ORIENTED_EDGE('',*,*,#5082,.F.);
#5084=ORIENTED_EDGE('',*,*,#4814,.T.);
#5085=ORIENTED_EDGE('',*,*,#5068,.F.);
#5087=ORIENTED_EDGE('',*,*,#5086,.T.);
#5088=EDGE_LOOP('',(#5083,#5084,#5085,#5087));
#5089=FACE_OUTER_BOUND('',#5088,.F.);
#5091=CARTESIAN_POINT('',(0.E0,-1.5E-1,1.35E0));
#5092=DIRECTION('',(-1.E0,0.E0,0.E0));
#5093=DIRECTION('',(0.E0,0.E0,1.E0));
#5094=AXIS2_PLACEMENT_3D('',#5091,#5092,#5093);
#5095=CYLINDRICAL_SURFACE('',#5094,1.5E-1);
#5096=ORIENTED_EDGE('',*,*,#5082,.T.);
#5098=ORIENTED_EDGE('',*,*,#5097,.F.);
#5100=ORIENTED_EDGE('',*,*,#5099,.T.);
#5101=ORIENTED_EDGE('',*,*,#4816,.F.);
#5102=EDGE_LOOP('',(#5096,#5098,#5100,#5101));
#5103=FACE_OUTER_BOUND('',#5102,.F.);
#5105=CARTESIAN_POINT('',(0.E0,0.E0,1.35E0));
#5106=DIRECTION('',(0.E0,0.E0,1.E0));
#5107=DIRECTION('',(1.E0,0.E0,0.E0));
#5108=AXIS2_PLACEMENT_3D('',#5105,#5106,#5107);
#5109=PLANE('',#5108);
#5111=ORIENTED_EDGE('',*,*,#5110,.T.);
#5113=ORIENTED_EDGE('',*,*,#5112,.F.);
#5115=ORIENTED_EDGE('',*,*,#5114,.T.);
#5117=ORIENTED_EDGE('',*,*,#5116,.F.);
#5118=ORIENTED_EDGE('',*,*,#5097,.T.);
#5119=ORIENTED_EDGE('',*,*,#5086,.F.);
#5120=ORIENTED_EDGE('',*,*,#5072,.T.);
#5121=ORIENTED_EDGE('',*,*,#5058,.F.);
#5122=EDGE_LOOP('',(#5111,#5113,#5115,#5117,#5118,#5119,#5120,#5121));
#5123=FACE_OUTER_BOUND('',#5122,.F.);
#5125=FILL_AREA_STYLE_COLOUR('',#6);
#5126=FILL_AREA_STYLE('',(#5125));
#5127=SURFACE_STYLE_FILL_AREA(#5126);
#5128=SURFACE_SIDE_STYLE('',(#5127));
#5129=SURFACE_STYLE_USAGE(.POSITIVE.,#5128);
#5130=FILL_AREA_STYLE_COLOUR('',#67);
#5131=FILL_AREA_STYLE('',(#5130));
#5132=SURFACE_STYLE_FILL_AREA(#5131);
#5133=SURFACE_SIDE_STYLE('',(#5132));
#5134=SURFACE_STYLE_USAGE(.NEGATIVE.,#5133);
#5135=PRESENTATION_STYLE_ASSIGNMENT((#5129,#5134));
#5136=OVER_RIDING_STYLED_ITEM('',(#5135),#5124,#71);
#5137=CARTESIAN_POINT('',(0.E0,4.15E0,1.35E0));
#5138=DIRECTION('',(1.E0,0.E0,0.E0));
#5139=DIRECTION('',(0.E0,0.E0,-1.E0));
#5140=AXIS2_PLACEMENT_3D('',#5137,#5138,#5139);
#5141=CYLINDRICAL_SURFACE('',#5140,1.5E-1);
#5143=ORIENTED_EDGE('',*,*,#5142,.T.);
#5144=ORIENTED_EDGE('',*,*,#5110,.F.);
#5145=ORIENTED_EDGE('',*,*,#5056,.T.);
#5146=ORIENTED_EDGE('',*,*,#4824,.F.);
#5147=EDGE_LOOP('',(#5143,#5144,#5145,#5146));
#5148=FACE_OUTER_BOUND('',#5147,.F.);
#5150=CARTESIAN_POINT('',(1.E-1,3.85E0,1.35E0));
#5151=DIRECTION('',(0.E0,0.E0,1.E0));
#5152=DIRECTION('',(1.E0,0.E0,0.E0));
#5153=AXIS2_PLACEMENT_3D('',#5150,#5151,#5152);
#5154=TOROIDAL_SURFACE('',#5153,3.E-1,1.5E-1);
#5156=ORIENTED_EDGE('',*,*,#5155,.F.);
#5157=ORIENTED_EDGE('',*,*,#5112,.T.);
#5158=ORIENTED_EDGE('',*,*,#5142,.F.);
#5159=ORIENTED_EDGE('',*,*,#4822,.T.);
#5160=EDGE_LOOP('',(#5156,#5157,#5158,#5159));
#5161=FACE_OUTER_BOUND('',#5160,.F.);
#5163=CARTESIAN_POINT('',(4.E-1,0.E0,1.35E0));
#5164=DIRECTION('',(0.E0,-1.E0,0.E0));
#5165=DIRECTION('',(0.E0,0.E0,-1.E0));
#5166=AXIS2_PLACEMENT_3D('',#5163,#5164,#5165);
#5167=CYLINDRICAL_SURFACE('',#5166,1.5E-1);
#5169=ORIENTED_EDGE('',*,*,#5168,.T.);
#5170=ORIENTED_EDGE('',*,*,#5114,.F.);
#5171=ORIENTED_EDGE('',*,*,#5155,.T.);
#5172=ORIENTED_EDGE('',*,*,#4820,.F.);
#5173=EDGE_LOOP('',(#5169,#5170,#5171,#5172));
#5174=FACE_OUTER_BOUND('',#5173,.F.);
#5176=CARTESIAN_POINT('',(1.E-1,1.5E-1,1.35E0));
#5177=DIRECTION('',(0.E0,0.E0,1.E0));
#5178=DIRECTION('',(1.E0,0.E0,0.E0));
#5179=AXIS2_PLACEMENT_3D('',#5176,#5177,#5178);
#5180=TOROIDAL_SURFACE('',#5179,3.E-1,1.5E-1);
#5181=ORIENTED_EDGE('',*,*,#5099,.F.);
#5182=ORIENTED_EDGE('',*,*,#5116,.T.);
#5183=ORIENTED_EDGE('',*,*,#5168,.F.);
#5184=ORIENTED_EDGE('',*,*,#4818,.T.);
#5185=EDGE_LOOP('',(#5181,#5182,#5183,#5184));
#5186=FACE_OUTER_BOUND('',#5185,.F.);
#5190=FILL_AREA_STYLE_COLOUR('',#67);
#5191=FILL_AREA_STYLE('',(#5190));
#5192=SURFACE_STYLE_FILL_AREA(#5191);
#5193=SURFACE_SIDE_STYLE('',(#5192));
#5194=SURFACE_STYLE_USAGE(.BOTH.,#5193);
#5195=PRESENTATION_STYLE_ASSIGNMENT((#5194));
#71=STYLED_ITEM('',(#5195),#5189);
#5196=PRESENTATION_LAYER_ASSIGNMENT('INTFCLR_5230','',(#71,#2636,#2651,#2666,
#2680,#2695,#2708,#2723,#2738,#2752,#2764,#2780,#2795,#2810,#2824,#2836,#2851,
#2866,#2881,#2895,#2908,#2920,#2935,#2950,#2977,#3040,#3065,#3090,#3114,#3129,
#3156,#3203,#3230,#3264,#3288,#3313,#3338,#3366,#3394,#3422,#3447,#3474,#3521,
#3548,#3594,#3618,#3643,#3668,#3693,#3717,#3741,#3767,#3792,#3818,#3843,#3867,
#3893,#3917,#3941,#3968,#4011,#4038,#4064,#4089,#4129,#4154,#4179,#4203,#4227,
#4255,#4281,#4324,#4351,#4377,#4402,#4442,#4467,#4492,#4517,#4541,#4565,#4589,
#4613,#4638,#4662,#4686,#4701,#4714,#4730,#4757,#4770,#4828,#4843,#4857,#4891,
#4917,#4930,#4943,#4955,#4968,#4981,#4996,#5009,#5022,#5035,#5047,#5062,#5076,
#5090,#5104,#5124,#5149,#5162,#5175,#5187));
#5197=PRESENTATION_LAYER_ASSIGNMENT('NONE_1','',(#71,#2636,#2651,#2666,#2680,
#2695,#2708,#2723,#2738,#2752,#2764,#2780,#2795,#2810,#2824,#2836,#2851,#2866,
#2881,#2895,#2908,#2920,#2935,#2950,#2977,#3040,#3065,#3090,#3114,#3129,#3156,
#3203,#3230,#3264,#3288,#3313,#3338,#3366,#3394,#3422,#3447,#3474,#3521,#3548,
#3594,#3618,#3643,#3668,#3693,#3717,#3741,#3767,#3792,#3818,#3843,#3867,#3893,
#3917,#3941,#3968,#4011,#4038,#4064,#4089,#4129,#4154,#4179,#4203,#4227,#4255,
#4281,#4324,#4351,#4377,#4402,#4442,#4467,#4492,#4517,#4541,#4565,#4589,#4613,
#4638,#4662,#4686,#4701,#4714,#4730,#4757,#4770,#4828,#4843,#4857,#4891,#4917,
#4930,#4943,#4955,#4968,#4981,#4996,#5009,#5022,#5035,#5047,#5062,#5076,#5090,
#5104,#5124,#5149,#5162,#5175,#5187));
#5200=PLANE_ANGLE_MEASURE_WITH_UNIT(PLANE_ANGLE_MEASURE(1.745329251994E-2),
#5199);
#5201=(CONVERSION_BASED_UNIT('DEGREE',#5200)NAMED_UNIT(*)PLANE_ANGLE_UNIT());
#5203=UNCERTAINTY_MEASURE_WITH_UNIT(LENGTH_MEASURE(3.993184729200E-3),#5198,
'distance_accuracy_value',
'Maximum model space distance between geometric entities at asserted connectivities');
#5205=CARTESIAN_POINT('',(0.E0,0.E0,0.E0));
#5206=DIRECTION('',(0.E0,0.E0,1.E0));
#5207=DIRECTION('',(1.E0,0.E0,0.E0));
#5210=APPLICATION_CONTEXT('automotive_design');
#5211=APPLICATION_PROTOCOL_DEFINITION('international standard',
'automotive_design',2001,#5210);
#5212=PRODUCT_DEFINITION_CONTEXT('part definition',#5210,'design');
#5213=PRODUCT_CONTEXT('',#5210,'mechanical');
#5214=PRODUCT('NUT_AN','NUT_AN','NOT SPECIFIED',(#5213));
#5215=PRODUCT_DEFINITION_FORMATION('6','LAST_VERSION',#5214);
#5223=DERIVED_UNIT_ELEMENT(#5222,2.E0);
#5224=DERIVED_UNIT((#5223));
#5225=MEASURE_REPRESENTATION_ITEM('surface area measure',AREA_MEASURE(
2.021345578896E3),#5224);
#5230=DERIVED_UNIT_ELEMENT(#5229,3.E0);
#5231=DERIVED_UNIT((#5230));
#5232=MEASURE_REPRESENTATION_ITEM('volume measure',VOLUME_MEASURE(
5.140155220576E3),#5231);
#5236=CARTESIAN_POINT('centre point',(2.266423779407E-8,-8.125866673490E-6,
-1.185844809837E1));
#5241=DERIVED_UNIT_ELEMENT(#5240,2.E0);
#5242=DERIVED_UNIT((#5241));
#5243=MEASURE_REPRESENTATION_ITEM('surface area measure',AREA_MEASURE(
2.021345578896E3),#5242);
#5248=DERIVED_UNIT_ELEMENT(#5247,3.E0);
#5249=DERIVED_UNIT((#5248));
#5250=MEASURE_REPRESENTATION_ITEM('volume measure',VOLUME_MEASURE(
5.140155220576E3),#5249);
#5254=CARTESIAN_POINT('centre point',(2.266423779407E-8,-8.125866673490E-6,
-1.185844809837E1));
#5264=CARTESIAN_POINT('centre point',(2.266423779407E-8,-8.125866673490E-6,
-1.185844809837E1));
#5268=CARTESIAN_POINT('',(0.E0,0.E0,0.E0));
#5269=DIRECTION('',(0.E0,0.E0,1.E0));
#5270=DIRECTION('',(1.E0,0.E0,0.E0));
#5271=AXIS2_PLACEMENT_3D('',#5268,#5269,#5270);
#5272=ITEM_DEFINED_TRANSFORMATION('','',#5208,#5271);
#5273=(REPRESENTATION_RELATIONSHIP('','',#5209,#5261)REPRESENTATION_RELATIONSHIP_WITH_TRANSFORMATION(#5272)SHAPE_REPRESENTATION_RELATIONSHIP());
#5274=CONTEXT_DEPENDENT_SHAPE_REPRESENTATION(#5273,#5263);
#5275=DIRECTION('',(0.E0,0.E0,-1.E0));
#5276=VECTOR('',#5275,1.302988447936E0);
#5277=CARTESIAN_POINT('',(0.E0,-1.096965511460E1,-3.648505776032E0));
#5278=LINE('',#5277,#5276);
#5279=CARTESIAN_POINT('',(9.5E0,0.E0,-5.8E0));
#5280=CARTESIAN_POINT('',(9.5E0,-3.609433028929E-1,-5.8E0));
#5281=CARTESIAN_POINT('',(9.5E0,-1.085305012153E0,-5.776126214251E0));
#5282=CARTESIAN_POINT('',(9.5E0,-2.181027143616E0,-5.668577850337E0));
#5283=CARTESIAN_POINT('',(9.5E0,-3.280666414253E0,-5.492626618732E0));
#5284=CARTESIAN_POINT('',(9.5E0,-4.383874789176E0,-5.253289237043E0));
#5285=CARTESIAN_POINT('',(9.5E0,-5.117622058159E0,-5.057497320857E0));
#5286=CARTESIAN_POINT('',(9.5E0,-5.484827557301E0,-4.951494223968E0));
#5288=CARTESIAN_POINT('',(9.5E0,-5.484827557301E0,-4.951494223968E0));
#5289=CARTESIAN_POINT('',(9.179651684318E0,-5.669780743595E0,
-5.058276995862E0));
#5290=CARTESIAN_POINT('',(8.541141396627E0,-6.038424830074E0,
-5.254890771864E0));
#5291=CARTESIAN_POINT('',(7.588288848065E0,-6.588554505484E0,
-5.493211756641E0));
#5292=CARTESIAN_POINT('',(6.639321807170E0,-7.136440881997E0,
-5.668382657386E0));
#5293=CARTESIAN_POINT('',(5.692300181810E0,-7.683204072327E0,
-5.775932105161E0));
#5294=CARTESIAN_POINT('',(5.063720491623E0,-8.046114725663E0,-5.8E0));
#5295=CARTESIAN_POINT('',(4.75E0,-8.227241335952E0,-5.8E0));
#5297=DIRECTION('',(0.E0,0.E0,-1.E0));
#5298=VECTOR('',#5297,1.302988447936E0);
#5299=CARTESIAN_POINT('',(9.5E0,-5.484827557301E0,-3.648505776032E0));
#5300=LINE('',#5299,#5298);
#5301=CARTESIAN_POINT('',(4.75E0,8.227241335952E0,-5.8E0));
#5302=CARTESIAN_POINT('',(5.062955257933E0,8.046556533540E0,-5.8E0));
#5303=CARTESIAN_POINT('',(5.690396757430E0,7.684303014905E0,-5.776122652511E0));
#5304=CARTESIAN_POINT('',(6.638512557772E0,7.136908102355E0,-5.668579813772E0));
#5305=CARTESIAN_POINT('',(7.586500629804E0,6.589586933778E0,-5.493551605590E0));
#5306=CARTESIAN_POINT('',(8.540818226919E0,6.038611412191E0,-5.254993452878E0));
#5307=CARTESIAN_POINT('',(9.179538564784E0,5.669846053188E0,-5.058314702374E0));
#5308=CARTESIAN_POINT('',(9.5E0,5.484827557301E0,-4.951494223968E0));
#5310=CARTESIAN_POINT('',(9.5E0,5.484827557301E0,-4.951494223968E0));
#5311=CARTESIAN_POINT('',(9.5E0,5.113040527884E0,-5.058819894726E0));
#5312=CARTESIAN_POINT('',(9.5E0,4.371933695817E0,-5.256433402960E0));
#5313=CARTESIAN_POINT('',(9.5E0,3.264105526764E0,-5.495841307033E0));
#5314=CARTESIAN_POINT('',(9.5E0,2.163532499076E0,-5.670783601527E0));
#5315=CARTESIAN_POINT('',(9.5E0,1.070514858342E0,-5.776789148462E0));
#5316=CARTESIAN_POINT('',(9.5E0,3.550862620102E-1,-5.8E0));
#5317=CARTESIAN_POINT('',(9.5E0,0.E0,-5.8E0));
#5319=DIRECTION('',(0.E0,0.E0,-1.E0));
#5320=VECTOR('',#5319,1.302988447936E0);
#5321=CARTESIAN_POINT('',(9.5E0,5.484827557301E0,-3.648505776032E0));
#5322=LINE('',#5321,#5320);
#5323=CARTESIAN_POINT('',(-4.75E0,8.227241335952E0,-5.8E0));
#5324=CARTESIAN_POINT('',(-4.437044742067E0,8.407926138364E0,-5.8E0));
#5325=CARTESIAN_POINT('',(-3.809603242570E0,8.770179656999E0,
-5.776122652511E0));
#5326=CARTESIAN_POINT('',(-2.861487442228E0,9.317574569550E0,
-5.668579813772E0));
#5327=CARTESIAN_POINT('',(-1.913499370196E0,9.864895738126E0,
-5.493551605590E0));
#5328=CARTESIAN_POINT('',(-9.591817730807E-1,1.041587125971E1,
-5.254993452878E0));
#5329=CARTESIAN_POINT('',(-3.204614352163E-1,1.078463661872E1,
-5.058314702374E0));
#5330=CARTESIAN_POINT('',(0.E0,1.096965511460E1,-4.951494223968E0));
#5332=CARTESIAN_POINT('',(0.E0,1.096965511460E1,-4.951494223968E0));
#5333=CARTESIAN_POINT('',(3.203483156822E-1,1.078470192831E1,
-5.058276995862E0));
#5334=CARTESIAN_POINT('',(9.588586033734E-1,1.041605784183E1,
-5.254890771864E0));
#5335=CARTESIAN_POINT('',(1.911711151935E0,9.865928166420E0,-5.493211756641E0));
#5336=CARTESIAN_POINT('',(2.860678192830E0,9.318041789907E0,-5.668382657386E0));
#5337=CARTESIAN_POINT('',(3.807699818190E0,8.771278599578E0,-5.775932105161E0));
#5338=CARTESIAN_POINT('',(4.436279508377E0,8.408367946241E0,-5.8E0));
#5339=CARTESIAN_POINT('',(4.75E0,8.227241335952E0,-5.8E0));
#5341=DIRECTION('',(0.E0,0.E0,-1.E0));
#5342=VECTOR('',#5341,1.302988447936E0);
#5343=CARTESIAN_POINT('',(0.E0,1.096965511460E1,-3.648505776032E0));
#5344=LINE('',#5343,#5342);
#5345=CARTESIAN_POINT('',(-9.5E0,0.E0,-5.8E0));
#5346=CARTESIAN_POINT('',(-9.5E0,3.550209711826E-1,-5.8E0));
#5347=CARTESIAN_POINT('',(-9.5E0,1.070345476719E0,-5.776797688322E0));
#5348=CARTESIAN_POINT('',(-9.5E0,2.163287184943E0,-5.670814464778E0));
#5349=CARTESIAN_POINT('',(-9.5E0,3.263862302849E0,-5.495888037570E0));
#5350=CARTESIAN_POINT('',(-9.5E0,4.371770401615E0,-5.256474963023E0));
#5351=CARTESIAN_POINT('',(-9.5E0,5.112978235539E0,-5.058837876977E0));
#5352=CARTESIAN_POINT('',(-9.5E0,5.484827557301E0,-4.951494223968E0));
#5354=CARTESIAN_POINT('',(-9.5E0,5.484827557301E0,-4.951494223968E0));
#5355=CARTESIAN_POINT('',(-9.179651684318E0,5.669780743595E0,
-5.058276995862E0));
#5356=CARTESIAN_POINT('',(-8.541141396627E0,6.038424830074E0,
-5.254890771864E0));
#5357=CARTESIAN_POINT('',(-7.588288848065E0,6.588554505484E0,
-5.493211756641E0));
#5358=CARTESIAN_POINT('',(-6.639321807170E0,7.136440881997E0,
-5.668382657386E0));
#5359=CARTESIAN_POINT('',(-5.692300181810E0,7.683204072327E0,
-5.775932105161E0));
#5360=CARTESIAN_POINT('',(-5.063720491623E0,8.046114725663E0,-5.8E0));
#5361=CARTESIAN_POINT('',(-4.75E0,8.227241335952E0,-5.8E0));
#5363=DIRECTION('',(0.E0,0.E0,-1.E0));
#5364=VECTOR('',#5363,1.302988447936E0);
#5365=CARTESIAN_POINT('',(-9.5E0,5.484827557301E0,-3.648505776032E0));
#5366=LINE('',#5365,#5364);
#5367=CARTESIAN_POINT('',(-4.75E0,-8.227241335952E0,-5.8E0));
#5368=CARTESIAN_POINT('',(-5.062955257933E0,-8.046556533540E0,-5.8E0));
#5369=CARTESIAN_POINT('',(-5.690396757430E0,-7.684303014905E0,
-5.776122652511E0));
#5370=CARTESIAN_POINT('',(-6.638512557772E0,-7.136908102355E0,
-5.668579813772E0));
#5371=CARTESIAN_POINT('',(-7.586500629804E0,-6.589586933778E0,
-5.493551605590E0));
#5372=CARTESIAN_POINT('',(-8.540818226919E0,-6.038611412191E0,
-5.254993452878E0));
#5373=CARTESIAN_POINT('',(-9.179538564784E0,-5.669846053189E0,
-5.058314702374E0));
#5374=CARTESIAN_POINT('',(-9.5E0,-5.484827557301E0,-4.951494223968E0));
#5376=CARTESIAN_POINT('',(-9.5E0,-5.484827557301E0,-4.951494223968E0));
#5377=CARTESIAN_POINT('',(-9.5E0,-5.117586655647E0,-5.057507540682E0));
#5378=CARTESIAN_POINT('',(-9.5E0,-4.383782054844E0,-5.253312900622E0));
#5379=CARTESIAN_POINT('',(-9.5E0,-3.280529921427E0,-5.492652941196E0));
#5380=CARTESIAN_POINT('',(-9.5E0,-2.180888489467E0,-5.668595435714E0));
#5381=CARTESIAN_POINT('',(-9.5E0,-1.085209850291E0,-5.776131085384E0));
#5382=CARTESIAN_POINT('',(-9.5E0,-3.609066155664E-1,-5.8E0));
#5383=CARTESIAN_POINT('',(-9.5E0,0.E0,-5.8E0));
#5385=DIRECTION('',(0.E0,0.E0,-1.E0));
#5386=VECTOR('',#5385,1.302988447936E0);
#5387=CARTESIAN_POINT('',(-9.5E0,-5.484827557301E0,-3.648505776032E0));
#5388=LINE('',#5387,#5386);
#5389=CARTESIAN_POINT('',(0.E0,-1.096965511460E1,-4.951494223968E0));
#5390=CARTESIAN_POINT('',(-3.203483156823E-1,-1.078470192831E1,
-5.058276995862E0));
#5391=CARTESIAN_POINT('',(-9.588586033734E-1,-1.041605784183E1,
-5.254890771864E0));
#5392=CARTESIAN_POINT('',(-1.911711151935E0,-9.865928166420E0,
-5.493211756641E0));
#5393=CARTESIAN_POINT('',(-2.860678192830E0,-9.318041789907E0,
-5.668382657386E0));
#5394=CARTESIAN_POINT('',(-3.807699818190E0,-8.771278599578E0,
-5.775932105161E0));
#5395=CARTESIAN_POINT('',(-4.436279508377E0,-8.408367946241E0,-5.8E0));
#5396=CARTESIAN_POINT('',(-4.75E0,-8.227241335952E0,-5.8E0));
#5398=CARTESIAN_POINT('',(4.75E0,-8.227241335952E0,-5.8E0));
#5399=CARTESIAN_POINT('',(4.437044742067E0,-8.407926138364E0,-5.8E0));
#5400=CARTESIAN_POINT('',(3.809603242570E0,-8.770179656999E0,
-5.776122652511E0));
#5401=CARTESIAN_POINT('',(2.861487442228E0,-9.317574569550E0,
-5.668579813772E0));
#5402=CARTESIAN_POINT('',(1.913499370196E0,-9.864895738126E0,
-5.493551605590E0));
#5403=CARTESIAN_POINT('',(9.591817730807E-1,-1.041587125971E1,
-5.254993452878E0));
#5404=CARTESIAN_POINT('',(3.204614352163E-1,-1.078463661872E1,
-5.058314702374E0));
#5405=CARTESIAN_POINT('',(0.E0,-1.096965511460E1,-4.951494223968E0));
#5407=CARTESIAN_POINT('',(0.E0,0.E0,-5.8E0));
#5408=DIRECTION('',(0.E0,0.E0,-1.E0));
#5409=DIRECTION('',(-5.E-1,-8.660254037844E-1,0.E0));
#5410=AXIS2_PLACEMENT_3D('',#5407,#5408,#5409);
#5412=CARTESIAN_POINT('',(0.E0,0.E0,-5.8E0));
#5413=DIRECTION('',(0.E0,0.E0,-1.E0));
#5414=DIRECTION('',(5.E-1,-8.660254037844E-1,0.E0));
#5415=AXIS2_PLACEMENT_3D('',#5412,#5413,#5414);
#5417=CARTESIAN_POINT('',(0.E0,0.E0,-5.8E0));
#5418=DIRECTION('',(0.E0,0.E0,-1.E0));
#5419=DIRECTION('',(1.E0,0.E0,0.E0));
#5420=AXIS2_PLACEMENT_3D('',#5417,#5418,#5419);
#5422=CARTESIAN_POINT('',(0.E0,0.E0,-5.8E0));
#5423=DIRECTION('',(0.E0,0.E0,-1.E0));
#5424=DIRECTION('',(5.E-1,8.660254037844E-1,0.E0));
#5425=AXIS2_PLACEMENT_3D('',#5422,#5423,#5424);
#5427=CARTESIAN_POINT('',(0.E0,0.E0,-5.8E0));
#5428=DIRECTION('',(0.E0,0.E0,-1.E0));
#5429=DIRECTION('',(-5.E-1,8.660254037844E-1,0.E0));
#5430=AXIS2_PLACEMENT_3D('',#5427,#5428,#5429);
#5432=CARTESIAN_POINT('',(0.E0,0.E0,-5.8E0));
#5433=DIRECTION('',(0.E0,0.E0,-1.E0));
#5434=DIRECTION('',(-1.E0,0.E0,0.E0));
#5435=AXIS2_PLACEMENT_3D('',#5432,#5433,#5434);
#5437=CARTESIAN_POINT('',(0.E0,0.E0,-5.8E0));
#5438=DIRECTION('',(0.E0,0.E0,1.E0));
#5439=DIRECTION('',(-1.E0,0.E0,0.E0));
#5440=AXIS2_PLACEMENT_3D('',#5437,#5438,#5439);
#5442=CARTESIAN_POINT('',(0.E0,0.E0,-5.8E0));
#5443=DIRECTION('',(0.E0,0.E0,1.E0));
#5444=DIRECTION('',(1.E0,0.E0,0.E0));
#5445=AXIS2_PLACEMENT_3D('',#5442,#5443,#5444);
#5447=CARTESIAN_POINT('',(0.E0,0.E0,-5.366987298108E0));
#5448=DIRECTION('',(0.E0,0.E0,1.E0));
#5449=DIRECTION('',(-1.E0,0.E0,0.E0));
#5450=AXIS2_PLACEMENT_3D('',#5447,#5448,#5449);
#5452=DIRECTION('',(8.660254037844E-1,0.E0,5.E-1));
#5453=VECTOR('',#5452,8.660254037844E-1);
#5454=CARTESIAN_POINT('',(-8.25E0,0.E0,-5.8E0));
#5455=LINE('',#5454,#5453);
#5456=DIRECTION('',(0.E0,0.E0,-1.E0));
#5457=VECTOR('',#5456,2.133974596216E0);
#5458=CARTESIAN_POINT('',(7.5E0,0.E0,-3.233012701892E0));
#5459=LINE('',#5458,#5457);
#5460=DIRECTION('',(0.E0,0.E0,-1.E0));
#5461=VECTOR('',#5460,2.133974596216E0);
#5462=CARTESIAN_POINT('',(-7.5E0,0.E0,-3.233012701892E0));
#5463=LINE('',#5462,#5461);
#5464=DIRECTION('',(8.660254037844E-1,0.E0,-5.E-1));
#5465=VECTOR('',#5464,8.660254037844E-1);
#5466=CARTESIAN_POINT('',(-8.25E0,0.E0,-2.8E0));
#5467=LINE('',#5466,#5465);
#5468=CARTESIAN_POINT('',(0.E0,0.E0,-3.233012701892E0));
#5469=DIRECTION('',(0.E0,0.E0,-1.E0));
#5470=DIRECTION('',(-1.E0,0.E0,0.E0));
#5471=AXIS2_PLACEMENT_3D('',#5468,#5469,#5470);
#5473=CARTESIAN_POINT('',(0.E0,0.E0,-3.233012701892E0));
#5474=DIRECTION('',(0.E0,0.E0,-1.E0));
#5475=DIRECTION('',(1.E0,0.E0,0.E0));
#5476=AXIS2_PLACEMENT_3D('',#5473,#5474,#5475);
#5478=DIRECTION('',(-8.660254037844E-1,0.E0,-5.E-1));
#5479=VECTOR('',#5478,8.660254037844E-1);
#5480=CARTESIAN_POINT('',(8.25E0,0.E0,-2.8E0));
#5481=LINE('',#5480,#5479);
#5482=CARTESIAN_POINT('',(0.E0,0.E0,-2.8E0));
#5483=DIRECTION('',(0.E0,0.E0,1.E0));
#5484=DIRECTION('',(-5.E-1,8.660254037844E-1,0.E0));
#5485=AXIS2_PLACEMENT_3D('',#5482,#5483,#5484);
#5487=CARTESIAN_POINT('',(0.E0,0.E0,-2.8E0));
#5488=DIRECTION('',(0.E0,0.E0,1.E0));
#5489=DIRECTION('',(5.E-1,8.660254037844E-1,0.E0));
#5490=AXIS2_PLACEMENT_3D('',#5487,#5488,#5489);
#5492=CARTESIAN_POINT('',(0.E0,0.E0,-2.8E0));
#5493=DIRECTION('',(0.E0,0.E0,1.E0));
#5494=DIRECTION('',(1.E0,0.E0,0.E0));
#5495=AXIS2_PLACEMENT_3D('',#5492,#5493,#5494);
#5497=CARTESIAN_POINT('',(0.E0,0.E0,-2.8E0));
#5498=DIRECTION('',(0.E0,0.E0,1.E0));
#5499=DIRECTION('',(5.E-1,-8.660254037844E-1,0.E0));
#5500=AXIS2_PLACEMENT_3D('',#5497,#5498,#5499);
#5502=CARTESIAN_POINT('',(0.E0,0.E0,-2.8E0));
#5503=DIRECTION('',(0.E0,0.E0,1.E0));
#5504=DIRECTION('',(-5.E-1,-8.660254037844E-1,0.E0));
#5505=AXIS2_PLACEMENT_3D('',#5502,#5503,#5504);
#5507=CARTESIAN_POINT('',(0.E0,0.E0,-2.8E0));
#5508=DIRECTION('',(0.E0,0.E0,1.E0));
#5509=DIRECTION('',(-1.E0,0.E0,0.E0));
#5510=AXIS2_PLACEMENT_3D('',#5507,#5508,#5509);
#5512=CARTESIAN_POINT('',(0.E0,0.E0,-2.8E0));
#5513=DIRECTION('',(0.E0,0.E0,-1.E0));
#5514=DIRECTION('',(-1.E0,0.E0,0.E0));
#5515=AXIS2_PLACEMENT_3D('',#5512,#5513,#5514);
#5517=CARTESIAN_POINT('',(0.E0,0.E0,-2.8E0));
#5518=DIRECTION('',(0.E0,0.E0,-1.E0));
#5519=DIRECTION('',(1.E0,0.E0,0.E0));
#5520=AXIS2_PLACEMENT_3D('',#5517,#5518,#5519);
#5522=CARTESIAN_POINT('',(-4.75E0,8.227241335952E0,-2.8E0));
#5523=CARTESIAN_POINT('',(-5.062955257933E0,8.046556533540E0,-2.8E0));
#5524=CARTESIAN_POINT('',(-5.690396757430E0,7.684303014905E0,
-2.823877347489E0));
#5525=CARTESIAN_POINT('',(-6.638512557772E0,7.136908102355E0,
-2.931420186228E0));
#5526=CARTESIAN_POINT('',(-7.586500629804E0,6.589586933778E0,
-3.106448394410E0));
#5527=CARTESIAN_POINT('',(-8.540818226919E0,6.038611412191E0,
-3.345006547122E0));
#5528=CARTESIAN_POINT('',(-9.179538564784E0,5.669846053189E0,
-3.541685297626E0));
#5529=CARTESIAN_POINT('',(-9.5E0,5.484827557301E0,-3.648505776032E0));
#5531=CARTESIAN_POINT('',(-9.5E0,5.484827557301E0,-3.648505776032E0));
#5532=CARTESIAN_POINT('',(-9.5E0,5.113040527884E0,-3.541180105274E0));
#5533=CARTESIAN_POINT('',(-9.5E0,4.371933695817E0,-3.343566597040E0));
#5534=CARTESIAN_POINT('',(-9.5E0,3.264105526764E0,-3.104158692967E0));
#5535=CARTESIAN_POINT('',(-9.5E0,2.163532499076E0,-2.929216398473E0));
#5536=CARTESIAN_POINT('',(-9.5E0,1.070514858342E0,-2.823210851538E0));
#5537=CARTESIAN_POINT('',(-9.5E0,3.550862620101E-1,-2.8E0));
#5538=CARTESIAN_POINT('',(-9.5E0,0.E0,-2.8E0));
#5540=CARTESIAN_POINT('',(0.E0,1.096965511460E1,-3.648505776032E0));
#5541=CARTESIAN_POINT('',(-3.203483156823E-1,1.078470192831E1,
-3.541723004138E0));
#5542=CARTESIAN_POINT('',(-9.588586033734E-1,1.041605784183E1,
-3.345109228136E0));
#5543=CARTESIAN_POINT('',(-1.911711151935E0,9.865928166420E0,
-3.106788243359E0));
#5544=CARTESIAN_POINT('',(-2.860678192830E0,9.318041789907E0,
-2.931617342614E0));
#5545=CARTESIAN_POINT('',(-3.807699818190E0,8.771278599578E0,
-2.824067894839E0));
#5546=CARTESIAN_POINT('',(-4.436279508377E0,8.408367946241E0,-2.8E0));
#5547=CARTESIAN_POINT('',(-4.75E0,8.227241335952E0,-2.8E0));
#5549=CARTESIAN_POINT('',(4.75E0,8.227241335952E0,-2.8E0));
#5550=CARTESIAN_POINT('',(4.437044742067E0,8.407926138364E0,-2.8E0));
#5551=CARTESIAN_POINT('',(3.809603242570E0,8.770179656999E0,-2.823877347489E0));
#5552=CARTESIAN_POINT('',(2.861487442228E0,9.317574569550E0,-2.931420186228E0));
#5553=CARTESIAN_POINT('',(1.913499370196E0,9.864895738126E0,-3.106448394410E0));
#5554=CARTESIAN_POINT('',(9.591817730808E-1,1.041587125971E1,
-3.345006547122E0));
#5555=CARTESIAN_POINT('',(3.204614352164E-1,1.078463661872E1,
-3.541685297626E0));
#5556=CARTESIAN_POINT('',(0.E0,1.096965511460E1,-3.648505776032E0));
#5558=CARTESIAN_POINT('',(9.5E0,5.484827557301E0,-3.648505776032E0));
#5559=CARTESIAN_POINT('',(9.179651684318E0,5.669780743595E0,-3.541723004138E0));
#5560=CARTESIAN_POINT('',(8.541141396627E0,6.038424830074E0,-3.345109228136E0));
#5561=CARTESIAN_POINT('',(7.588288848065E0,6.588554505484E0,-3.106788243359E0));
#5562=CARTESIAN_POINT('',(6.639321807170E0,7.136440881997E0,-2.931617342614E0));
#5563=CARTESIAN_POINT('',(5.692300181810E0,7.683204072327E0,-2.824067894839E0));
#5564=CARTESIAN_POINT('',(5.063720491623E0,8.046114725663E0,-2.8E0));
#5565=CARTESIAN_POINT('',(4.75E0,8.227241335952E0,-2.8E0));
#5567=CARTESIAN_POINT('',(9.5E0,0.E0,-2.8E0));
#5568=CARTESIAN_POINT('',(9.5E0,3.550209711827E-1,-2.8E0));
#5569=CARTESIAN_POINT('',(9.5E0,1.070345476719E0,-2.823202311678E0));
#5570=CARTESIAN_POINT('',(9.5E0,2.163287184943E0,-2.929185535222E0));
#5571=CARTESIAN_POINT('',(9.5E0,3.263862302849E0,-3.104111962430E0));
#5572=CARTESIAN_POINT('',(9.5E0,4.371770401615E0,-3.343525036977E0));
#5573=CARTESIAN_POINT('',(9.5E0,5.112978235539E0,-3.541162123023E0));
#5574=CARTESIAN_POINT('',(9.5E0,5.484827557301E0,-3.648505776032E0));
#5576=CARTESIAN_POINT('',(9.5E0,-5.484827557301E0,-3.648505776032E0));
#5577=CARTESIAN_POINT('',(9.5E0,-5.117586655647E0,-3.542492459318E0));
#5578=CARTESIAN_POINT('',(9.5E0,-4.383782054844E0,-3.346687099378E0));
#5579=CARTESIAN_POINT('',(9.5E0,-3.280529921427E0,-3.107347058804E0));
#5580=CARTESIAN_POINT('',(9.5E0,-2.180888489467E0,-2.931404564286E0));
#5581=CARTESIAN_POINT('',(9.5E0,-1.085209850291E0,-2.823868914616E0));
#5582=CARTESIAN_POINT('',(9.5E0,-3.609066155664E-1,-2.8E0));
#5583=CARTESIAN_POINT('',(9.5E0,0.E0,-2.8E0));
#5585=CARTESIAN_POINT('',(4.75E0,-8.227241335952E0,-2.8E0));
#5586=CARTESIAN_POINT('',(5.062955257933E0,-8.046556533540E0,-2.8E0));
#5587=CARTESIAN_POINT('',(5.690396757430E0,-7.684303014905E0,
-2.823877347489E0));
#5588=CARTESIAN_POINT('',(6.638512557772E0,-7.136908102354E0,
-2.931420186228E0));
#5589=CARTESIAN_POINT('',(7.586500629804E0,-6.589586933778E0,
-3.106448394410E0));
#5590=CARTESIAN_POINT('',(8.540818226919E0,-6.038611412191E0,
-3.345006547122E0));
#5591=CARTESIAN_POINT('',(9.179538564784E0,-5.669846053188E0,
-3.541685297626E0));
#5592=CARTESIAN_POINT('',(9.5E0,-5.484827557301E0,-3.648505776032E0));
#5594=CARTESIAN_POINT('',(-4.75E0,-8.227241335952E0,-2.8E0));
#5595=CARTESIAN_POINT('',(-4.437044742067E0,-8.407926138364E0,-2.8E0));
#5596=CARTESIAN_POINT('',(-3.809603242570E0,-8.770179656999E0,
-2.823877347489E0));
#5597=CARTESIAN_POINT('',(-2.861487442228E0,-9.317574569550E0,
-2.931420186228E0));
#5598=CARTESIAN_POINT('',(-1.913499370196E0,-9.864895738126E0,
-3.106448394410E0));
#5599=CARTESIAN_POINT('',(-9.591817730808E-1,-1.041587125971E1,
-3.345006547122E0));
#5600=CARTESIAN_POINT('',(-3.204614352163E-1,-1.078463661872E1,
-3.541685297626E0));
#5601=CARTESIAN_POINT('',(0.E0,-1.096965511460E1,-3.648505776032E0));
#5603=CARTESIAN_POINT('',(0.E0,-1.096965511460E1,-3.648505776032E0));
#5604=CARTESIAN_POINT('',(3.203483156823E-1,-1.078470192831E1,
-3.541723004138E0));
#5605=CARTESIAN_POINT('',(9.588586033734E-1,-1.041605784183E1,
-3.345109228136E0));
#5606=CARTESIAN_POINT('',(1.911711151935E0,-9.865928166420E0,
-3.106788243359E0));
#5607=CARTESIAN_POINT('',(2.860678192830E0,-9.318041789907E0,
-2.931617342614E0));
#5608=CARTESIAN_POINT('',(3.807699818190E0,-8.771278599578E0,
-2.824067894839E0));
#5609=CARTESIAN_POINT('',(4.436279508377E0,-8.408367946241E0,-2.8E0));
#5610=CARTESIAN_POINT('',(4.75E0,-8.227241335952E0,-2.8E0));
#5612=CARTESIAN_POINT('',(-9.5E0,0.E0,-2.8E0));
#5613=CARTESIAN_POINT('',(-9.5E0,-3.609433028929E-1,-2.8E0));
#5614=CARTESIAN_POINT('',(-9.5E0,-1.085305012153E0,-2.823873785749E0));
#5615=CARTESIAN_POINT('',(-9.5E0,-2.181027143616E0,-2.931422149663E0));
#5616=CARTESIAN_POINT('',(-9.5E0,-3.280666414254E0,-3.107373381268E0));
#5617=CARTESIAN_POINT('',(-9.5E0,-4.383874789176E0,-3.346710762957E0));
#5618=CARTESIAN_POINT('',(-9.5E0,-5.117622058159E0,-3.542502679143E0));
#5619=CARTESIAN_POINT('',(-9.5E0,-5.484827557301E0,-3.648505776032E0));
#5621=CARTESIAN_POINT('',(-9.5E0,-5.484827557301E0,-3.648505776032E0));
#5622=CARTESIAN_POINT('',(-9.179651684318E0,-5.669780743595E0,
-3.541723004138E0));
#5623=CARTESIAN_POINT('',(-8.541141396627E0,-6.038424830074E0,
-3.345109228136E0));
#5624=CARTESIAN_POINT('',(-7.588288848065E0,-6.588554505484E0,
-3.106788243359E0));
#5625=CARTESIAN_POINT('',(-6.639321807170E0,-7.136440881997E0,
-2.931617342614E0));
#5626=CARTESIAN_POINT('',(-5.692300181810E0,-7.683204072327E0,
-2.824067894839E0));
#5627=CARTESIAN_POINT('',(-5.063720491623E0,-8.046114725663E0,-2.8E0));
#5628=CARTESIAN_POINT('',(-4.75E0,-8.227241335952E0,-2.8E0));
#5630=DIRECTION('',(-8.660254037844E-1,0.E0,5.E-1));
#5631=VECTOR('',#5630,8.660254037844E-1);
#5632=CARTESIAN_POINT('',(8.25E0,0.E0,-5.8E0));
#5633=LINE('',#5632,#5631);
#5634=CARTESIAN_POINT('',(0.E0,0.E0,-5.366987298108E0));
#5635=DIRECTION('',(0.E0,0.E0,1.E0));
#5636=DIRECTION('',(1.E0,0.E0,0.E0));
#5637=AXIS2_PLACEMENT_3D('',#5634,#5635,#5636);
#5639=VERTEX_POINT('',#5332);
#5640=VERTEX_POINT('',#5339);
#5641=VERTEX_POINT('',#5376);
#5642=VERTEX_POINT('',#5383);
#5643=CARTESIAN_POINT('',(4.75E0,8.227241335952E0,-2.8E0));
#5644=CARTESIAN_POINT('',(-4.75E0,8.227241335952E0,-2.8E0));
#5645=VERTEX_POINT('',#5643);
#5646=VERTEX_POINT('',#5644);
#5647=CARTESIAN_POINT('',(-4.75E0,-8.227241335952E0,-2.8E0));
#5648=CARTESIAN_POINT('',(4.75E0,-8.227241335952E0,-2.8E0));
#5649=VERTEX_POINT('',#5647);
#5650=VERTEX_POINT('',#5648);
#5651=CARTESIAN_POINT('',(9.5E0,1.177485674960E-14,-2.8E0));
#5652=VERTEX_POINT('',#5651);
#5653=CARTESIAN_POINT('',(-8.25E0,0.E0,-5.8E0));
#5654=CARTESIAN_POINT('',(8.25E0,0.E0,-5.8E0));
#5655=VERTEX_POINT('',#5653);
#5656=VERTEX_POINT('',#5654);
#5657=CARTESIAN_POINT('',(-7.5E0,0.E0,-5.366987298108E0));
#5658=VERTEX_POINT('',#5657);
#5659=CARTESIAN_POINT('',(7.5E0,0.E0,-5.366987298108E0));
#5660=VERTEX_POINT('',#5659);
#5661=CARTESIAN_POINT('',(0.E0,-1.096965511460E1,-3.648505776032E0));
#5662=CARTESIAN_POINT('',(0.E0,-1.096965511460E1,-4.951494223968E0));
#5663=VERTEX_POINT('',#5661);
#5664=VERTEX_POINT('',#5662);
#5665=VERTEX_POINT('',#5288);
#5666=VERTEX_POINT('',#5295);
#5667=CARTESIAN_POINT('',(-8.25E0,0.E0,-2.8E0));
#5668=CARTESIAN_POINT('',(8.25E0,0.E0,-2.8E0));
#5669=VERTEX_POINT('',#5667);
#5670=VERTEX_POINT('',#5668);
#5671=CARTESIAN_POINT('',(7.5E0,0.E0,-3.233012701892E0));
#5672=VERTEX_POINT('',#5671);
#5673=CARTESIAN_POINT('',(-9.5E0,0.E0,-2.8E0));
#5674=VERTEX_POINT('',#5673);
#5675=VERTEX_POINT('',#5619);
#5676=VERTEX_POINT('',#5592);
#5677=VERTEX_POINT('',#5540);
#5678=VERTEX_POINT('',#5308);
#5679=CARTESIAN_POINT('',(9.5E0,1.243449787580E-14,-5.8E0));
#5680=VERTEX_POINT('',#5679);
#5681=VERTEX_POINT('',#5558);
#5682=VERTEX_POINT('',#5529);
#5683=VERTEX_POINT('',#5367);
#5684=VERTEX_POINT('',#5323);
#5685=CARTESIAN_POINT('',(-7.5E0,0.E0,-3.233012701892E0));
#5686=VERTEX_POINT('',#5685);
#5687=CARTESIAN_POINT('',(-9.5E0,5.484827557301E0,-4.951494223968E0));
#5688=VERTEX_POINT('',#5687);
#5689=CARTESIAN_POINT('',(9.5E0,-5.484827557301E0,-5.8E0));
#5690=DIRECTION('',(-5.E-1,8.660254037844E-1,0.E0));
#5691=DIRECTION('',(-8.660254037844E-1,-5.E-1,0.E0));
#5692=AXIS2_PLACEMENT_3D('',#5689,#5690,#5691);
#5693=PLANE('',#5692);
#5695=ORIENTED_EDGE('',*,*,#5694,.T.);
#5697=ORIENTED_EDGE('',*,*,#5696,.T.);
#5699=ORIENTED_EDGE('',*,*,#5698,.F.);
#5701=ORIENTED_EDGE('',*,*,#5700,.T.);
#5703=ORIENTED_EDGE('',*,*,#5702,.T.);
#5705=ORIENTED_EDGE('',*,*,#5704,.T.);
#5706=EDGE_LOOP('',(#5695,#5697,#5699,#5701,#5703,#5705));
#5707=FACE_OUTER_BOUND('',#5706,.F.);
#5709=CARTESIAN_POINT('',(0.E0,0.E0,-5.375747111984E0));
#5710=DIRECTION('',(0.E0,0.E0,1.E0));
#5711=DIRECTION('',(1.E0,0.E0,0.E0));
#5712=AXIS2_PLACEMENT_3D('',#5709,#5710,#5711);
#5713=CONICAL_SURFACE('',#5712,1.023482755730E1,6.E1);
#5715=ORIENTED_EDGE('',*,*,#5714,.F.);
#5717=ORIENTED_EDGE('',*,*,#5716,.T.);
#5718=ORIENTED_EDGE('',*,*,#5694,.F.);
#5719=EDGE_LOOP('',(#5715,#5717,#5718));
#5720=FACE_OUTER_BOUND('',#5719,.F.);
#5722=CARTESIAN_POINT('',(9.5E0,5.484827557301E0,-5.8E0));
#5723=DIRECTION('',(-1.E0,0.E0,0.E0));
#5724=DIRECTION('',(0.E0,0.E0,1.E0));
#5725=AXIS2_PLACEMENT_3D('',#5722,#5723,#5724);
#5726=PLANE('',#5725);
#5728=ORIENTED_EDGE('',*,*,#5727,.T.);
#5729=ORIENTED_EDGE('',*,*,#5714,.T.);
#5730=ORIENTED_EDGE('',*,*,#5704,.F.);
#5732=ORIENTED_EDGE('',*,*,#5731,.T.);
#5734=ORIENTED_EDGE('',*,*,#5733,.T.);
#5736=ORIENTED_EDGE('',*,*,#5735,.T.);
#5737=EDGE_LOOP('',(#5728,#5729,#5730,#5732,#5734,#5736));
#5738=FACE_OUTER_BOUND('',#5737,.F.);
#5740=CARTESIAN_POINT('',(0.E0,0.E0,-5.375747111984E0));
#5741=DIRECTION('',(0.E0,0.E0,1.E0));
#5742=DIRECTION('',(1.E0,0.E0,0.E0));
#5743=AXIS2_PLACEMENT_3D('',#5740,#5741,#5742);
#5744=CONICAL_SURFACE('',#5743,1.023482755730E1,6.E1);
#5746=ORIENTED_EDGE('',*,*,#5745,.F.);
#5748=ORIENTED_EDGE('',*,*,#5747,.T.);
#5749=ORIENTED_EDGE('',*,*,#5727,.F.);
#5750=EDGE_LOOP('',(#5746,#5748,#5749));
#5751=FACE_OUTER_BOUND('',#5750,.F.);
#5753=CARTESIAN_POINT('',(0.E0,1.096965511460E1,-5.8E0));
#5754=DIRECTION('',(-5.E-1,-8.660254037844E-1,0.E0));
#5755=DIRECTION('',(8.660254037844E-1,-5.E-1,0.E0));
#5756=AXIS2_PLACEMENT_3D('',#5753,#5754,#5755);
#5757=PLANE('',#5756);
#5759=ORIENTED_EDGE('',*,*,#5758,.T.);
#5760=ORIENTED_EDGE('',*,*,#5745,.T.);
#5761=ORIENTED_EDGE('',*,*,#5735,.F.);
#5763=ORIENTED_EDGE('',*,*,#5762,.T.);
#5765=ORIENTED_EDGE('',*,*,#5764,.T.);
#5767=ORIENTED_EDGE('',*,*,#5766,.T.);
#5768=EDGE_LOOP('',(#5759,#5760,#5761,#5763,#5765,#5767));
#5769=FACE_OUTER_BOUND('',#5768,.F.);
#5771=CARTESIAN_POINT('',(0.E0,0.E0,-5.375747111984E0));
#5772=DIRECTION('',(0.E0,0.E0,1.E0));
#5773=DIRECTION('',(1.E0,0.E0,0.E0));
#5774=AXIS2_PLACEMENT_3D('',#5771,#5772,#5773);
#5775=CONICAL_SURFACE('',#5774,1.023482755730E1,6.E1);
#5777=ORIENTED_EDGE('',*,*,#5776,.F.);
#5779=ORIENTED_EDGE('',*,*,#5778,.T.);
#5780=ORIENTED_EDGE('',*,*,#5758,.F.);
#5781=EDGE_LOOP('',(#5777,#5779,#5780));
#5782=FACE_OUTER_BOUND('',#5781,.F.);
#5784=CARTESIAN_POINT('',(-9.5E0,5.484827557301E0,-5.8E0));
#5785=DIRECTION('',(5.E-1,-8.660254037844E-1,0.E0));
#5786=DIRECTION('',(8.660254037844E-1,5.E-1,0.E0));
#5787=AXIS2_PLACEMENT_3D('',#5784,#5785,#5786);
#5788=PLANE('',#5787);
#5790=ORIENTED_EDGE('',*,*,#5789,.T.);
#5791=ORIENTED_EDGE('',*,*,#5776,.T.);
#5792=ORIENTED_EDGE('',*,*,#5766,.F.);
#5794=ORIENTED_EDGE('',*,*,#5793,.T.);
#5796=ORIENTED_EDGE('',*,*,#5795,.T.);
#5798=ORIENTED_EDGE('',*,*,#5797,.T.);
#5799=EDGE_LOOP('',(#5790,#5791,#5792,#5794,#5796,#5798));
#5800=FACE_OUTER_BOUND('',#5799,.F.);
#5802=CARTESIAN_POINT('',(0.E0,0.E0,-5.375747111984E0));
#5803=DIRECTION('',(0.E0,0.E0,1.E0));
#5804=DIRECTION('',(1.E0,0.E0,0.E0));
#5805=AXIS2_PLACEMENT_3D('',#5802,#5803,#5804);
#5806=CONICAL_SURFACE('',#5805,1.023482755730E1,6.E1);
#5808=ORIENTED_EDGE('',*,*,#5807,.F.);
#5810=ORIENTED_EDGE('',*,*,#5809,.T.);
#5811=ORIENTED_EDGE('',*,*,#5789,.F.);
#5812=EDGE_LOOP('',(#5808,#5810,#5811));
#5813=FACE_OUTER_BOUND('',#5812,.F.);
#5815=CARTESIAN_POINT('',(-9.5E0,-5.484827557301E0,-5.8E0));
#5816=DIRECTION('',(1.E0,0.E0,0.E0));
#5817=DIRECTION('',(0.E0,1.E0,0.E0));
#5818=AXIS2_PLACEMENT_3D('',#5815,#5816,#5817);
#5819=PLANE('',#5818);
#5821=ORIENTED_EDGE('',*,*,#5820,.T.);
#5822=ORIENTED_EDGE('',*,*,#5807,.T.);
#5823=ORIENTED_EDGE('',*,*,#5797,.F.);
#5825=ORIENTED_EDGE('',*,*,#5824,.T.);
#5827=ORIENTED_EDGE('',*,*,#5826,.T.);
#5829=ORIENTED_EDGE('',*,*,#5828,.T.);
#5830=EDGE_LOOP('',(#5821,#5822,#5823,#5825,#5827,#5829));
#5831=FACE_OUTER_BOUND('',#5830,.F.);
#5833=CARTESIAN_POINT('',(0.E0,0.E0,-5.375747111984E0));
#5834=DIRECTION('',(0.E0,0.E0,1.E0));
#5835=DIRECTION('',(1.E0,0.E0,0.E0));
#5836=AXIS2_PLACEMENT_3D('',#5833,#5834,#5835);
#5837=CONICAL_SURFACE('',#5836,1.023482755730E1,6.E1);
#5839=ORIENTED_EDGE('',*,*,#5838,.F.);
#5841=ORIENTED_EDGE('',*,*,#5840,.T.);
#5842=ORIENTED_EDGE('',*,*,#5820,.F.);
#5843=EDGE_LOOP('',(#5839,#5841,#5842));
#5844=FACE_OUTER_BOUND('',#5843,.F.);
#5846=CARTESIAN_POINT('',(0.E0,-1.096965511460E1,-5.8E0));
#5847=DIRECTION('',(5.E-1,8.660254037844E-1,0.E0));
#5848=DIRECTION('',(-8.660254037844E-1,5.E-1,0.E0));
#5849=AXIS2_PLACEMENT_3D('',#5846,#5847,#5848);
#5850=PLANE('',#5849);
#5852=ORIENTED_EDGE('',*,*,#5851,.T.);
#5853=ORIENTED_EDGE('',*,*,#5838,.T.);
#5854=ORIENTED_EDGE('',*,*,#5828,.F.);
#5856=ORIENTED_EDGE('',*,*,#5855,.T.);
#5858=ORIENTED_EDGE('',*,*,#5857,.T.);
#5859=ORIENTED_EDGE('',*,*,#5698,.T.);
#5860=EDGE_LOOP('',(#5852,#5853,#5854,#5856,#5858,#5859));
#5861=FACE_OUTER_BOUND('',#5860,.F.);
#5863=CARTESIAN_POINT('',(0.E0,0.E0,-5.375747111984E0));
#5864=DIRECTION('',(0.E0,0.E0,1.E0));
#5865=DIRECTION('',(1.E0,0.E0,0.E0));
#5866=AXIS2_PLACEMENT_3D('',#5863,#5864,#5865);
#5867=CONICAL_SURFACE('',#5866,1.023482755730E1,6.E1);
#5868=ORIENTED_EDGE('',*,*,#5851,.F.);
#5869=ORIENTED_EDGE('',*,*,#5696,.F.);
#5871=ORIENTED_EDGE('',*,*,#5870,.T.);
#5872=EDGE_LOOP('',(#5868,#5869,#5871));
#5873=FACE_OUTER_BOUND('',#5872,.F.);
#5875=CARTESIAN_POINT('',(0.E0,0.E0,-5.8E0));
#5876=DIRECTION('',(0.E0,0.E0,-1.E0));
#5877=DIRECTION('',(-1.E0,0.E0,0.E0));
#5878=AXIS2_PLACEMENT_3D('',#5875,#5876,#5877);
#5879=PLANE('',#5878);
#5880=ORIENTED_EDGE('',*,*,#5840,.F.);
#5881=ORIENTED_EDGE('',*,*,#5870,.F.);
#5882=ORIENTED_EDGE('',*,*,#5716,.F.);
#5883=ORIENTED_EDGE('',*,*,#5747,.F.);
#5884=ORIENTED_EDGE('',*,*,#5778,.F.);
#5885=ORIENTED_EDGE('',*,*,#5809,.F.);
#5886=EDGE_LOOP('',(#5880,#5881,#5882,#5883,#5884,#5885));
#5887=FACE_OUTER_BOUND('',#5886,.F.);
#5889=ORIENTED_EDGE('',*,*,#5888,.F.);
#5891=ORIENTED_EDGE('',*,*,#5890,.F.);
#5892=EDGE_LOOP('',(#5889,#5891));
#5893=FACE_BOUND('',#5892,.F.);
#5895=CARTESIAN_POINT('',(0.E0,0.E0,-5.583493649054E0));
#5896=DIRECTION('',(0.E0,0.E0,-1.E0));
#5897=DIRECTION('',(-1.E0,0.E0,0.E0));
#5898=AXIS2_PLACEMENT_3D('',#5895,#5896,#5897);
#5899=CONICAL_SURFACE('',#5898,7.875E0,6.E1);
#5901=ORIENTED_EDGE('',*,*,#5900,.F.);
#5903=ORIENTED_EDGE('',*,*,#5902,.F.);
#5904=ORIENTED_EDGE('',*,*,#5888,.T.);
#5906=ORIENTED_EDGE('',*,*,#5905,.T.);
#5907=EDGE_LOOP('',(#5901,#5903,#5904,#5906));
#5908=FACE_OUTER_BOUND('',#5907,.F.);
#5910=CARTESIAN_POINT('',(0.E0,0.E0,-5.8E0));
#5911=DIRECTION('',(0.E0,0.E0,1.E0));
#5912=DIRECTION('',(1.E0,0.E0,0.E0));
#5913=AXIS2_PLACEMENT_3D('',#5910,#5911,#5912);
#5914=CYLINDRICAL_SURFACE('',#5913,7.5E0);
#5915=ORIENTED_EDGE('',*,*,#5900,.T.);
#5917=ORIENTED_EDGE('',*,*,#5916,.F.);
#5919=ORIENTED_EDGE('',*,*,#5918,.T.);
#5921=ORIENTED_EDGE('',*,*,#5920,.T.);
#5922=EDGE_LOOP('',(#5915,#5917,#5919,#5921));
#5923=FACE_OUTER_BOUND('',#5922,.F.);
#5925=CARTESIAN_POINT('',(0.E0,0.E0,-5.8E0));
#5926=DIRECTION('',(0.E0,0.E0,1.E0));
#5927=DIRECTION('',(1.E0,0.E0,0.E0));
#5928=AXIS2_PLACEMENT_3D('',#5925,#5926,#5927);
#5929=CYLINDRICAL_SURFACE('',#5928,7.5E0);
#5930=ORIENTED_EDGE('',*,*,#5920,.F.);
#5932=ORIENTED_EDGE('',*,*,#5931,.T.);
#5933=ORIENTED_EDGE('',*,*,#5916,.T.);
#5935=ORIENTED_EDGE('',*,*,#5934,.T.);
#5936=EDGE_LOOP('',(#5930,#5932,#5933,#5935));
#5937=FACE_OUTER_BOUND('',#5936,.F.);
#5939=CARTESIAN_POINT('',(0.E0,0.E0,-3.016506350946E0));
#5940=DIRECTION('',(0.E0,0.E0,1.E0));
#5941=DIRECTION('',(1.E0,0.E0,0.E0));
#5942=AXIS2_PLACEMENT_3D('',#5939,#5940,#5941);
#5943=CONICAL_SURFACE('',#5942,7.875E0,6.E1);
#5945=ORIENTED_EDGE('',*,*,#5944,.F.);
#5947=ORIENTED_EDGE('',*,*,#5946,.T.);
#5949=ORIENTED_EDGE('',*,*,#5948,.T.);
#5950=ORIENTED_EDGE('',*,*,#5931,.F.);
#5951=EDGE_LOOP('',(#5945,#5947,#5949,#5950));
#5952=FACE_OUTER_BOUND('',#5951,.F.);
#5954=CARTESIAN_POINT('',(0.E0,0.E0,-3.016506350946E0));
#5955=DIRECTION('',(0.E0,0.E0,1.E0));
#5956=DIRECTION('',(1.E0,0.E0,0.E0));
#5957=AXIS2_PLACEMENT_3D('',#5954,#5955,#5956);
#5958=CONICAL_SURFACE('',#5957,7.875E0,6.E1);
#5959=ORIENTED_EDGE('',*,*,#5918,.F.);
#5960=ORIENTED_EDGE('',*,*,#5948,.F.);
#5962=ORIENTED_EDGE('',*,*,#5961,.T.);
#5963=ORIENTED_EDGE('',*,*,#5944,.T.);
#5964=EDGE_LOOP('',(#5959,#5960,#5962,#5963));
#5965=FACE_OUTER_BOUND('',#5964,.F.);
#5967=CARTESIAN_POINT('',(0.E0,0.E0,-2.8E0));
#5968=DIRECTION('',(0.E0,0.E0,-1.E0));
#5969=DIRECTION('',(-1.E0,0.E0,0.E0));
#5970=AXIS2_PLACEMENT_3D('',#5967,#5968,#5969);
#5971=PLANE('',#5970);
#5973=ORIENTED_EDGE('',*,*,#5972,.F.);
#5975=ORIENTED_EDGE('',*,*,#5974,.F.);
#5977=ORIENTED_EDGE('',*,*,#5976,.F.);
#5979=ORIENTED_EDGE('',*,*,#5978,.F.);
#5981=ORIENTED_EDGE('',*,*,#5980,.F.);
#5983=ORIENTED_EDGE('',*,*,#5982,.F.);
#5984=EDGE_LOOP('',(#5973,#5975,#5977,#5979,#5981,#5983));
#5985=FACE_OUTER_BOUND('',#5984,.F.);
#5986=ORIENTED_EDGE('',*,*,#5946,.F.);
#5987=ORIENTED_EDGE('',*,*,#5961,.F.);
#5988=EDGE_LOOP('',(#5986,#5987));
#5989=FACE_BOUND('',#5988,.F.);
#5991=CARTESIAN_POINT('',(0.E0,0.E0,-3.224252888016E0));
#5992=DIRECTION('',(0.E0,0.E0,-1.E0));
#5993=DIRECTION('',(-1.E0,0.E0,0.E0));
#5994=AXIS2_PLACEMENT_3D('',#5991,#5992,#5993);
#5995=CONICAL_SURFACE('',#5994,1.023482755730E1,6.E1);
#5996=ORIENTED_EDGE('',*,*,#5795,.F.);
#5997=ORIENTED_EDGE('',*,*,#5972,.T.);
#5998=ORIENTED_EDGE('',*,*,#5824,.F.);
#5999=EDGE_LOOP('',(#5996,#5997,#5998));
#6000=FACE_OUTER_BOUND('',#5999,.F.);
#6002=CARTESIAN_POINT('',(0.E0,0.E0,-3.224252888016E0));
#6003=DIRECTION('',(0.E0,0.E0,-1.E0));
#6004=DIRECTION('',(-1.E0,0.E0,0.E0));
#6005=AXIS2_PLACEMENT_3D('',#6002,#6003,#6004);
#6006=CONICAL_SURFACE('',#6005,1.023482755730E1,6.E1);
#6007=ORIENTED_EDGE('',*,*,#5793,.F.);
#6008=ORIENTED_EDGE('',*,*,#5764,.F.);
#6009=ORIENTED_EDGE('',*,*,#5974,.T.);
#6010=EDGE_LOOP('',(#6007,#6008,#6009));
#6011=FACE_OUTER_BOUND('',#6010,.F.);
#6013=CARTESIAN_POINT('',(0.E0,0.E0,-3.224252888016E0));
#6014=DIRECTION('',(0.E0,0.E0,-1.E0));
#6015=DIRECTION('',(-1.E0,0.E0,0.E0));
#6016=AXIS2_PLACEMENT_3D('',#6013,#6014,#6015);
#6017=CONICAL_SURFACE('',#6016,1.023482755730E1,6.E1);
#6018=ORIENTED_EDGE('',*,*,#5762,.F.);
#6019=ORIENTED_EDGE('',*,*,#5733,.F.);
#6020=ORIENTED_EDGE('',*,*,#5976,.T.);
#6021=EDGE_LOOP('',(#6018,#6019,#6020));
#6022=FACE_OUTER_BOUND('',#6021,.F.);
#6024=CARTESIAN_POINT('',(0.E0,0.E0,-3.224252888016E0));
#6025=DIRECTION('',(0.E0,0.E0,-1.E0));
#6026=DIRECTION('',(-1.E0,0.E0,0.E0));
#6027=AXIS2_PLACEMENT_3D('',#6024,#6025,#6026);
#6028=CONICAL_SURFACE('',#6027,1.023482755730E1,6.E1);
#6029=ORIENTED_EDGE('',*,*,#5731,.F.);
#6030=ORIENTED_EDGE('',*,*,#5702,.F.);
#6031=ORIENTED_EDGE('',*,*,#5978,.T.);
#6032=EDGE_LOOP('',(#6029,#6030,#6031));
#6033=FACE_OUTER_BOUND('',#6032,.F.);
#6035=CARTESIAN_POINT('',(0.E0,0.E0,-3.224252888016E0));
#6036=DIRECTION('',(0.E0,0.E0,-1.E0));
#6037=DIRECTION('',(-1.E0,0.E0,0.E0));
#6038=AXIS2_PLACEMENT_3D('',#6035,#6036,#6037);
#6039=CONICAL_SURFACE('',#6038,1.023482755730E1,6.E1);
#6040=ORIENTED_EDGE('',*,*,#5857,.F.);
#6041=ORIENTED_EDGE('',*,*,#5980,.T.);
#6042=ORIENTED_EDGE('',*,*,#5700,.F.);
#6043=EDGE_LOOP('',(#6040,#6041,#6042));
#6044=FACE_OUTER_BOUND('',#6043,.F.);
#6046=CARTESIAN_POINT('',(0.E0,0.E0,-3.224252888016E0));
#6047=DIRECTION('',(0.E0,0.E0,-1.E0));
#6048=DIRECTION('',(-1.E0,0.E0,0.E0));
#6049=AXIS2_PLACEMENT_3D('',#6046,#6047,#6048);
#6050=CONICAL_SURFACE('',#6049,1.023482755730E1,6.E1);
#6051=ORIENTED_EDGE('',*,*,#5826,.F.);
#6052=ORIENTED_EDGE('',*,*,#5982,.T.);
#6053=ORIENTED_EDGE('',*,*,#5855,.F.);
#6054=EDGE_LOOP('',(#6051,#6052,#6053));
#6055=FACE_OUTER_BOUND('',#6054,.F.);
#6057=CARTESIAN_POINT('',(0.E0,0.E0,-5.583493649054E0));
#6058=DIRECTION('',(0.E0,0.E0,-1.E0));
#6059=DIRECTION('',(-1.E0,0.E0,0.E0));
#6060=AXIS2_PLACEMENT_3D('',#6057,#6058,#6059);
#6061=CONICAL_SURFACE('',#6060,7.875E0,6.E1);
#6062=ORIENTED_EDGE('',*,*,#5905,.F.);
#6063=ORIENTED_EDGE('',*,*,#5890,.T.);
#6064=ORIENTED_EDGE('',*,*,#5902,.T.);
#6065=ORIENTED_EDGE('',*,*,#5934,.F.);
#6066=EDGE_LOOP('',(#6062,#6063,#6064,#6065));
#6067=FACE_OUTER_BOUND('',#6066,.F.);
#6071=PRESENTATION_LAYER_ASSIGNMENT('INTFCLR_5230_1','',(#5708,#5721,#5739,
#5752,#5770,#5783,#5801,#5814,#5832,#5845,#5862,#5874,#5894,#5909,#5924,#5938,
#5953,#5966,#5990,#6001,#6012,#6023,#6034,#6045,#6056,#6068,#6070));
#6072=PRESENTATION_LAYER_ASSIGNMENT('NONE','',(#5708,#5721,#5739,#5752,#5770,
#5783,#5801,#5814,#5832,#5845,#5862,#5874,#5894,#5909,#5924,#5938,#5953,#5966,
#5990,#6001,#6012,#6023,#6034,#6045,#6056,#6068,#6070));
#6075=PLANE_ANGLE_MEASURE_WITH_UNIT(PLANE_ANGLE_MEASURE(1.745329251994E-2),
#6074);
#6076=(CONVERSION_BASED_UNIT('DEGREE',#6075)NAMED_UNIT(*)PLANE_ANGLE_UNIT());
#6078=UNCERTAINTY_MEASURE_WITH_UNIT(LENGTH_MEASURE(3.117032137929E-3),#6073,
'distance_accuracy_value',
'Maximum model space distance between geometric entities at asserted connectivities');
#6080=CARTESIAN_POINT('',(0.E0,0.E0,0.E0));
#6081=DIRECTION('',(0.E0,0.E0,1.E0));
#6082=DIRECTION('',(1.E0,0.E0,0.E0));
#6085=PRODUCT_CONTEXT('',#5210,'mechanical');
#6086=PRODUCT('DAI_OC','DAI_OC','NOT SPECIFIED',(#6085));
#6087=PRODUCT_DEFINITION_FORMATION('3','LAST_VERSION',#6086);
#6095=DERIVED_UNIT_ELEMENT(#6094,2.E0);
#6096=DERIVED_UNIT((#6095));
#6097=MEASURE_REPRESENTATION_ITEM('surface area measure',AREA_MEASURE(
5.520368188459E2),#6096);
#6102=DERIVED_UNIT_ELEMENT(#6101,3.E0);
#6103=DERIVED_UNIT((#6102));
#6104=MEASURE_REPRESENTATION_ITEM('volume measure',VOLUME_MEASURE(
3.770677360639E2),#6103);
#6108=CARTESIAN_POINT('centre point',(1.466307057204E-14,-3.428886023357E-7,
-4.300000000002E0));
#6113=DERIVED_UNIT_ELEMENT(#6112,2.E0);
#6114=DERIVED_UNIT((#6113));
#6115=MEASURE_REPRESENTATION_ITEM('surface area measure',AREA_MEASURE(
5.520368188459E2),#6114);
#6120=DERIVED_UNIT_ELEMENT(#6119,3.E0);
#6121=DERIVED_UNIT((#6120));
#6122=MEASURE_REPRESENTATION_ITEM('volume measure',VOLUME_MEASURE(
3.770677360639E2),#6121);
#6126=CARTESIAN_POINT('centre point',(1.466307057204E-14,-3.428886023357E-7,
-4.300000000002E0));
#6133=CARTESIAN_POINT('centre point',(-5.696831927122E-10,-3.428881290928E-7,
-3.600000000002E0));
#6137=CARTESIAN_POINT('',(0.E0,0.E0,7.E-1));
#6138=DIRECTION('',(0.E0,0.E0,1.E0));
#6139=DIRECTION('',(9.999986197639E-1,-1.661466295123E-3,0.E0));
#6140=AXIS2_PLACEMENT_3D('',#6137,#6138,#6139);
#6141=ITEM_DEFINED_TRANSFORMATION('','',#6083,#6140);
#6142=(REPRESENTATION_RELATIONSHIP('','',#6084,#5261)REPRESENTATION_RELATIONSHIP_WITH_TRANSFORMATION(#6141)SHAPE_REPRESENTATION_RELATIONSHIP());
#6143=CONTEXT_DEPENDENT_SHAPE_REPRESENTATION(#6142,#6132);
#6146=CARTESIAN_POINT('',(0.E0,0.E0,-2.15E0));
#6147=DIRECTION('',(0.E0,0.E0,-1.E0));
#6148=DIRECTION('',(1.E0,0.E0,0.E0));
#6149=AXIS2_PLACEMENT_3D('',#6146,#6147,#6148);
#6151=CURVE_STYLE('',#77,POSITIVE_LENGTH_MEASURE(2.E-2),#6144);
#6152=PRESENTATION_STYLE_ASSIGNMENT((#6151));
#6153=STYLED_ITEM('',(#6152),#6150);
#6154=CARTESIAN_POINT('',(-8.5E0,-1.405808335563E-14,-2.15E0));
#6155=DIRECTION('',(0.E0,-1.E0,0.E0));
#6156=DIRECTION('',(-1.E0,0.E0,0.E0));
#6157=AXIS2_PLACEMENT_3D('',#6154,#6155,#6156);
#6159=CURVE_STYLE('',#77,POSITIVE_LENGTH_MEASURE(2.E-2),#6144);
#6160=PRESENTATION_STYLE_ASSIGNMENT((#6159));
#6161=STYLED_ITEM('',(#6160),#6158);
#6162=CARTESIAN_POINT('',(-8.5E0,-1.405808335563E-14,-2.15E0));
#6163=DIRECTION('',(0.E0,-1.E0,0.E0));
#6164=DIRECTION('',(1.E0,0.E0,0.E0));
#6165=AXIS2_PLACEMENT_3D('',#6162,#6163,#6164);
#6167=CURVE_STYLE('',#77,POSITIVE_LENGTH_MEASURE(2.E-2),#6144);
#6168=PRESENTATION_STYLE_ASSIGNMENT((#6167));
#6169=STYLED_ITEM('',(#6168),#6166);
#6170=CARTESIAN_POINT('',(0.E0,0.E0,-2.15E0));
#6171=DIRECTION('',(0.E0,0.E0,-1.E0));
#6172=DIRECTION('',(1.E0,0.E0,0.E0));
#6173=AXIS2_PLACEMENT_3D('',#6170,#6171,#6172);
#6175=CURVE_STYLE('',#77,POSITIVE_LENGTH_MEASURE(2.E-2),#6144);
#6176=PRESENTATION_STYLE_ASSIGNMENT((#6175));
#6177=STYLED_ITEM('',(#6176),#6174);
#6178=CARTESIAN_POINT('',(8.5E0,0.E0,-2.15E0));
#6179=DIRECTION('',(0.E0,1.E0,0.E0));
#6180=DIRECTION('',(-1.E0,0.E0,0.E0));
#6181=AXIS2_PLACEMENT_3D('',#6178,#6179,#6180);
#6183=CURVE_STYLE('',#77,POSITIVE_LENGTH_MEASURE(2.E-2),#6144);
#6184=PRESENTATION_STYLE_ASSIGNMENT((#6183));
#6185=STYLED_ITEM('',(#6184),#6182);
#6186=CARTESIAN_POINT('',(0.E0,0.E0,-2.15E0));
#6187=DIRECTION('',(0.E0,0.E0,-1.E0));
#6188=DIRECTION('',(-1.E0,0.E0,0.E0));
#6189=AXIS2_PLACEMENT_3D('',#6186,#6187,#6188);
#6191=CURVE_STYLE('',#77,POSITIVE_LENGTH_MEASURE(2.E-2),#6144);
#6192=PRESENTATION_STYLE_ASSIGNMENT((#6191));
#6193=STYLED_ITEM('',(#6192),#6190);
#6194=CARTESIAN_POINT('',(0.E0,0.E0,-2.15E0));
#6195=DIRECTION('',(0.E0,0.E0,-1.E0));
#6196=DIRECTION('',(-1.E0,0.E0,0.E0));
#6197=AXIS2_PLACEMENT_3D('',#6194,#6195,#6196);
#6199=CURVE_STYLE('',#77,POSITIVE_LENGTH_MEASURE(2.E-2),#6144);
#6200=PRESENTATION_STYLE_ASSIGNMENT((#6199));
#6201=STYLED_ITEM('',(#6200),#6198);
#6202=CARTESIAN_POINT('',(8.5E0,0.E0,-2.15E0));
#6203=DIRECTION('',(0.E0,1.E0,0.E0));
#6204=DIRECTION('',(1.E0,0.E0,0.E0));
#6205=AXIS2_PLACEMENT_3D('',#6202,#6203,#6204);
#6207=CURVE_STYLE('',#77,POSITIVE_LENGTH_MEASURE(2.E-2),#6144);
#6208=PRESENTATION_STYLE_ASSIGNMENT((#6207));
#6209=STYLED_ITEM('',(#6208),#6206);
#6210=CARTESIAN_POINT('',(7.85E0,0.E0,-2.15E0));
#6211=CARTESIAN_POINT('',(9.15E0,0.E0,-2.15E0));
#6212=VERTEX_POINT('',#6210);
#6213=VERTEX_POINT('',#6211);
#6214=CARTESIAN_POINT('',(-7.85E0,-1.298305345196E-14,-2.15E0));
#6215=VERTEX_POINT('',#6214);
#6216=CARTESIAN_POINT('',(-9.15E0,-1.513311325929E-14,-2.15E0));
#6217=VERTEX_POINT('',#6216);
#6218=CARTESIAN_POINT('',(0.E0,0.E0,-2.15E0));
#6219=DIRECTION('',(0.E0,0.E0,1.E0));
#6220=DIRECTION('',(1.E0,0.E0,0.E0));
#6221=AXIS2_PLACEMENT_3D('',#6218,#6219,#6220);
#6222=TOROIDAL_SURFACE('',#6221,8.5E0,6.5E-1);
#6224=ORIENTED_EDGE('',*,*,#6223,.F.);
#6226=ORIENTED_EDGE('',*,*,#6225,.T.);
#6228=ORIENTED_EDGE('',*,*,#6227,.T.);
#6230=ORIENTED_EDGE('',*,*,#6229,.F.);
#6231=EDGE_LOOP('',(#6224,#6226,#6228,#6230));
#6232=FACE_OUTER_BOUND('',#6231,.F.);
#6234=CARTESIAN_POINT('',(0.E0,0.E0,-2.15E0));
#6235=DIRECTION('',(0.E0,0.E0,1.E0));
#6236=DIRECTION('',(1.E0,0.E0,0.E0));
#6237=AXIS2_PLACEMENT_3D('',#6234,#6235,#6236);
#6238=TOROIDAL_SURFACE('',#6237,8.5E0,6.5E-1);
#6240=ORIENTED_EDGE('',*,*,#6239,.F.);
#6241=ORIENTED_EDGE('',*,*,#6227,.F.);
#6243=ORIENTED_EDGE('',*,*,#6242,.T.);
#6244=ORIENTED_EDGE('',*,*,#6223,.T.);
#6245=EDGE_LOOP('',(#6240,#6241,#6243,#6244));
#6246=FACE_OUTER_BOUND('',#6245,.F.);
#6248=CARTESIAN_POINT('',(0.E0,0.E0,-2.15E0));
#6249=DIRECTION('',(0.E0,0.E0,1.E0));
#6250=DIRECTION('',(1.E0,0.E0,0.E0));
#6251=AXIS2_PLACEMENT_3D('',#6248,#6249,#6250);
#6252=TOROIDAL_SURFACE('',#6251,8.5E0,6.5E-1);
#6253=ORIENTED_EDGE('',*,*,#6242,.F.);
#6255=ORIENTED_EDGE('',*,*,#6254,.F.);
#6256=ORIENTED_EDGE('',*,*,#6239,.T.);
#6258=ORIENTED_EDGE('',*,*,#6257,.T.);
#6259=EDGE_LOOP('',(#6253,#6255,#6256,#6258));
#6260=FACE_OUTER_BOUND('',#6259,.F.);
#6262=CARTESIAN_POINT('',(0.E0,0.E0,-2.15E0));
#6263=DIRECTION('',(0.E0,0.E0,1.E0));
#6264=DIRECTION('',(1.E0,0.E0,0.E0));
#6265=AXIS2_PLACEMENT_3D('',#6262,#6263,#6264);
#6266=TOROIDAL_SURFACE('',#6265,8.5E0,6.5E-1);
#6267=ORIENTED_EDGE('',*,*,#6257,.F.);
#6268=ORIENTED_EDGE('',*,*,#6229,.T.);
#6269=ORIENTED_EDGE('',*,*,#6254,.T.);
#6270=ORIENTED_EDGE('',*,*,#6225,.F.);
#6271=EDGE_LOOP('',(#6267,#6268,#6269,#6270));
#6272=FACE_OUTER_BOUND('',#6271,.F.);
#6276=FILL_AREA_STYLE_COLOUR('',#6144);
#6277=FILL_AREA_STYLE('',(#6276));
#6278=SURFACE_STYLE_FILL_AREA(#6277);
#6279=SURFACE_SIDE_STYLE('',(#6278));
#6280=SURFACE_STYLE_USAGE(.BOTH.,#6279);
#6281=PRESENTATION_STYLE_ASSIGNMENT((#6280));
#6145=STYLED_ITEM('',(#6281),#6275);
#6282=PRESENTATION_LAYER_ASSIGNMENT('INTFCLR_5230_2','',(#6145,#6233,#6247,
#6261,#6273));
#6283=PRESENTATION_LAYER_ASSIGNMENT('NONE_2','',(#6145,#6233,#6247,#6261,
#6273));
#6286=PLANE_ANGLE_MEASURE_WITH_UNIT(PLANE_ANGLE_MEASURE(1.745329251994E-2),
#6285);
#6287=(CONVERSION_BASED_UNIT('DEGREE',#6286)NAMED_UNIT(*)PLANE_ANGLE_UNIT());
#6289=UNCERTAINTY_MEASURE_WITH_UNIT(LENGTH_MEASURE(2.591170167076E-3),#6284,
'distance_accuracy_value',
'Maximum model space distance between geometric entities at asserted connectivities');
#6291=CARTESIAN_POINT('',(0.E0,0.E0,0.E0));
#6292=DIRECTION('',(0.E0,0.E0,1.E0));
#6293=DIRECTION('',(1.E0,0.E0,0.E0));
#6296=PRODUCT_DEFINITION_CONTEXT('part definition',#5210,'design');
#6297=PRODUCT_CONTEXT('',#5210,'mechanical');
#6298=PRODUCT('VONG_DEM','VONG_DEM','NOT SPECIFIED',(#6297));
#6299=PRODUCT_DEFINITION_FORMATION('3','LAST_VERSION',#6298);
#6307=DERIVED_UNIT_ELEMENT(#6306,2.E0);
#6308=DERIVED_UNIT((#6307));
#6309=MEASURE_REPRESENTATION_ITEM('surface area measure',AREA_MEASURE(
2.181182572641E2),#6308);
#6314=DERIVED_UNIT_ELEMENT(#6313,3.E0);
#6315=DERIVED_UNIT((#6314));
#6316=MEASURE_REPRESENTATION_ITEM('volume measure',VOLUME_MEASURE(
7.088843361082E1),#6315);
#6320=CARTESIAN_POINT('centre point',(0.E0,0.E0,-2.15E0));
#6325=DERIVED_UNIT_ELEMENT(#6324,2.E0);
#6326=DERIVED_UNIT((#6325));
#6327=MEASURE_REPRESENTATION_ITEM('surface area measure',AREA_MEASURE(
2.181182572641E2),#6326);
#6332=DERIVED_UNIT_ELEMENT(#6331,3.E0);
#6333=DERIVED_UNIT((#6332));
#6334=MEASURE_REPRESENTATION_ITEM('volume measure',VOLUME_MEASURE(
7.088843361082E1),#6333);
#6338=CARTESIAN_POINT('centre point',(0.E0,0.E0,-2.15E0));
#6345=CARTESIAN_POINT('centre point',(0.E0,0.E0,-1.45E0));
#6349=CARTESIAN_POINT('',(0.E0,0.E0,-3.6E0));
#6350=DIRECTION('',(0.E0,0.E0,-1.E0));
#6351=DIRECTION('',(-8.102436852146E-2,-9.967121207780E-1,0.E0));
#6352=AXIS2_PLACEMENT_3D('',#6349,#6350,#6351);
#6353=ITEM_DEFINED_TRANSFORMATION('','',#6294,#6352);
#6354=(REPRESENTATION_RELATIONSHIP('','',#6295,#5261)REPRESENTATION_RELATIONSHIP_WITH_TRANSFORMATION(#6353)SHAPE_REPRESENTATION_RELATIONSHIP());
#6355=CONTEXT_DEPENDENT_SHAPE_REPRESENTATION(#6354,#6344);
#6358=PLANE_ANGLE_MEASURE_WITH_UNIT(PLANE_ANGLE_MEASURE(1.745329251994E-2),
#6357);
#6359=(CONVERSION_BASED_UNIT('DEGREE',#6358)NAMED_UNIT(*)PLANE_ANGLE_UNIT());
#6361=UNCERTAINTY_MEASURE_WITH_UNIT(LENGTH_MEASURE(8.659907627683E-2),#6356,
'distance_accuracy_value',
'Maximum model space distance between geometric entities at asserted connectivities');
#6363=CARTESIAN_POINT('',(0.E0,0.E0,0.E0));
#6364=DIRECTION('',(0.E0,0.E0,1.E0));
#6365=DIRECTION('',(1.E0,0.E0,0.E0));
#6367=MECHANICAL_DESIGN_GEOMETRIC_PRESENTATION_REPRESENTATION('',(#80,#88,#96,
#104,#112,#120,#127,#134,#142,#150,#158,#166,#174,#182,#190,#197,#204,#212,#220,
#228,#236,#244,#252,#260,#268,#275,#282,#289,#297,#304,#312,#320,#327,#334,#342,
#349,#357,#365,#372,#380,#387,#395,#403,#410,#417,#425,#433,#440,#448,#456,#464,
#471,#478,#485,#492,#499,#506,#513,#520,#527,#534,#541,#548,#555,#562,#569,#576,
#584,#592,#600,#607,#614,#621,#628,#636,#643,#651,#659,#666,#674,#681,#689,#696,
#704,#711,#719,#726,#734,#741,#749,#757,#764,#771,#779,#786,#794,#801,#808,#815,
#822,#829,#836,#843,#850,#857,#864,#871,#878,#885,#892,#899,#906,#913,#920,#927,
#934,#942,#949,#957,#965,#972,#980,#987,#994,#1002,#1009,#1017,#1025,#1032,
#1040,#1047,#1055,#1063,#1070,#1078,#1085,#1093,#1100,#1107,#1114,#1121,#1128,
#1135,#1142,#1149,#1156,#1163,#1170,#1177,#1184,#1191,#1198,#1205,#1212,#1220,
#1227,#1235,#1242,#1250,#1258,#1265,#1273,#1281,#1288,#1295,#1303,#1310,#1318,
#1326,#1333,#1341,#1348,#1356,#1364,#1371,#1378,#1385,#1392,#1399,#1406,#1413,
#1420,#1428,#1435,#1443,#1450,#1458,#1466,#1473,#1481,#1489,#1496,#1503,#1511,
#1518,#1526,#1534,#1541,#1549,#1556,#1564,#1572,#1579,#1586,#1593,#1600,#1607,
#1614,#1621,#1628,#1635,#1642,#1650,#1658,#1666,#1674,#1682,#1690,#1698,#1706,
#1714,#1722,#1730,#1738,#1746,#1754,#1762,#1770,#1778,#1785,#1793,#1801,#1809,
#1817,#1825,#1833,#1841,#1848,#1856,#1864,#1872,#1880,#1888,#1896,#1904,#1912,
#1920,#1928,#1936,#1943,#1951,#1959,#1967,#1975,#1983,#1990,#1998,#2006,#2014,
#2022,#2030,#2038,#2046,#2054,#2062,#2070,#2078,#2086,#2094,#2102,#2110,#2117,
#2124,#2132,#2140,#2147,#2154,#2162,#2170,#2178,#2186,#2193,#2200,#2208,#2216,
#2223,#2230,#2238,#2246,#2962,#2989,#3052,#3077,#3102,#3141,#3168,#3215,#3276,
#3300,#3325,#3350,#3378,#3406,#3434,#3459,#3486,#3533,#3560,#3606,#3630,#3655,
#3680,#3705,#3729,#3753,#3779,#3804,#3830,#3855,#3879,#3905,#3929,#3953,#3980,
#4023,#4050,#4076,#4101,#4141,#4166,#4191,#4215,#4239,#4267,#4293,#4336,#4363,
#4389,#4414,#4454,#4479,#4504,#4529,#4553,#4577,#4601,#4625,#4650,#4674,#4742,
#4903,#5136,#71,#6153,#6161,#6169,#6177,#6185,#6193,#6201,#6209,#6145),#6362);
#6368=PRODUCT_CONTEXT('',#5210,'mechanical');
#6369=PRODUCT('LED_WD16D_ASM','LED_WD16D_ASM','NOT SPECIFIED',(#6368));
#6370=PRODUCT_DEFINITION_FORMATION('10','LAST_VERSION',#6369);
#6373=DERIVED_UNIT_ELEMENT(#6372,2.E0);
#6374=DERIVED_UNIT((#6373));
#6375=MEASURE_REPRESENTATION_ITEM('surface area measure',AREA_MEASURE(
2.791500655006E3),#6374);
#6380=DERIVED_UNIT_ELEMENT(#6379,3.E0);
#6381=DERIVED_UNIT((#6380));
#6382=MEASURE_REPRESENTATION_ITEM('volume measure',VOLUME_MEASURE(
5.588111390251E3),#6381);
#6386=CARTESIAN_POINT('centre point',(2.080897874367E-8,-7.497615048782E-6,
-1.116915745241E1));
#6390=PRODUCT_RELATED_PRODUCT_CATEGORY('part','',(#6369,#5214,#6086,#6298));
#1=COLOUR_RGB('',0.E0,2.66667E-1,1.E0);
#2=COLOUR_RGB('',0.E0,4.E-1,4.E-1);
#3=COLOUR_RGB('',0.E0,4.E-1,6.E-1);
#4=COLOUR_RGB('',0.E0,6.E-1,6.E-1);
#5=COLOUR_RGB('',0.E0,8.03922E-1,5.2549E-1);
#6=DRAUGHTING_PRE_DEFINED_COLOUR('green');
#7=COLOUR_RGB('',1.1E-2,1.2E-2,1.E0);
#8=COLOUR_RGB('',5.098E-2,8.35294E-1,7.96078E-1);
#9=COLOUR_RGB('',8.2353E-2,6.62745E-1,7.80392E-1);
#10=COLOUR_RGB('',1.41176E-1,6.19608E-1,6.43137E-1);
#11=COLOUR_RGB('',2.E-1,2.E-1,1.E0);
#12=COLOUR_RGB('',2.E-1,4.E-1,2.E-1);
#13=COLOUR_RGB('',2.E-1,6.E-1,2.E-1);
#14=COLOUR_RGB('',2.E-1,1.E0,2.E-1);
#15=COLOUR_RGB('',2.07843E-1,3.76471E-1,5.68627E-1);
#16=COLOUR_RGB('',2.15686E-1,6.66667E-1,5.29412E-1);
#17=COLOUR_RGB('',2.78431E-1,5.64706E-1,4.15686E-1);
#18=COLOUR_RGB('',2.980392156863E-1,2.980392156863E-1,2.980392156863E-1);
#19=COLOUR_RGB('',3.33333E-1,6.90196E-1,1.E0);
#20=COLOUR_RGB('',3.4E-1,7.1E-1,8.9E-1);
#21=COLOUR_RGB('',3.76471E-1,8.03922E-1,8.19608E-1);
#22=COLOUR_RGB('',4.E-1,0.E0,8.E-1);
#23=COLOUR_RGB('',4.E-1,4.E-1,2.E-1);
#24=COLOUR_RGB('',4.E-1,4.E-1,8.E-1);
#25=COLOUR_RGB('',4.E-1,8.E-1,0.E0);
#26=COLOUR_RGB('',4.E-1,8.E-1,1.E0);
#27=COLOUR_RGB('',4.03922E-1,8.23529E-1,6.11765E-1);
#28=COLOUR_RGB('',4.1E-1,2.61589E-1,1.12848E-1);
#29=COLOUR_RGB('',4.43137E-1,4.15686E-1,1.E0);
#30=COLOUR_RGB('',4.43137E-1,1.E0,8.03922E-1);
#31=COLOUR_RGB('',4.980392156863E-1,4.980392156863E-1,4.980392156863E-1);
#32=COLOUR_RGB('',5.04854E-1,1.5455E-2,1.5455E-2);
#33=COLOUR_RGB('',5.76471E-1,5.41176E-1,3.92157E-1);
#34=COLOUR_RGB('',6.E-1,2.E-1,4.E-1);
#35=COLOUR_RGB('',6.E-1,4.E-1,2.E-1);
#36=COLOUR_RGB('',6.E-1,1.E0,1.E0);
#37=COLOUR_RGB('',6.03922E-1,8.07843E-1,6.54902E-1);
#38=COLOUR_RGB('',6.07843E-1,8.15686E-1,4.90196E-1);
#39=COLOUR_RGB('',6.35294E-1,6.86275E-1,7.4902E-1);
#40=COLOUR_RGB('',6.40777E-1,6.40777E-1,6.40777E-1);
#41=COLOUR_RGB('',6.62745E-1,8.82353E-1,8.31373E-1);
#42=COLOUR_RGB('',6.69062E-1,6.69903E-1,6.55217E-1);
#43=COLOUR_RGB('',7.05882E-1,7.05882E-1,1.E0);
#44=COLOUR_RGB('',7.09804E-1,6.7451E-1,3.72549E-1);
#45=COLOUR_RGB('',7.29412E-1,7.4902E-1,6.47059E-1);
#46=COLOUR_RGB('',7.921568627451E-1,8.196078431373E-1,9.333333333333E-1);
#47=COLOUR_RGB('',8.E-1,2.E-1,8.E-1);
#48=COLOUR_RGB('',8.E-1,4.E-1,6.E-1);
#49=COLOUR_RGB('',8.E-1,6.E-1,2.E-1);
#50=COLOUR_RGB('',8.E-1,8.E-1,8.E-1);
#51=COLOUR_RGB('',8.E-1,1.E0,2.E-1);
#52=COLOUR_RGB('',8.15686E-1,7.01961E-1,6.15686E-1);
#53=COLOUR_RGB('',8.5098E-1,3.33333E-1,2.94118E-1);
#54=COLOUR_RGB('',8.62745E-1,9.33333E-1,9.29412E-1);
#55=COLOUR_RGB('',8.7451E-1,8.23529E-1,7.68627E-1);
#56=COLOUR_RGB('',8.78431E-1,8.43137E-1,5.4902E-1);
#57=COLOUR_RGB('',9.01961E-1,4.78431E-1,6.6667E-2);
#58=COLOUR_RGB('',9.21569E-1,7.05882E-1,4.70588E-1);
#59=DRAUGHTING_PRE_DEFINED_COLOUR('red');
#60=COLOUR_RGB('',1.E0,2.27451E-1,8.78431E-1);
#61=COLOUR_RGB('',1.E0,4.E-1,4.E-1);
#62=COLOUR_RGB('',1.E0,6.E-1,6.E-1);
#63=COLOUR_RGB('',1.E0,7.92157E-1,0.E0);
#64=COLOUR_RGB('',1.E0,9.56863E-1,6.54902E-1);
#65=DRAUGHTING_PRE_DEFINED_COLOUR('yellow');
#66=COLOUR_RGB('',1.E0,1.E0,5.3E-1);
#67=COLOUR_RGB('',1.E0,1.E0,9.49E-1);
#68=DRAUGHTING_PRE_DEFINED_COLOUR('white');
#69=COLOUR_RGB('',5.88235E-1,5.88235E-1,5.88235E-1);
#70=COLOUR_RGB('',8.03922E-1,5.88235E-1,1.96078E-1);
#76=CIRCLE('',#75,6.962936341696E0);
#85=CIRCLE('',#84,6.962936341696E0);
#93=CIRCLE('',#92,6.75E0);
#101=CIRCLE('',#100,6.75E0);
#109=CIRCLE('',#108,7.032798306621E0);
#117=CIRCLE('',#116,1.5E-1);
#139=CIRCLE('',#138,1.5E-1);
#147=CIRCLE('',#146,8.9E0);
#155=CIRCLE('',#154,8.819861964925E0);
#163=CIRCLE('',#162,8.819861964925E0);
#171=CIRCLE('',#170,1.5E-1);
#179=CIRCLE('',#178,8.9E0);
#187=CIRCLE('',#186,8.9E0);
#209=CIRCLE('',#208,1.5E-1);
#217=CIRCLE('',#216,1.5E-1);
#225=CIRCLE('',#224,8.9E0);
#233=CIRCLE('',#232,7.5E0);
#241=CIRCLE('',#240,7.5E0);
#249=CIRCLE('',#248,8.75E0);
#257=CIRCLE('',#256,8.75E0);
#265=CIRCLE('',#264,7.5E0);
#294=CIRCLE('',#293,7.5E0);
#309=CIRCLE('',#308,8.E0);
#317=CIRCLE('',#316,8.E0);
#339=CIRCLE('',#338,7.5E0);
#354=CIRCLE('',#353,7.5E0);
#362=CIRCLE('',#361,7.5E0);
#377=CIRCLE('',#376,7.5E0);
#392=CIRCLE('',#391,8.E0);
#400=CIRCLE('',#399,8.E0);
#422=CIRCLE('',#421,7.E0);
#430=CIRCLE('',#429,7.E0);
#445=CIRCLE('',#444,5.E-1);
#453=CIRCLE('',#452,6.5E0);
#461=CIRCLE('',#460,6.5E0);
#581=CIRCLE('',#580,5.E-1);
#589=CIRCLE('',#588,7.E0);
#597=CIRCLE('',#596,7.E0);
#633=CIRCLE('',#632,5.E-1);
#648=CIRCLE('',#647,5.E-1);
#656=CIRCLE('',#655,5.E-1);
#671=CIRCLE('',#670,5.E-1);
#686=CIRCLE('',#685,4.E-1);
#701=CIRCLE('',#700,4.E-1);
#716=CIRCLE('',#715,5.E-1);
#731=CIRCLE('',#730,5.E-1);
#746=CIRCLE('',#745,5.E-1);
#754=CIRCLE('',#753,5.E-1);
#776=CIRCLE('',#775,4.E-1);
#791=CIRCLE('',#790,4.E-1);
#939=CIRCLE('',#938,5.E-1);
#954=CIRCLE('',#953,5.E-1);
#962=CIRCLE('',#961,5.E-1);
#977=CIRCLE('',#976,5.E-1);
#999=CIRCLE('',#998,4.E-1);
#1014=CIRCLE('',#1013,4.E-1);
#1022=CIRCLE('',#1021,5.E-1);
#1037=CIRCLE('',#1036,5.E-1);
#1052=CIRCLE('',#1051,5.E-1);
#1060=CIRCLE('',#1059,5.E-1);
#1075=CIRCLE('',#1074,4.E-1);
#1090=CIRCLE('',#1089,4.E-1);
#1217=CIRCLE('',#1216,5.E-1);
#1232=CIRCLE('',#1231,5.E-1);
#1247=CIRCLE('',#1246,5.E-1);
#1255=CIRCLE('',#1254,5.E-1);
#1270=CIRCLE('',#1269,4.E-1);
#1278=CIRCLE('',#1277,4.E-1);
#1300=CIRCLE('',#1299,5.E-1);
#1315=CIRCLE('',#1314,5.E-1);
#1323=CIRCLE('',#1322,5.E-1);
#1338=CIRCLE('',#1337,5.E-1);
#1353=CIRCLE('',#1352,4.E-1);
#1361=CIRCLE('',#1360,4.E-1);
#1425=CIRCLE('',#1424,5.E-1);
#1440=CIRCLE('',#1439,5.E-1);
#1455=CIRCLE('',#1454,5.E-1);
#1463=CIRCLE('',#1462,5.E-1);
#1478=CIRCLE('',#1477,4.E-1);
#1486=CIRCLE('',#1485,4.E-1);
#1508=CIRCLE('',#1507,5.E-1);
#1523=CIRCLE('',#1522,5.E-1);
#1531=CIRCLE('',#1530,5.E-1);
#1546=CIRCLE('',#1545,5.E-1);
#1561=CIRCLE('',#1560,4.E-1);
#1569=CIRCLE('',#1568,4.E-1);
#1647=CIRCLE('',#1646,1.5E-1);
#1655=CIRCLE('',#1654,7.032798306621E0);
#1663=CIRCLE('',#1662,1.5E-1);
#1671=CIRCLE('',#1670,1.5E-1);
#1679=CIRCLE('',#1678,6.6E0);
#1687=CIRCLE('',#1686,6.6E0);
#1695=CIRCLE('',#1694,5.75E0);
#1703=CIRCLE('',#1702,5.75E0);
#1711=CIRCLE('',#1710,1.5E-1);
#1719=CIRCLE('',#1718,1.5E-1);
#1727=CIRCLE('',#1726,5.6E0);
#1735=CIRCLE('',#1734,5.6E0);
#1743=CIRCLE('',#1742,3.E-1);
#1751=CIRCLE('',#1750,3.15E0);
#1759=CIRCLE('',#1758,3.15E0);
#1767=CIRCLE('',#1766,3.15E0);
#1775=CIRCLE('',#1774,3.E-1);
#1790=CIRCLE('',#1789,3.E-1);
#1798=CIRCLE('',#1797,3.E-1);
#1806=CIRCLE('',#1805,2.35E0);
#1814=CIRCLE('',#1813,2.35E0);
#1822=CIRCLE('',#1821,2.35E0);
#1830=CIRCLE('',#1829,3.E-1);
#1838=CIRCLE('',#1837,3.E-1);
#1853=CIRCLE('',#1852,3.E-1);
#1861=CIRCLE('',#1860,3.E-1);
#1869=CIRCLE('',#1868,3.E-1);
#1877=CIRCLE('',#1876,3.E-1);
#1885=CIRCLE('',#1884,1.5E-1);
#1893=CIRCLE('',#1892,1.5E-1);
#1901=CIRCLE('',#1900,2.5E0);
#1909=CIRCLE('',#1908,2.5E0);
#1917=CIRCLE('',#1916,2.5E0);
#1925=CIRCLE('',#1924,1.5E-1);
#1933=CIRCLE('',#1932,1.5E-1);
#1948=CIRCLE('',#1947,1.5E-1);
#1956=CIRCLE('',#1955,3.E0);
#1964=CIRCLE('',#1963,3.E0);
#1972=CIRCLE('',#1971,3.E0);
#1980=CIRCLE('',#1979,1.5E-1);
#1995=CIRCLE('',#1994,1.5E-1);
#2003=CIRCLE('',#2002,1.5E-1);
#2011=CIRCLE('',#2010,1.5E-1);
#2019=CIRCLE('',#2018,1.5E-1);
#2027=CIRCLE('',#2026,1.5E-1);
#2035=CIRCLE('',#2034,1.5E-1);
#2043=CIRCLE('',#2042,1.5E-1);
#2051=CIRCLE('',#2050,1.5E-1);
#2059=CIRCLE('',#2058,1.5E-1);
#2067=CIRCLE('',#2066,1.5E-1);
#2075=CIRCLE('',#2074,1.5E-1);
#2083=CIRCLE('',#2082,1.5E-1);
#2091=CIRCLE('',#2090,1.5E-1);
#2099=CIRCLE('',#2098,1.5E-1);
#2107=CIRCLE('',#2106,1.5E-1);
#2129=CIRCLE('',#2128,1.5E-1);
#2137=CIRCLE('',#2136,1.5E-1);
#2159=CIRCLE('',#2158,1.5E-1);
#2167=CIRCLE('',#2166,1.5E-1);
#2175=CIRCLE('',#2174,1.5E-1);
#2183=CIRCLE('',#2182,1.5E-1);
#2205=CIRCLE('',#2204,1.5E-1);
#2213=CIRCLE('',#2212,1.5E-1);
#2235=CIRCLE('',#2234,1.5E-1);
#2243=CIRCLE('',#2242,1.5E-1);
#2624=EDGE_CURVE('',#2344,#2327,#76,.T.);
#2626=EDGE_CURVE('',#2327,#2344,#85,.T.);
#2630=EDGE_CURVE('',#2429,#2430,#93,.T.);
#2632=EDGE_CURVE('',#2430,#2429,#101,.T.);
#2636=ADVANCED_FACE('',(#2629,#2635),#2623,.T.);
#2642=EDGE_CURVE('',#2282,#2328,#109,.T.);
#2644=EDGE_CURVE('',#2344,#2282,#117,.T.);
#2647=EDGE_CURVE('',#2327,#2328,#1647,.T.);
#2651=ADVANCED_FACE('',(#2650),#2641,.T.);
#2658=EDGE_CURVE('',#2342,#2328,#124,.T.);
#2660=EDGE_CURVE('',#2342,#2281,#163,.T.);
#2662=EDGE_CURVE('',#2281,#2282,#131,.T.);
#2666=ADVANCED_FACE('',(#2665),#2656,.T.);
#2673=EDGE_CURVE('',#2281,#2342,#155,.T.);
#2676=EDGE_CURVE('',#2328,#2282,#1655,.T.);
#2680=ADVANCED_FACE('',(#2679),#2671,.T.);
#2686=EDGE_CURVE('',#2300,#2281,#139,.T.);
#2688=EDGE_CURVE('',#2299,#2300,#147,.T.);
#2690=EDGE_CURVE('',#2299,#2342,#171,.T.);
#2695=ADVANCED_FACE('',(#2694),#2685,.T.);
#2703=EDGE_CURVE('',#2300,#2299,#179,.T.);
#2708=ADVANCED_FACE('',(#2707),#2700,.T.);
#2714=EDGE_CURVE('',#2362,#2361,#187,.T.);
#2716=EDGE_CURVE('',#2362,#2300,#194,.T.);
#2719=EDGE_CURVE('',#2299,#2361,#201,.T.);
#2723=ADVANCED_FACE('',(#2722),#2713,.T.);
#2730=EDGE_CURVE('',#2361,#2365,#217,.T.);
#2732=EDGE_CURVE('',#2366,#2365,#257,.T.);
#2734=EDGE_CURVE('',#2362,#2366,#209,.T.);
#2738=ADVANCED_FACE('',(#2737),#2728,.T.);
#2744=EDGE_CURVE('',#2361,#2362,#225,.T.);
#2747=EDGE_CURVE('',#2365,#2366,#249,.T.);
#2752=ADVANCED_FACE('',(#2751),#2743,.T.);
#2764=ADVANCED_FACE('',(#2763),#2757,.T.);
#2774=EDGE_CURVE('',#2369,#2370,#233,.T.);
#2776=EDGE_CURVE('',#2370,#2369,#241,.T.);
#2780=ADVANCED_FACE('',(#2773,#2779),#2769,.T.);
#2786=EDGE_CURVE('',#2374,#2373,#265,.T.);
#2788=EDGE_CURVE('',#2369,#2374,#272,.T.);
#2791=EDGE_CURVE('',#2370,#2373,#301,.T.);
#2795=ADVANCED_FACE('',(#2794),#2785,.T.);
#2802=EDGE_CURVE('',#2373,#2377,#286,.T.);
#2804=EDGE_CURVE('',#2378,#2377,#400,.T.);
#2806=EDGE_CURVE('',#2374,#2378,#279,.T.);
#2810=ADVANCED_FACE('',(#2809),#2800,.T.);
#2816=EDGE_CURVE('',#2373,#2374,#294,.T.);
#2819=EDGE_CURVE('',#2377,#2378,#317,.T.);
#2824=ADVANCED_FACE('',(#2823),#2815,.T.);
#2836=ADVANCED_FACE('',(#2835),#2829,.T.);
#2842=EDGE_CURVE('',#2617,#2618,#309,.T.);
#2844=EDGE_CURVE('',#2377,#2618,#407,.T.);
#2847=EDGE_CURVE('',#2378,#2617,#324,.T.);
#2851=ADVANCED_FACE('',(#2850),#2841,.T.);
#2857=EDGE_CURVE('',#2613,#2614,#339,.T.);
#2859=EDGE_CURVE('',#2614,#2618,#384,.T.);
#2862=EDGE_CURVE('',#2613,#2617,#331,.T.);
#2866=ADVANCED_FACE('',(#2865),#2856,.T.);
#2873=EDGE_CURVE('',#2613,#2385,#346,.T.);
#2875=EDGE_CURVE('',#2385,#2386,#354,.T.);
#2877=EDGE_CURVE('',#2614,#2386,#369,.T.);
#2881=ADVANCED_FACE('',(#2880),#2871,.T.);
#2887=EDGE_CURVE('',#2614,#2613,#362,.T.);
#2890=EDGE_CURVE('',#2386,#2385,#377,.T.);
#2895=ADVANCED_FACE('',(#2894),#2886,.T.);
#2903=EDGE_CURVE('',#2618,#2617,#392,.T.);
#2908=ADVANCED_FACE('',(#2907),#2900,.T.);
#2920=ADVANCED_FACE('',(#2919),#2913,.T.);
#2926=EDGE_CURVE('',#2382,#2381,#430,.T.);
#2928=EDGE_CURVE('',#2381,#2385,#611,.T.);
#2931=EDGE_CURVE('',#2382,#2386,#414,.T.);
#2935=ADVANCED_FACE('',(#2934),#2925,.T.);
#2941=EDGE_CURVE('',#2394,#2393,#422,.T.);
#2943=EDGE_CURVE('',#2381,#2393,#604,.T.);
#2946=EDGE_CURVE('',#2382,#2394,#437,.T.);
#2950=ADVANCED_FACE('',(#2949),#2940,.T.);
#2968=EDGE_CURVE('',#2390,#2389,#461,.T.);
#2970=EDGE_CURVE('',#2389,#2393,#581,.T.);
#2973=EDGE_CURVE('',#2390,#2394,#445,.T.);
#2977=ADVANCED_FACE('',(#2976),#2967,.T.);
#2995=EDGE_CURVE('',#2389,#2390,#453,.T.);
#3000=EDGE_CURVE('',#2397,#2398,#468,.T.);
#3002=EDGE_CURVE('',#2398,#2400,#475,.T.);
#3004=EDGE_CURVE('',#2400,#2402,#482,.T.);
#3006=EDGE_CURVE('',#2402,#2397,#489,.T.);
#3010=EDGE_CURVE('',#2405,#2406,#496,.T.);
#3012=EDGE_CURVE('',#2406,#2408,#503,.T.);
#3014=EDGE_CURVE('',#2408,#2410,#510,.T.);
#3016=EDGE_CURVE('',#2410,#2405,#517,.T.);
#3020=EDGE_CURVE('',#2413,#2414,#524,.T.);
#3022=EDGE_CURVE('',#2414,#2416,#531,.T.);
#3024=EDGE_CURVE('',#2416,#2418,#538,.T.);
#3026=EDGE_CURVE('',#2418,#2413,#545,.T.);
#3030=EDGE_CURVE('',#2421,#2422,#552,.T.);
#3032=EDGE_CURVE('',#2422,#2424,#559,.T.);
#3034=EDGE_CURVE('',#2424,#2426,#566,.T.);
#3036=EDGE_CURVE('',#2426,#2421,#573,.T.);
#3040=ADVANCED_FACE('',(#2999,#3009,#3019,#3029,#3039),#2994,.T.);
#3060=EDGE_CURVE('',#2393,#2394,#589,.T.);
#3065=ADVANCED_FACE('',(#3064),#3057,.T.);
#3085=EDGE_CURVE('',#2381,#2382,#597,.T.);
#3090=ADVANCED_FACE('',(#3089),#3082,.T.);
#3114=ADVANCED_FACE('',(#3113),#3107,.T.);
#3120=EDGE_CURVE('',#2498,#2493,#618,.T.);
#3122=EDGE_CURVE('',#2398,#2498,#723,.T.);
#3125=EDGE_CURVE('',#2397,#2493,#625,.T.);
#3129=ADVANCED_FACE('',(#3128),#3119,.T.);
#3147=EDGE_CURVE('',#2493,#2494,#671,.T.);
#3149=EDGE_CURVE('',#2496,#2494,#812,.T.);
#3151=EDGE_CURVE('',#2496,#2498,#731,.T.);
#3156=ADVANCED_FACE('',(#3155),#3146,.T.);
#3174=EDGE_CURVE('',#2488,#2490,#633,.T.);
#3176=EDGE_CURVE('',#2558,#2488,#640,.T.);
#3178=EDGE_CURVE('',#2557,#2558,#648,.T.);
#3180=EDGE_CURVE('',#2557,#2554,#917,.T.);
#3182=EDGE_CURVE('',#2552,#2554,#656,.T.);
#3184=EDGE_CURVE('',#2494,#2552,#663,.T.);
#3189=EDGE_CURVE('',#2402,#2490,#678,.T.);
#3193=EDGE_CURVE('',#2574,#2578,#686,.T.);
#3195=EDGE_CURVE('',#2594,#2578,#693,.T.);
#3197=EDGE_CURVE('',#2594,#2590,#701,.T.);
#3199=EDGE_CURVE('',#2574,#2590,#708,.T.);
#3203=ADVANCED_FACE('',(#3192,#3202),#3173,.T.);
#3221=EDGE_CURVE('',#2485,#2486,#716,.T.);
#3223=EDGE_CURVE('',#2488,#2486,#1632,.T.);
#3226=EDGE_CURVE('',#2490,#2485,#798,.T.);
#3230=ADVANCED_FACE('',(#3229),#3220,.T.);
#3237=EDGE_CURVE('',#2400,#2485,#805,.T.);
#3242=EDGE_CURVE('',#2550,#2496,#738,.T.);
#3244=EDGE_CURVE('',#2549,#2550,#746,.T.);
#3246=EDGE_CURVE('',#2549,#2562,#931,.T.);
#3248=EDGE_CURVE('',#2560,#2562,#754,.T.);
#3250=EDGE_CURVE('',#2486,#2560,#761,.T.);
#3254=EDGE_CURVE('',#2593,#2577,#768,.T.);
#3256=EDGE_CURVE('',#2577,#2573,#776,.T.);
#3258=EDGE_CURVE('',#2573,#2589,#783,.T.);
#3260=EDGE_CURVE('',#2589,#2593,#791,.T.);
#3264=ADVANCED_FACE('',(#3253,#3263),#3235,.T.);
#3288=ADVANCED_FACE('',(#3287),#3281,.T.);
#3308=EDGE_CURVE('',#2552,#2550,#819,.T.);
#3313=ADVANCED_FACE('',(#3312),#3305,.T.);
#3334=EDGE_CURVE('',#2554,#2549,#910,.T.);
#3338=ADVANCED_FACE('',(#3337),#3330,.T.);
#3356=EDGE_CURVE('',#2506,#2501,#826,.T.);
#3358=EDGE_CURVE('',#2509,#2506,#833,.T.);
#3360=EDGE_CURVE('',#2514,#2509,#840,.T.);
#3362=EDGE_CURVE('',#2501,#2514,#847,.T.);
#3366=ADVANCED_FACE('',(#3365),#3355,.T.);
#3384=EDGE_CURVE('',#2522,#2517,#854,.T.);
#3386=EDGE_CURVE('',#2525,#2522,#861,.T.);
#3388=EDGE_CURVE('',#2530,#2525,#868,.T.);
#3390=EDGE_CURVE('',#2517,#2530,#875,.T.);
#3394=ADVANCED_FACE('',(#3393),#3383,.T.);
#3412=EDGE_CURVE('',#2538,#2533,#882,.T.);
#3414=EDGE_CURVE('',#2541,#2538,#889,.T.);
#3416=EDGE_CURVE('',#2546,#2541,#896,.T.);
#3418=EDGE_CURVE('',#2533,#2546,#903,.T.);
#3422=ADVANCED_FACE('',(#3421),#3411,.T.);
#3442=EDGE_CURVE('',#2562,#2557,#924,.T.);
#3447=ADVANCED_FACE('',(#3446),#3439,.T.);
#3465=EDGE_CURVE('',#2501,#2502,#954,.T.);
#3467=EDGE_CURVE('',#2504,#2502,#1153,.T.);
#3469=EDGE_CURVE('',#2504,#2506,#1060,.T.);
#3474=ADVANCED_FACE('',(#3473),#3464,.T.);
#3492=EDGE_CURVE('',#2440,#2442,#939,.T.);
#3494=EDGE_CURVE('',#2502,#2440,#946,.T.);
#3498=EDGE_CURVE('',#2512,#2514,#962,.T.);
#3500=EDGE_CURVE('',#2446,#2512,#969,.T.);
#3502=EDGE_CURVE('',#2445,#2446,#977,.T.);
#3504=EDGE_CURVE('',#2422,#2445,#1125,.T.);
#3507=EDGE_CURVE('',#2421,#2442,#984,.T.);
#3511=EDGE_CURVE('',#2585,#2569,#991,.T.);
#3513=EDGE_CURVE('',#2569,#2565,#999,.T.);
#3515=EDGE_CURVE('',#2565,#2581,#1006,.T.);
#3517=EDGE_CURVE('',#2581,#2585,#1014,.T.);
#3521=ADVANCED_FACE('',(#3510,#3520),#3491,.T.);
#3539=EDGE_CURVE('',#2437,#2438,#1022,.T.);
#3541=EDGE_CURVE('',#2440,#2438,#1146,.T.);
#3544=EDGE_CURVE('',#2442,#2437,#1104,.T.);
#3548=ADVANCED_FACE('',(#3547),#3538,.T.);
#3567=EDGE_CURVE('',#2426,#2437,#1111,.T.);
#3570=EDGE_CURVE('',#2424,#2450,#1029,.T.);
#3572=EDGE_CURVE('',#2448,#2450,#1037,.T.);
#3574=EDGE_CURVE('',#2510,#2448,#1044,.T.);
#3576=EDGE_CURVE('',#2509,#2510,#1052,.T.);
#3580=EDGE_CURVE('',#2438,#2504,#1067,.T.);
#3584=EDGE_CURVE('',#2566,#2570,#1075,.T.);
#3586=EDGE_CURVE('',#2586,#2570,#1082,.T.);
#3588=EDGE_CURVE('',#2586,#2582,#1090,.T.);
#3590=EDGE_CURVE('',#2566,#2582,#1097,.T.);
#3594=ADVANCED_FACE('',(#3583,#3593),#3565,.T.);
#3618=ADVANCED_FACE('',(#3617),#3611,.T.);
#3636=EDGE_CURVE('',#2450,#2445,#1118,.T.);
#3643=ADVANCED_FACE('',(#3642),#3635,.T.);
#3662=EDGE_CURVE('',#2448,#2446,#1132,.T.);
#3668=ADVANCED_FACE('',(#3667),#3660,.T.);
#3688=EDGE_CURVE('',#2512,#2510,#1139,.T.);
#3693=ADVANCED_FACE('',(#3692),#3685,.T.);
#3717=ADVANCED_FACE('',(#3716),#3710,.T.);
#3741=ADVANCED_FACE('',(#3740),#3734,.T.);
#3759=EDGE_CURVE('',#2565,#2566,#1160,.T.);
#3762=EDGE_CURVE('',#2569,#2570,#1188,.T.);
#3767=ADVANCED_FACE('',(#3766),#3758,.F.);
#3787=EDGE_CURVE('',#2581,#2582,#1167,.T.);
#3792=ADVANCED_FACE('',(#3791),#3784,.F.);
#3810=EDGE_CURVE('',#2573,#2574,#1174,.T.);
#3813=EDGE_CURVE('',#2589,#2590,#1181,.T.);
#3818=ADVANCED_FACE('',(#3817),#3809,.F.);
#3838=EDGE_CURVE('',#2585,#2586,#1195,.T.);
#3843=ADVANCED_FACE('',(#3842),#3835,.F.);
#3867=ADVANCED_FACE('',(#3866),#3860,.F.);
#3885=EDGE_CURVE('',#2577,#2578,#1202,.T.);
#3888=EDGE_CURVE('',#2593,#2594,#1209,.T.);
#3893=ADVANCED_FACE('',(#3892),#3884,.F.);
#3917=ADVANCED_FACE('',(#3916),#3910,.F.);
#3941=ADVANCED_FACE('',(#3940),#3934,.F.);
#3959=EDGE_CURVE('',#2517,#2518,#1247,.T.);
#3961=EDGE_CURVE('',#2520,#2518,#1375,.T.);
#3963=EDGE_CURVE('',#2520,#2522,#1323,.T.);
#3968=ADVANCED_FACE('',(#3967),#3958,.T.);
#3986=EDGE_CURVE('',#2453,#2454,#1217,.T.);
#3988=EDGE_CURVE('',#2410,#2453,#1403,.T.);
#3991=EDGE_CURVE('',#2408,#2466,#1224,.T.);
#3993=EDGE_CURVE('',#2464,#2466,#1232,.T.);
#3995=EDGE_CURVE('',#2518,#2464,#1239,.T.);
#3999=EDGE_CURVE('',#2528,#2530,#1255,.T.);
#4001=EDGE_CURVE('',#2454,#2528,#1262,.T.);
#4005=EDGE_CURVE('',#2609,#2610,#1270,.T.);
#4007=EDGE_CURVE('',#2610,#2609,#1278,.T.);
#4011=ADVANCED_FACE('',(#4004,#4010),#3985,.T.);
#4030=EDGE_CURVE('',#2456,#2454,#1285,.T.);
#4032=EDGE_CURVE('',#2456,#2458,#1300,.T.);
#4034=EDGE_CURVE('',#2458,#2453,#1396,.T.);
#4038=ADVANCED_FACE('',(#4037),#4028,.T.);
#4058=EDGE_CURVE('',#2528,#2526,#1292,.T.);
#4060=EDGE_CURVE('',#2526,#2456,#1307,.T.);
#4064=ADVANCED_FACE('',(#4063),#4055,.T.);
#4082=EDGE_CURVE('',#2525,#2526,#1315,.T.);
#4089=ADVANCED_FACE('',(#4088),#4081,.T.);
#4112=EDGE_CURVE('',#2462,#2520,#1330,.T.);
#4114=EDGE_CURVE('',#2461,#2462,#1338,.T.);
#4116=EDGE_CURVE('',#2406,#2461,#1389,.T.);
#4119=EDGE_CURVE('',#2405,#2458,#1345,.T.);
#4123=EDGE_CURVE('',#2605,#2606,#1353,.T.);
#4125=EDGE_CURVE('',#2606,#2605,#1361,.T.);
#4129=ADVANCED_FACE('',(#4122,#4128),#4106,.T.);
#4147=EDGE_CURVE('',#2464,#2462,#1368,.T.);
#4154=ADVANCED_FACE('',(#4153),#4146,.T.);
#4175=EDGE_CURVE('',#2466,#2461,#1382,.T.);
#4179=ADVANCED_FACE('',(#4178),#4171,.T.);
#4203=ADVANCED_FACE('',(#4202),#4196,.T.);
#4227=ADVANCED_FACE('',(#4226),#4220,.T.);
#4245=EDGE_CURVE('',#2597,#2598,#1478,.T.);
#4247=EDGE_CURVE('',#2597,#2601,#1410,.T.);
#4249=EDGE_CURVE('',#2601,#2602,#1561,.T.);
#4251=EDGE_CURVE('',#2598,#2602,#1618,.T.);
#4255=ADVANCED_FACE('',(#4254),#4244,.F.);
#4274=EDGE_CURVE('',#2605,#2609,#1417,.T.);
#4277=EDGE_CURVE('',#2606,#2610,#1625,.T.);
#4281=ADVANCED_FACE('',(#4280),#4272,.F.);
#4299=EDGE_CURVE('',#2469,#2470,#1425,.T.);
#4301=EDGE_CURVE('',#2416,#2469,#1611,.T.);
#4304=EDGE_CURVE('',#2414,#2482,#1432,.T.);
#4306=EDGE_CURVE('',#2480,#2482,#1440,.T.);
#4308=EDGE_CURVE('',#2542,#2480,#1447,.T.);
#4310=EDGE_CURVE('',#2541,#2542,#1455,.T.);
#4313=EDGE_CURVE('',#2536,#2538,#1463,.T.);
#4315=EDGE_CURVE('',#2470,#2536,#1470,.T.);
#4320=EDGE_CURVE('',#2598,#2597,#1486,.T.);
#4324=ADVANCED_FACE('',(#4318,#4323),#4298,.T.);
#4343=EDGE_CURVE('',#2472,#2470,#1493,.T.);
#4345=EDGE_CURVE('',#2472,#2474,#1508,.T.);
#4347=EDGE_CURVE('',#2474,#2469,#1604,.T.);
#4351=ADVANCED_FACE('',(#4350),#4341,.T.);
#4371=EDGE_CURVE('',#2536,#2534,#1500,.T.);
#4373=EDGE_CURVE('',#2534,#2472,#1515,.T.);
#4377=ADVANCED_FACE('',(#4376),#4368,.T.);
#4395=EDGE_CURVE('',#2533,#2534,#1523,.T.);
#4402=ADVANCED_FACE('',(#4401),#4394,.T.);
#4424=EDGE_CURVE('',#2544,#2546,#1531,.T.);
#4426=EDGE_CURVE('',#2478,#2544,#1538,.T.);
#4428=EDGE_CURVE('',#2477,#2478,#1546,.T.);
#4430=EDGE_CURVE('',#2413,#2477,#1597,.T.);
#4433=EDGE_CURVE('',#2418,#2474,#1553,.T.);
#4438=EDGE_CURVE('',#2602,#2601,#1569,.T.);
#4442=ADVANCED_FACE('',(#4436,#4441),#4419,.T.);
#4461=EDGE_CURVE('',#2544,#2542,#1583,.T.);
#4467=ADVANCED_FACE('',(#4466),#4459,.T.);
#4485=EDGE_CURVE('',#2480,#2478,#1576,.T.);
#4492=ADVANCED_FACE('',(#4491),#4484,.T.);
#4513=EDGE_CURVE('',#2482,#2477,#1590,.T.);
#4517=ADVANCED_FACE('',(#4516),#4509,.T.);
#4541=ADVANCED_FACE('',(#4540),#4534,.T.);
#4565=ADVANCED_FACE('',(#4564),#4558,.T.);
#4589=ADVANCED_FACE('',(#4588),#4582,.F.);
#4613=ADVANCED_FACE('',(#4612),#4606,.F.);
#4632=EDGE_CURVE('',#2560,#2558,#1639,.T.);
#4638=ADVANCED_FACE('',(#4637),#4630,.T.);
#4662=ADVANCED_FACE('',(#4661),#4655,.T.);
#4686=ADVANCED_FACE('',(#4685),#4679,.T.);
#4693=EDGE_CURVE('',#2430,#2432,#1671,.T.);
#4695=EDGE_CURVE('',#2432,#2434,#1687,.T.);
#4697=EDGE_CURVE('',#2429,#2434,#1663,.T.);
#4701=ADVANCED_FACE('',(#4700),#4691,.T.);
#4709=EDGE_CURVE('',#2434,#2432,#1679,.T.);
#4714=ADVANCED_FACE('',(#4713),#4706,.T.);
#4724=EDGE_CURVE('',#2264,#2348,#1695,.T.);
#4726=EDGE_CURVE('',#2348,#2264,#1703,.T.);
#4730=ADVANCED_FACE('',(#4723,#4729),#4719,.T.);
#4749=EDGE_CURVE('',#2257,#2348,#1711,.T.);
#4751=EDGE_CURVE('',#2257,#2258,#1727,.T.);
#4753=EDGE_CURVE('',#2258,#2264,#1719,.T.);
#4757=ADVANCED_FACE('',(#4756),#4747,.T.);
#4764=EDGE_CURVE('',#2258,#2257,#1735,.T.);
#4770=ADVANCED_FACE('',(#4769),#4762,.T.);
#4780=EDGE_CURVE('',#2354,#2274,#1743,.T.);
#4782=EDGE_CURVE('',#2330,#2354,#1751,.T.);
#4784=EDGE_CURVE('',#2304,#2330,#1759,.T.);
#4786=EDGE_CURVE('',#2286,#2304,#1767,.T.);
#4788=EDGE_CURVE('',#2346,#2286,#1775,.T.);
#4790=EDGE_CURVE('',#2320,#2346,#1782,.T.);
#4792=EDGE_CURVE('',#2319,#2320,#1790,.T.);
#4794=EDGE_CURVE('',#2322,#2319,#1798,.T.);
#4796=EDGE_CURVE('',#2262,#2322,#1806,.T.);
#4798=EDGE_CURVE('',#2261,#2262,#1814,.T.);
#4800=EDGE_CURVE('',#2316,#2261,#1822,.T.);
#4802=EDGE_CURVE('',#2250,#2316,#1830,.T.);
#4804=EDGE_CURVE('',#2312,#2250,#1838,.T.);
#4806=EDGE_CURVE('',#2274,#2312,#1845,.T.);
#4810=EDGE_CURVE('',#2324,#2336,#1853,.T.);
#4812=EDGE_CURVE('',#2324,#2268,#2114,.T.);
#4814=EDGE_CURVE('',#2267,#2268,#1861,.T.);
#4816=EDGE_CURVE('',#2267,#2332,#2151,.T.);
#4818=EDGE_CURVE('',#2340,#2332,#1869,.T.);
#4820=EDGE_CURVE('',#2340,#2310,#2227,.T.);
#4822=EDGE_CURVE('',#2338,#2310,#1877,.T.);
#4824=EDGE_CURVE('',#2338,#2336,#2197,.T.);
#4828=ADVANCED_FACE('',(#4779,#4809,#4827),#4775,.T.);
#4834=EDGE_CURVE('',#2254,#2354,#1893,.T.);
#4837=EDGE_CURVE('',#2253,#2274,#1885,.T.);
#4839=EDGE_CURVE('',#2253,#2254,#1980,.T.);
#4843=ADVANCED_FACE('',(#4842),#4833,.T.);
#4851=EDGE_CURVE('',#2254,#2350,#1972,.T.);
#4853=EDGE_CURVE('',#2350,#2330,#2091,.T.);
#4857=ADVANCED_FACE('',(#4856),#4848,.T.);
#4863=EDGE_CURVE('',#2278,#2334,#1901,.T.);
#4865=EDGE_CURVE('',#2277,#2278,#1909,.T.);
#4867=EDGE_CURVE('',#2356,#2277,#1917,.T.);
#4869=EDGE_CURVE('',#2358,#2356,#1925,.T.);
#4871=EDGE_CURVE('',#2296,#2358,#1933,.T.);
#4873=EDGE_CURVE('',#2295,#2296,#1940,.T.);
#4875=EDGE_CURVE('',#2285,#2295,#1948,.T.);
#4877=EDGE_CURVE('',#2303,#2285,#1956,.T.);
#4879=EDGE_CURVE('',#2350,#2303,#1964,.T.);
#4883=EDGE_CURVE('',#2352,#2253,#1987,.T.);
#4885=EDGE_CURVE('',#2249,#2352,#1995,.T.);
#4887=EDGE_CURVE('',#2334,#2249,#2003,.T.);
#4891=ADVANCED_FACE('',(#4890),#4862,.T.);
#4910=EDGE_CURVE('',#2316,#2334,#2011,.T.);
#4913=EDGE_CURVE('',#2261,#2278,#2035,.T.);
#4917=ADVANCED_FACE('',(#4916),#4908,.T.);
#4926=EDGE_CURVE('',#2249,#2250,#2019,.T.);
#4930=ADVANCED_FACE('',(#4929),#4922,.T.);
#4938=EDGE_CURVE('',#2312,#2352,#2027,.T.);
#4943=ADVANCED_FACE('',(#4942),#4935,.T.);
#4955=ADVANCED_FACE('',(#4954),#4948,.T.);
#4963=EDGE_CURVE('',#2262,#2277,#2043,.T.);
#4968=ADVANCED_FACE('',(#4967),#4960,.T.);
#4976=EDGE_CURVE('',#2322,#2356,#2059,.T.);
#4981=ADVANCED_FACE('',(#4980),#4973,.T.);
#4987=EDGE_CURVE('',#2296,#2320,#2051,.T.);
#4996=ADVANCED_FACE('',(#4995),#4986,.T.);
#5004=EDGE_CURVE('',#2346,#2295,#2067,.T.);
#5009=ADVANCED_FACE('',(#5008),#5001,.T.);
#5017=EDGE_CURVE('',#2285,#2286,#2075,.T.);
#5022=ADVANCED_FACE('',(#5021),#5014,.T.);
#5028=EDGE_CURVE('',#2303,#2304,#2083,.T.);
#5035=ADVANCED_FACE('',(#5034),#5027,.T.);
#5047=ADVANCED_FACE('',(#5046),#5040,.T.);
#5053=EDGE_CURVE('',#2324,#2314,#2099,.T.);
#5056=EDGE_CURVE('',#2307,#2336,#2107,.T.);
#5058=EDGE_CURVE('',#2307,#2314,#2183,.T.);
#5062=ADVANCED_FACE('',(#5061),#5052,.T.);
#5068=EDGE_CURVE('',#2291,#2268,#2137,.T.);
#5072=EDGE_CURVE('',#2291,#2314,#2121,.T.);
#5076=ADVANCED_FACE('',(#5075),#5067,.T.);
#5082=EDGE_CURVE('',#2267,#2292,#2129,.T.);
#5086=EDGE_CURVE('',#2291,#2292,#2175,.T.);
#5090=ADVANCED_FACE('',(#5089),#5081,.T.);
#5097=EDGE_CURVE('',#2271,#2292,#2144,.T.);
#5099=EDGE_CURVE('',#2271,#2332,#2235,.T.);
#5104=ADVANCED_FACE('',(#5103),#5095,.T.);
#5110=EDGE_CURVE('',#2307,#2308,#2190,.T.);
#5112=EDGE_CURVE('',#2288,#2308,#2159,.T.);
#5114=EDGE_CURVE('',#2288,#2272,#2220,.T.);
#5116=EDGE_CURVE('',#2271,#2272,#2167,.T.);
#5124=ADVANCED_FACE('',(#5123),#5109,.T.);
#5142=EDGE_CURVE('',#2338,#2308,#2213,.T.);
#5149=ADVANCED_FACE('',(#5148),#5141,.T.);
#5155=EDGE_CURVE('',#2288,#2310,#2205,.T.);
#5162=ADVANCED_FACE('',(#5161),#5154,.T.);
#5168=EDGE_CURVE('',#2340,#2272,#2243,.T.);
#5175=ADVANCED_FACE('',(#5174),#5167,.T.);
#5187=ADVANCED_FACE('',(#5186),#5180,.T.);
#5188=CLOSED_SHELL('',(#2636,#2651,#2666,#2680,#2695,#2708,#2723,#2738,#2752,
#2764,#2780,#2795,#2810,#2824,#2836,#2851,#2866,#2881,#2895,#2908,#2920,#2935,
#2950,#2977,#3040,#3065,#3090,#3114,#3129,#3156,#3203,#3230,#3264,#3288,#3313,
#3338,#3366,#3394,#3422,#3447,#3474,#3521,#3548,#3594,#3618,#3643,#3668,#3693,
#3717,#3741,#3767,#3792,#3818,#3843,#3867,#3893,#3917,#3941,#3968,#4011,#4038,
#4064,#4089,#4129,#4154,#4179,#4203,#4227,#4255,#4281,#4324,#4351,#4377,#4402,
#4442,#4467,#4492,#4517,#4541,#4565,#4589,#4613,#4638,#4662,#4686,#4701,#4714,
#4730,#4757,#4770,#4828,#4843,#4857,#4891,#4917,#4930,#4943,#4955,#4968,#4981,
#4996,#5009,#5022,#5035,#5047,#5062,#5076,#5090,#5104,#5124,#5149,#5162,#5175,
#5187));
#5189=MANIFOLD_SOLID_BREP('',#5188);
#5198=(LENGTH_UNIT()NAMED_UNIT(*)SI_UNIT(.MILLI.,.METRE.));
#5199=(NAMED_UNIT(*)PLANE_ANGLE_UNIT()SI_UNIT($,.RADIAN.));
#5202=(NAMED_UNIT(*)SI_UNIT($,.STERADIAN.)SOLID_ANGLE_UNIT());
#5204=(GEOMETRIC_REPRESENTATION_CONTEXT(3)GLOBAL_UNCERTAINTY_ASSIGNED_CONTEXT((
#5203))GLOBAL_UNIT_ASSIGNED_CONTEXT((#5198,#5201,#5202))REPRESENTATION_CONTEXT(
'ID1','3'));
#5208=AXIS2_PLACEMENT_3D('',#5205,#5206,#5207);
#5209=ADVANCED_BREP_SHAPE_REPRESENTATION('',(#5208,#5189),#5204);
#5216=PRODUCT_DEFINITION('part definition','',#5215,#5212);
#5217=PRODUCT_DEFINITION_SHAPE('','SHAPE FOR NUT_AN.',#5216);
#5218=SHAPE_ASPECT('','solid data associated with NUT_AN',#5217,.F.);
#5219=PROPERTY_DEFINITION('',
'shape for solid data with which properties are associated',#5218);
#5220=SHAPE_REPRESENTATION('',(#5189),#5204);
#5221=SHAPE_DEFINITION_REPRESENTATION(#5219,#5220);
#5222=(LENGTH_UNIT()NAMED_UNIT(*)SI_UNIT(.MILLI.,.METRE.));
#5226=PROPERTY_DEFINITION('geometric validation property','area of NUT_AN',
#5218);
#5227=REPRESENTATION('surface area',(#5225),#5204);
#5228=PROPERTY_DEFINITION_REPRESENTATION(#5226,#5227);
#5229=(LENGTH_UNIT()NAMED_UNIT(*)SI_UNIT(.MILLI.,.METRE.));
#5233=PROPERTY_DEFINITION('geometric validation property','volume of NUT_AN',
#5218);
#5234=REPRESENTATION('volume',(#5232),#5204);
#5235=PROPERTY_DEFINITION_REPRESENTATION(#5233,#5234);
#5237=PROPERTY_DEFINITION('geometric validation property','centroid of NUT_AN',
#5218);
#5238=REPRESENTATION('centroid',(#5236),#5204);
#5239=PROPERTY_DEFINITION_REPRESENTATION(#5237,#5238);
#5240=(LENGTH_UNIT()NAMED_UNIT(*)SI_UNIT(.MILLI.,.METRE.));
#5244=PROPERTY_DEFINITION('geometric validation property','area of NUT_AN',
#5217);
#5245=REPRESENTATION('surface area',(#5243),#5204);
#5246=PROPERTY_DEFINITION_REPRESENTATION(#5244,#5245);
#5247=(LENGTH_UNIT()NAMED_UNIT(*)SI_UNIT(.MILLI.,.METRE.));
#5251=PROPERTY_DEFINITION('geometric validation property','volume of NUT_AN',
#5217);
#5252=REPRESENTATION('volume',(#5250),#5204);
#5253=PROPERTY_DEFINITION_REPRESENTATION(#5251,#5252);
#5255=PROPERTY_DEFINITION('geometric validation property','centroid of NUT_AN',
#5217);
#5256=REPRESENTATION('centroid',(#5254),#5204);
#5257=PROPERTY_DEFINITION_REPRESENTATION(#5255,#5256);
#5258=SHAPE_DEFINITION_REPRESENTATION(#5217,#5209);
#5259=SHAPE_DEFINITION_REPRESENTATION(#5260,#5261);
#5260=PRODUCT_DEFINITION_SHAPE('','SHAPE FOR LED_WD16D_ASM.',#6371);
#5261=SHAPE_REPRESENTATION('',(#5271,#6140,#6352,#6366),#6362);
#5262=NEXT_ASSEMBLY_USAGE_OCCURRENCE('0','Next assembly relationship','NUT_AN',
#6371,#5216,$);
#5263=PRODUCT_DEFINITION_SHAPE('Placement #0',
'Placement of NUT_AN with respect to LED_WD16D_ASM',#5262);
#5265=PROPERTY_DEFINITION('geometric validation property','centroid of NUT_AN',
#5263);
#5266=REPRESENTATION('centroid',(#5264),#5204);
#5267=PROPERTY_DEFINITION_REPRESENTATION(#5265,#5266);
#5287=B_SPLINE_CURVE_WITH_KNOTS('',3,(#5279,#5280,#5281,#5282,#5283,#5284,#5285,
#5286),.UNSPECIFIED.,.F.,.F.,(4,1,1,1,1,4),(0.E0,2.E-1,4.E-1,6.E-1,8.E-1,1.E0),
.UNSPECIFIED.);
#5296=B_SPLINE_CURVE_WITH_KNOTS('',3,(#5288,#5289,#5290,#5291,#5292,#5293,#5294,
#5295),.UNSPECIFIED.,.F.,.F.,(4,1,1,1,1,4),(0.E0,2.E-1,4.E-1,6.E-1,8.E-1,1.E0),
.UNSPECIFIED.);
#5309=B_SPLINE_CURVE_WITH_KNOTS('',3,(#5301,#5302,#5303,#5304,#5305,#5306,#5307,
#5308),.UNSPECIFIED.,.F.,.F.,(4,1,1,1,1,4),(0.E0,2.E-1,4.E-1,6.E-1,8.E-1,1.E0),
.UNSPECIFIED.);
#5318=B_SPLINE_CURVE_WITH_KNOTS('',3,(#5310,#5311,#5312,#5313,#5314,#5315,#5316,
#5317),.UNSPECIFIED.,.F.,.F.,(4,1,1,1,1,4),(0.E0,2.E-1,4.E-1,6.E-1,8.E-1,1.E0),
.UNSPECIFIED.);
#5331=B_SPLINE_CURVE_WITH_KNOTS('',3,(#5323,#5324,#5325,#5326,#5327,#5328,#5329,
#5330),.UNSPECIFIED.,.F.,.F.,(4,1,1,1,1,4),(0.E0,2.E-1,4.E-1,6.E-1,8.E-1,1.E0),
.UNSPECIFIED.);
#5340=B_SPLINE_CURVE_WITH_KNOTS('',3,(#5332,#5333,#5334,#5335,#5336,#5337,#5338,
#5339),.UNSPECIFIED.,.F.,.F.,(4,1,1,1,1,4),(0.E0,2.E-1,4.E-1,6.E-1,8.E-1,1.E0),
.UNSPECIFIED.);
#5353=B_SPLINE_CURVE_WITH_KNOTS('',3,(#5345,#5346,#5347,#5348,#5349,#5350,#5351,
#5352),.UNSPECIFIED.,.F.,.F.,(4,1,1,1,1,4),(0.E0,2.E-1,4.E-1,6.E-1,8.E-1,1.E0),
.UNSPECIFIED.);
#5362=B_SPLINE_CURVE_WITH_KNOTS('',3,(#5354,#5355,#5356,#5357,#5358,#5359,#5360,
#5361),.UNSPECIFIED.,.F.,.F.,(4,1,1,1,1,4),(0.E0,2.E-1,4.E-1,6.E-1,8.E-1,1.E0),
.UNSPECIFIED.);
#5375=B_SPLINE_CURVE_WITH_KNOTS('',3,(#5367,#5368,#5369,#5370,#5371,#5372,#5373,
#5374),.UNSPECIFIED.,.F.,.F.,(4,1,1,1,1,4),(0.E0,2.E-1,4.E-1,6.E-1,8.E-1,1.E0),
.UNSPECIFIED.);
#5384=B_SPLINE_CURVE_WITH_KNOTS('',3,(#5376,#5377,#5378,#5379,#5380,#5381,#5382,
#5383),.UNSPECIFIED.,.F.,.F.,(4,1,1,1,1,4),(0.E0,2.E-1,4.E-1,6.E-1,8.E-1,1.E0),
.UNSPECIFIED.);
#5397=B_SPLINE_CURVE_WITH_KNOTS('',3,(#5389,#5390,#5391,#5392,#5393,#5394,#5395,
#5396),.UNSPECIFIED.,.F.,.F.,(4,1,1,1,1,4),(0.E0,2.E-1,4.E-1,6.E-1,8.E-1,1.E0),
.UNSPECIFIED.);
#5406=B_SPLINE_CURVE_WITH_KNOTS('',3,(#5398,#5399,#5400,#5401,#5402,#5403,#5404,
#5405),.UNSPECIFIED.,.F.,.F.,(4,1,1,1,1,4),(0.E0,2.E-1,4.E-1,6.E-1,8.E-1,1.E0),
.UNSPECIFIED.);
#5411=CIRCLE('',#5410,9.5E0);
#5416=CIRCLE('',#5415,9.5E0);
#5421=CIRCLE('',#5420,9.5E0);
#5426=CIRCLE('',#5425,9.5E0);
#5431=CIRCLE('',#5430,9.5E0);
#5436=CIRCLE('',#5435,9.5E0);
#5441=CIRCLE('',#5440,8.25E0);
#5446=CIRCLE('',#5445,8.25E0);
#5451=CIRCLE('',#5450,7.5E0);
#5472=CIRCLE('',#5471,7.5E0);
#5477=CIRCLE('',#5476,7.5E0);
#5486=CIRCLE('',#5485,9.5E0);
#5491=CIRCLE('',#5490,9.5E0);
#5496=CIRCLE('',#5495,9.5E0);
#5501=CIRCLE('',#5500,9.5E0);
#5506=CIRCLE('',#5505,9.5E0);
#5511=CIRCLE('',#5510,9.5E0);
#5516=CIRCLE('',#5515,8.25E0);
#5521=CIRCLE('',#5520,8.25E0);
#5530=B_SPLINE_CURVE_WITH_KNOTS('',3,(#5522,#5523,#5524,#5525,#5526,#5527,#5528,
#5529),.UNSPECIFIED.,.F.,.F.,(4,1,1,1,1,4),(0.E0,2.E-1,4.E-1,6.E-1,8.E-1,1.E0),
.UNSPECIFIED.);
#5539=B_SPLINE_CURVE_WITH_KNOTS('',3,(#5531,#5532,#5533,#5534,#5535,#5536,#5537,
#5538),.UNSPECIFIED.,.F.,.F.,(4,1,1,1,1,4),(0.E0,2.E-1,4.E-1,6.E-1,8.E-1,1.E0),
.UNSPECIFIED.);
#5548=B_SPLINE_CURVE_WITH_KNOTS('',3,(#5540,#5541,#5542,#5543,#5544,#5545,#5546,
#5547),.UNSPECIFIED.,.F.,.F.,(4,1,1,1,1,4),(0.E0,2.E-1,4.E-1,6.E-1,8.E-1,1.E0),
.UNSPECIFIED.);
#5557=B_SPLINE_CURVE_WITH_KNOTS('',3,(#5549,#5550,#5551,#5552,#5553,#5554,#5555,
#5556),.UNSPECIFIED.,.F.,.F.,(4,1,1,1,1,4),(0.E0,2.E-1,4.E-1,6.E-1,8.E-1,1.E0),
.UNSPECIFIED.);
#5566=B_SPLINE_CURVE_WITH_KNOTS('',3,(#5558,#5559,#5560,#5561,#5562,#5563,#5564,
#5565),.UNSPECIFIED.,.F.,.F.,(4,1,1,1,1,4),(0.E0,2.E-1,4.E-1,6.E-1,8.E-1,1.E0),
.UNSPECIFIED.);
#5575=B_SPLINE_CURVE_WITH_KNOTS('',3,(#5567,#5568,#5569,#5570,#5571,#5572,#5573,
#5574),.UNSPECIFIED.,.F.,.F.,(4,1,1,1,1,4),(0.E0,2.E-1,4.E-1,6.E-1,8.E-1,1.E0),
.UNSPECIFIED.);
#5584=B_SPLINE_CURVE_WITH_KNOTS('',3,(#5576,#5577,#5578,#5579,#5580,#5581,#5582,
#5583),.UNSPECIFIED.,.F.,.F.,(4,1,1,1,1,4),(0.E0,2.E-1,4.E-1,6.E-1,8.E-1,1.E0),
.UNSPECIFIED.);
#5593=B_SPLINE_CURVE_WITH_KNOTS('',3,(#5585,#5586,#5587,#5588,#5589,#5590,#5591,
#5592),.UNSPECIFIED.,.F.,.F.,(4,1,1,1,1,4),(0.E0,2.E-1,4.E-1,6.E-1,8.E-1,1.E0),
.UNSPECIFIED.);
#5602=B_SPLINE_CURVE_WITH_KNOTS('',3,(#5594,#5595,#5596,#5597,#5598,#5599,#5600,
#5601),.UNSPECIFIED.,.F.,.F.,(4,1,1,1,1,4),(0.E0,2.E-1,4.E-1,6.E-1,8.E-1,1.E0),
.UNSPECIFIED.);
#5611=B_SPLINE_CURVE_WITH_KNOTS('',3,(#5603,#5604,#5605,#5606,#5607,#5608,#5609,
#5610),.UNSPECIFIED.,.F.,.F.,(4,1,1,1,1,4),(0.E0,2.E-1,4.E-1,6.E-1,8.E-1,1.E0),
.UNSPECIFIED.);
#5620=B_SPLINE_CURVE_WITH_KNOTS('',3,(#5612,#5613,#5614,#5615,#5616,#5617,#5618,
#5619),.UNSPECIFIED.,.F.,.F.,(4,1,1,1,1,4),(0.E0,2.E-1,4.E-1,6.E-1,8.E-1,1.E0),
.UNSPECIFIED.);
#5629=B_SPLINE_CURVE_WITH_KNOTS('',3,(#5621,#5622,#5623,#5624,#5625,#5626,#5627,
#5628),.UNSPECIFIED.,.F.,.F.,(4,1,1,1,1,4),(0.E0,2.E-1,4.E-1,6.E-1,8.E-1,1.E0),
.UNSPECIFIED.);
#5638=CIRCLE('',#5637,7.5E0);
#5694=EDGE_CURVE('',#5665,#5666,#5296,.T.);
#5696=EDGE_CURVE('',#5666,#5664,#5406,.T.);
#5698=EDGE_CURVE('',#5663,#5664,#5278,.T.);
#5700=EDGE_CURVE('',#5663,#5650,#5611,.T.);
#5702=EDGE_CURVE('',#5650,#5676,#5593,.T.);
#5704=EDGE_CURVE('',#5676,#5665,#5300,.T.);
#5708=ADVANCED_FACE('',(#5707),#5693,.F.);
#5714=EDGE_CURVE('',#5680,#5665,#5287,.T.);
#5716=EDGE_CURVE('',#5680,#5666,#5421,.T.);
#5721=ADVANCED_FACE('',(#5720),#5713,.T.);
#5727=EDGE_CURVE('',#5678,#5680,#5318,.T.);
#5731=EDGE_CURVE('',#5676,#5652,#5584,.T.);
#5733=EDGE_CURVE('',#5652,#5681,#5575,.T.);
#5735=EDGE_CURVE('',#5681,#5678,#5322,.T.);
#5739=ADVANCED_FACE('',(#5738),#5726,.F.);
#5745=EDGE_CURVE('',#5640,#5678,#5309,.T.);
#5747=EDGE_CURVE('',#5640,#5680,#5426,.T.);
#5752=ADVANCED_FACE('',(#5751),#5744,.T.);
#5758=EDGE_CURVE('',#5639,#5640,#5340,.T.);
#5762=EDGE_CURVE('',#5681,#5645,#5566,.T.);
#5764=EDGE_CURVE('',#5645,#5677,#5557,.T.);
#5766=EDGE_CURVE('',#5677,#5639,#5344,.T.);
#5770=ADVANCED_FACE('',(#5769),#5757,.F.);
#5776=EDGE_CURVE('',#5684,#5639,#5331,.T.);
#5778=EDGE_CURVE('',#5684,#5640,#5431,.T.);
#5783=ADVANCED_FACE('',(#5782),#5775,.T.);
#5789=EDGE_CURVE('',#5688,#5684,#5362,.T.);
#5793=EDGE_CURVE('',#5677,#5646,#5548,.T.);
#5795=EDGE_CURVE('',#5646,#5682,#5530,.T.);
#5797=EDGE_CURVE('',#5682,#5688,#5366,.T.);
#5801=ADVANCED_FACE('',(#5800),#5788,.F.);
#5807=EDGE_CURVE('',#5642,#5688,#5353,.T.);
#5809=EDGE_CURVE('',#5642,#5684,#5436,.T.);
#5814=ADVANCED_FACE('',(#5813),#5806,.T.);
#5820=EDGE_CURVE('',#5641,#5642,#5384,.T.);
#5824=EDGE_CURVE('',#5682,#5674,#5539,.T.);
#5826=EDGE_CURVE('',#5674,#5675,#5620,.T.);
#5828=EDGE_CURVE('',#5675,#5641,#5388,.T.);
#5832=ADVANCED_FACE('',(#5831),#5819,.F.);
#5838=EDGE_CURVE('',#5683,#5641,#5375,.T.);
#5840=EDGE_CURVE('',#5683,#5642,#5411,.T.);
#5845=ADVANCED_FACE('',(#5844),#5837,.T.);
#5851=EDGE_CURVE('',#5664,#5683,#5397,.T.);
#5855=EDGE_CURVE('',#5675,#5649,#5629,.T.);
#5857=EDGE_CURVE('',#5649,#5663,#5602,.T.);
#5862=ADVANCED_FACE('',(#5861),#5850,.F.);
#5870=EDGE_CURVE('',#5666,#5683,#5416,.T.);
#5874=ADVANCED_FACE('',(#5873),#5867,.T.);
#5888=EDGE_CURVE('',#5655,#5656,#5441,.T.);
#5890=EDGE_CURVE('',#5656,#5655,#5446,.T.);
#5894=ADVANCED_FACE('',(#5887,#5893),#5879,.T.);
#5900=EDGE_CURVE('',#5658,#5660,#5451,.T.);
#5902=EDGE_CURVE('',#5655,#5658,#5455,.T.);
#5905=EDGE_CURVE('',#5656,#5660,#5633,.T.);
#5909=ADVANCED_FACE('',(#5908),#5899,.F.);
#5916=EDGE_CURVE('',#5672,#5660,#5459,.T.);
#5918=EDGE_CURVE('',#5672,#5686,#5477,.T.);
#5920=EDGE_CURVE('',#5686,#5658,#5463,.T.);
#5924=ADVANCED_FACE('',(#5923),#5914,.F.);
#5931=EDGE_CURVE('',#5686,#5672,#5472,.T.);
#5934=EDGE_CURVE('',#5660,#5658,#5638,.T.);
#5938=ADVANCED_FACE('',(#5937),#5929,.F.);
#5944=EDGE_CURVE('',#5669,#5686,#5467,.T.);
#5946=EDGE_CURVE('',#5669,#5670,#5516,.T.);
#5948=EDGE_CURVE('',#5670,#5672,#5481,.T.);
#5953=ADVANCED_FACE('',(#5952),#5943,.F.);
#5961=EDGE_CURVE('',#5670,#5669,#5521,.T.);
#5966=ADVANCED_FACE('',(#5965),#5958,.F.);
#5972=EDGE_CURVE('',#5646,#5674,#5486,.T.);
#5974=EDGE_CURVE('',#5645,#5646,#5491,.T.);
#5976=EDGE_CURVE('',#5652,#5645,#5496,.T.);
#5978=EDGE_CURVE('',#5650,#5652,#5501,.T.);
#5980=EDGE_CURVE('',#5649,#5650,#5506,.T.);
#5982=EDGE_CURVE('',#5674,#5649,#5511,.T.);
#5990=ADVANCED_FACE('',(#5985,#5989),#5971,.F.);
#6001=ADVANCED_FACE('',(#6000),#5995,.T.);
#6012=ADVANCED_FACE('',(#6011),#6006,.T.);
#6023=ADVANCED_FACE('',(#6022),#6017,.T.);
#6034=ADVANCED_FACE('',(#6033),#6028,.T.);
#6045=ADVANCED_FACE('',(#6044),#6039,.T.);
#6056=ADVANCED_FACE('',(#6055),#6050,.T.);
#6068=ADVANCED_FACE('',(#6067),#6061,.F.);
#6069=CLOSED_SHELL('',(#5708,#5721,#5739,#5752,#5770,#5783,#5801,#5814,#5832,
#5845,#5862,#5874,#5894,#5909,#5924,#5938,#5953,#5966,#5990,#6001,#6012,#6023,
#6034,#6045,#6056,#6068));
#6070=MANIFOLD_SOLID_BREP('',#6069);
#6073=(LENGTH_UNIT()NAMED_UNIT(*)SI_UNIT(.MILLI.,.METRE.));
#6074=(NAMED_UNIT(*)PLANE_ANGLE_UNIT()SI_UNIT($,.RADIAN.));
#6077=(NAMED_UNIT(*)SI_UNIT($,.STERADIAN.)SOLID_ANGLE_UNIT());
#6079=(GEOMETRIC_REPRESENTATION_CONTEXT(3)GLOBAL_UNCERTAINTY_ASSIGNED_CONTEXT((
#6078))GLOBAL_UNIT_ASSIGNED_CONTEXT((#6073,#6076,#6077))REPRESENTATION_CONTEXT(
'ID2','3'));
#6083=AXIS2_PLACEMENT_3D('',#6080,#6081,#6082);
#6084=ADVANCED_BREP_SHAPE_REPRESENTATION('',(#6083,#6070),#6079);
#6088=PRODUCT_DEFINITION('part definition','',#6087,#5212);
#6089=PRODUCT_DEFINITION_SHAPE('','SHAPE FOR DAI_OC.',#6088);
#6090=SHAPE_ASPECT('','solid data associated with DAI_OC',#6089,.F.);
#6091=PROPERTY_DEFINITION('',
'shape for solid data with which properties are associated',#6090);
#6092=SHAPE_REPRESENTATION('',(#6070),#6079);
#6093=SHAPE_DEFINITION_REPRESENTATION(#6091,#6092);
#6094=(LENGTH_UNIT()NAMED_UNIT(*)SI_UNIT(.MILLI.,.METRE.));
#6098=PROPERTY_DEFINITION('geometric validation property','area of DAI_OC',
#6090);
#6099=REPRESENTATION('surface area',(#6097),#6079);
#6100=PROPERTY_DEFINITION_REPRESENTATION(#6098,#6099);
#6101=(LENGTH_UNIT()NAMED_UNIT(*)SI_UNIT(.MILLI.,.METRE.));
#6105=PROPERTY_DEFINITION('geometric validation property','volume of DAI_OC',
#6090);
#6106=REPRESENTATION('volume',(#6104),#6079);
#6107=PROPERTY_DEFINITION_REPRESENTATION(#6105,#6106);
#6109=PROPERTY_DEFINITION('geometric validation property','centroid of DAI_OC',
#6090);
#6110=REPRESENTATION('centroid',(#6108),#6079);
#6111=PROPERTY_DEFINITION_REPRESENTATION(#6109,#6110);
#6112=(LENGTH_UNIT()NAMED_UNIT(*)SI_UNIT(.MILLI.,.METRE.));
#6116=PROPERTY_DEFINITION('geometric validation property','area of DAI_OC',
#6089);
#6117=REPRESENTATION('surface area',(#6115),#6079);
#6118=PROPERTY_DEFINITION_REPRESENTATION(#6116,#6117);
#6119=(LENGTH_UNIT()NAMED_UNIT(*)SI_UNIT(.MILLI.,.METRE.));
#6123=PROPERTY_DEFINITION('geometric validation property','volume of DAI_OC',
#6089);
#6124=REPRESENTATION('volume',(#6122),#6079);
#6125=PROPERTY_DEFINITION_REPRESENTATION(#6123,#6124);
#6127=PROPERTY_DEFINITION('geometric validation property','centroid of DAI_OC',
#6089);
#6128=REPRESENTATION('centroid',(#6126),#6079);
#6129=PROPERTY_DEFINITION_REPRESENTATION(#6127,#6128);
#6130=SHAPE_DEFINITION_REPRESENTATION(#6089,#6084);
#6131=NEXT_ASSEMBLY_USAGE_OCCURRENCE('1','Next assembly relationship','DAI_OC',
#6371,#6088,$);
#6132=PRODUCT_DEFINITION_SHAPE('Placement #1',
'Placement of DAI_OC with respect to LED_WD16D_ASM',#6131);
#6134=PROPERTY_DEFINITION('geometric validation property','centroid of DAI_OC',
#6132);
#6135=REPRESENTATION('centroid',(#6133),#6079);
#6136=PROPERTY_DEFINITION_REPRESENTATION(#6134,#6135);
#6144=COLOUR_RGB('',5.88235E-1,5.68627E-1,5.4902E-1);
#6150=CIRCLE('',#6149,9.15E0);
#6158=CIRCLE('',#6157,6.5E-1);
#6166=CIRCLE('',#6165,6.5E-1);
#6174=CIRCLE('',#6173,7.85E0);
#6182=CIRCLE('',#6181,6.5E-1);
#6190=CIRCLE('',#6189,7.85E0);
#6198=CIRCLE('',#6197,9.15E0);
#6206=CIRCLE('',#6205,6.5E-1);
#6223=EDGE_CURVE('',#6213,#6217,#6150,.T.);
#6225=EDGE_CURVE('',#6213,#6212,#6206,.T.);
#6227=EDGE_CURVE('',#6212,#6215,#6174,.T.);
#6229=EDGE_CURVE('',#6217,#6215,#6158,.T.);
#6233=ADVANCED_FACE('',(#6232),#6222,.T.);
#6239=EDGE_CURVE('',#6215,#6217,#6166,.T.);
#6242=EDGE_CURVE('',#6212,#6213,#6182,.T.);
#6247=ADVANCED_FACE('',(#6246),#6238,.T.);
#6254=EDGE_CURVE('',#6215,#6212,#6190,.T.);
#6257=EDGE_CURVE('',#6217,#6213,#6198,.T.);
#6261=ADVANCED_FACE('',(#6260),#6252,.T.);
#6273=ADVANCED_FACE('',(#6272),#6266,.T.);
#6274=CLOSED_SHELL('',(#6233,#6247,#6261,#6273));
#6275=MANIFOLD_SOLID_BREP('',#6274);
#6284=(LENGTH_UNIT()NAMED_UNIT(*)SI_UNIT(.MILLI.,.METRE.));
#6285=(NAMED_UNIT(*)PLANE_ANGLE_UNIT()SI_UNIT($,.RADIAN.));
#6288=(NAMED_UNIT(*)SI_UNIT($,.STERADIAN.)SOLID_ANGLE_UNIT());
#6290=(GEOMETRIC_REPRESENTATION_CONTEXT(3)GLOBAL_UNCERTAINTY_ASSIGNED_CONTEXT((
#6289))GLOBAL_UNIT_ASSIGNED_CONTEXT((#6284,#6287,#6288))REPRESENTATION_CONTEXT(
'ID3','3'));
#6294=AXIS2_PLACEMENT_3D('',#6291,#6292,#6293);
#6295=ADVANCED_BREP_SHAPE_REPRESENTATION('',(#6294,#6275),#6290);
#6300=PRODUCT_DEFINITION('part definition','',#6299,#6296);
#6301=PRODUCT_DEFINITION_SHAPE('','SHAPE FOR VONG_DEM.',#6300);
#6302=SHAPE_ASPECT('','solid data associated with VONG_DEM',#6301,.F.);
#6303=PROPERTY_DEFINITION('',
'shape for solid data with which properties are associated',#6302);
#6304=SHAPE_REPRESENTATION('',(#6275),#6290);
#6305=SHAPE_DEFINITION_REPRESENTATION(#6303,#6304);
#6306=(LENGTH_UNIT()NAMED_UNIT(*)SI_UNIT(.MILLI.,.METRE.));
#6310=PROPERTY_DEFINITION('geometric validation property','area of VONG_DEM',
#6302);
#6311=REPRESENTATION('surface area',(#6309),#6290);
#6312=PROPERTY_DEFINITION_REPRESENTATION(#6310,#6311);
#6313=(LENGTH_UNIT()NAMED_UNIT(*)SI_UNIT(.MILLI.,.METRE.));
#6317=PROPERTY_DEFINITION('geometric validation property','volume of VONG_DEM',
#6302);
#6318=REPRESENTATION('volume',(#6316),#6290);
#6319=PROPERTY_DEFINITION_REPRESENTATION(#6317,#6318);
#6321=PROPERTY_DEFINITION('geometric validation property',
'centroid of VONG_DEM',#6302);
#6322=REPRESENTATION('centroid',(#6320),#6290);
#6323=PROPERTY_DEFINITION_REPRESENTATION(#6321,#6322);
#6324=(LENGTH_UNIT()NAMED_UNIT(*)SI_UNIT(.MILLI.,.METRE.));
#6328=PROPERTY_DEFINITION('geometric validation property','area of VONG_DEM',
#6301);
#6329=REPRESENTATION('surface area',(#6327),#6290);
#6330=PROPERTY_DEFINITION_REPRESENTATION(#6328,#6329);
#6331=(LENGTH_UNIT()NAMED_UNIT(*)SI_UNIT(.MILLI.,.METRE.));
#6335=PROPERTY_DEFINITION('geometric validation property','volume of VONG_DEM',
#6301);
#6336=REPRESENTATION('volume',(#6334),#6290);
#6337=PROPERTY_DEFINITION_REPRESENTATION(#6335,#6336);
#6339=PROPERTY_DEFINITION('geometric validation property',
'centroid of VONG_DEM',#6301);
#6340=REPRESENTATION('centroid',(#6338),#6290);
#6341=PROPERTY_DEFINITION_REPRESENTATION(#6339,#6340);
#6342=SHAPE_DEFINITION_REPRESENTATION(#6301,#6295);
#6343=NEXT_ASSEMBLY_USAGE_OCCURRENCE('2','Next assembly relationship',
'VONG_DEM',#6371,#6300,$);
#6344=PRODUCT_DEFINITION_SHAPE('Placement #2',
'Placement of VONG_DEM with respect to LED_WD16D_ASM',#6343);
#6346=PROPERTY_DEFINITION('geometric validation property',
'centroid of VONG_DEM',#6344);
#6347=REPRESENTATION('centroid',(#6345),#6290);
#6348=PROPERTY_DEFINITION_REPRESENTATION(#6346,#6347);
#6356=(LENGTH_UNIT()NAMED_UNIT(*)SI_UNIT(.MILLI.,.METRE.));
#6357=(NAMED_UNIT(*)PLANE_ANGLE_UNIT()SI_UNIT($,.RADIAN.));
#6360=(NAMED_UNIT(*)SI_UNIT($,.STERADIAN.)SOLID_ANGLE_UNIT());
#6362=(GEOMETRIC_REPRESENTATION_CONTEXT(3)GLOBAL_UNCERTAINTY_ASSIGNED_CONTEXT((
#6361))GLOBAL_UNIT_ASSIGNED_CONTEXT((#6356,#6359,#6360))REPRESENTATION_CONTEXT(
'ID4','3'));
#6366=AXIS2_PLACEMENT_3D('',#6363,#6364,#6365);
#6371=PRODUCT_DEFINITION('part definition','',#6370,#6296);
#6372=(LENGTH_UNIT()NAMED_UNIT(*)SI_UNIT(.MILLI.,.METRE.));
#6376=PROPERTY_DEFINITION('geometric validation property',
'area of LED_WD16D_ASM',#5260);
#6377=REPRESENTATION('surface area',(#6375),#6362);
#6378=PROPERTY_DEFINITION_REPRESENTATION(#6376,#6377);
#6379=(LENGTH_UNIT()NAMED_UNIT(*)SI_UNIT(.MILLI.,.METRE.));
#6383=PROPERTY_DEFINITION('geometric validation property',
'volume of LED_WD16D_ASM',#5260);
#6384=REPRESENTATION('volume',(#6382),#6362);
#6385=PROPERTY_DEFINITION_REPRESENTATION(#6383,#6384);
#6387=PROPERTY_DEFINITION('geometric validation property',
'centroid of LED_WD16D_ASM',#5260);
#6388=REPRESENTATION('centroid',(#6386),#6362);
#6389=PROPERTY_DEFINITION_REPRESENTATION(#6387,#6388);
ENDSEC;
END-ISO-10303-21;
